provincia,municipio,distrito_municipal,recinto_nombre,recinto_direccion,sector,colegios_lista
DISTRITO NACIONAL,DISTRITO NACIONAL,DISTRITO NACIONAL,COLEGIO ADVENTISTA LA FE,STA. RITA EDIF. 6 APT. 2 M,AGUA DULCE (PARTE DEL 27 DE FEBRERO),"0662,0662A,0663,0663A,1542"
DISTRITO NACIONAL,DISTRITO NACIONAL,DISTRITO NACIONAL,ESCUELA DOMINGO SAVIO,AV. FCO. DEL R. SANCHEZ,AGUA DULCE (PARTE DEL 27 DE FEBRERO)z,"0654,0654A,0654B,0654C,0654D,0654E,0654F,0655,0655A,0655B,0656,0656A,0657,0657A,0658,0658A,0659,0659A,0660,0660A,0661,0661A,0664,0664A,0665,0665A,0666,0666A,0667,0667A,0668,0668A,0669,0669A,0671,0671A,0677,0677A,0677B,1843,1855"
DISTRITO NACIONAL,DISTRITO NACIONAL,DISTRITO NACIONAL,"CRUZ ROJA DOMINICANA, ESTA- CION EL BOMBERITO",CALLE 11-A/PEDRO E. MONTAS,LOS GUANDULES,"0684,0684A,0687,0687A"
DISTRITO NACIONAL,DISTRITO NACIONAL,DISTRITO NACIONAL,COLEGIO MADRE MAZZARELLO,CALLE MANUELA DIEZ NO. 76 ESQ. CALLE ALBERT THOMAS,MEJORAMIENTO SOCIAL,"0635,0635A,0642,0642A,1740,1856"
DISTRITO NACIONAL,DISTRITO NACIONAL,DISTRITO NACIONAL,ESCUELA REPUBLICA DE HON- DURAS,ALBERT THOMAS/FEDERICO V.,MARIA AUXILIADORA,"0609,0609A,0610,0610A,0611,0611A,0618,0618A,0619,0619A,0629,0629A,0630,0630A,0631,0631A,0632,0633,0634,0634A,0636,0636A,0637,0637A,0638,0638A,0639,0639A,0640,0640A,0641,0678,0678A"
DISTRITO NACIONAL,DISTRITO NACIONAL,DISTRITO NACIONAL,BIBLIOTECA PUBLICA FROILAN TAVAREZ HIJO,TTE. AMADO GARCIA NO.155,MEJORAMIENTO SOCIAL,"0594,0595,0595A"
DISTRITO NACIONAL,DISTRITO NACIONAL,DISTRITO NACIONAL,INSTITUTO DERMATOLOGICO DR. HUBERTO BOGAERT DIAZ,CALLE FEDERICO VELAZQUEZ ESQ. CALLE ALBERT THOMAS,MEJORAMIENTO SOCIAL,"0606,0606A,0607,0607A"
DISTRITO NACIONAL,DISTRITO NACIONAL,DISTRITO NACIONAL,INSTITUTO TECNICO SALESIANO,ALBERT THOMAS NO.66,MEJORAMIENTO SOCIAL,"0621,0621A,0622,0622A,0623,0623A,0624,0624A,0625,0625A,0626,0626A,0627,0627A,0628,0628A"
DISTRITO NACIONAL,DISTRITO NACIONAL,DISTRITO NACIONAL,ORATORIO MARIA AUXILIADORA,M. DIEZ/ALBERT THOMAS,MEJORAMIENTO SOCIAL,"0596,0596A,0598,0599,0600,0600A,0601,0601A,0602,0602A,0603,0604,0605,0605A,0620,0620A,1741,1857"
DISTRITO NACIONAL,DISTRITO NACIONAL,DISTRITO NACIONAL,CLUB DEP. CULT. RAFAEL L. SOLANO,FRANK DIAZ 10,SAN MARTIN DE POR- RES (GUACHUPITA),"0646,0646A,0647,0647A,0653,0653A"
DISTRITO NACIONAL,DISTRITO NACIONAL,DISTRITO NACIONAL,ESCUELA PRIM. SAN MARTIN DE PORRES,CALLE HERMANAS MIRABAL ESQ. ASCANO PEREZ,SAN MARTIN DE POR- RES (GUACHUPITA),"0643,0643A,0644,0644A,0644B,0645,0645A,0648,0648A,0649,0649A"
DISTRITO NACIONAL,DISTRITO NACIONAL,DISTRITO NACIONAL,CLUB MAURICIO BAEZ,MAURICIO BAEZ 175,VILLA JUANA,"0527,0527A,0527B,0528,0528A,0528B,0528C,1743,1837,1892,2015"
DISTRITO NACIONAL,DISTRITO NACIONAL,DISTRITO NACIONAL,CONF. AUTONOMA SIND. CLASISTA CASC,JUAN ERAZO NO.39,VILLA JUANA,"0502,0503,0504,0505,0506,0514,0526,0526A"
DISTRITO NACIONAL,DISTRITO NACIONAL,DISTRITO NACIONAL,ESCUELA CLUB MAURICIO BAEZ,MAURICIO BAEZ 162,VILLA JUANA,"0520,0520A,0521,0521A,0538,0538A,0539,0539A,0540,0540A"
DISTRITO NACIONAL,DISTRITO NACIONAL,DISTRITO NACIONAL,ESCUELA BASICA REPUBLICA DE NICARAGUA,PEÑA BATLLE/MOCA,VILLA JUANA,"0479,0479A,0480,0480A,0481,0481A,0481B,0482,0483,0484,0522,0522A,0523,0523A,0524,0525"
DISTRITO NACIONAL,DISTRITO NACIONAL,DISTRITO NACIONAL,ESCUELA CAPILLA NUESTRA SEÑORA DE LA ALTAGRACIA,LUIS REYES ACOSTA NO.111,27 DE FEBRERO,"0679,0679A,0679B,0680,0680A,0685,0685A,0686,0686A,0688,0688A,1744,1930"
DISTRITO NACIONAL,DISTRITO NACIONAL,DISTRITO NACIONAL,ESCUELA PRIMARIA MARIA AUXIL- IADORA,"21 DE ENERO, LOMA DEL CHIVO",27 DE FEBRERO,"0689,0689A,0690,0690A"
DISTRITO NACIONAL,DISTRITO NACIONAL,DISTRITO NACIONAL,ESCUELA PRIMARIA REPUBLICA DE ARUBA,"CALLE RESPALDO 42 NO. 2, EL CALICHE DE CRISTO REY",EL CALICHE DE CRISTO REY,"1448,1448A,1450,1450A,1537,1538"
DISTRITO NACIONAL,DISTRITO NACIONAL,DISTRITO NACIONAL,ESCUELA PARROQUIAL CRISTO REY,PROLONGACION AVENIDA TIRADENTES NO. 77,LA AGUSTINA,"0356,0356A,0357,0357A,0358,0358A,0359,0359A,0360,0360A,1745"
DISTRITO NACIONAL,DISTRITO NACIONAL,DISTRITO NACIONAL,LICEO BENITO JUAREZ,AVE. NICOLAS DE OVANDO NO. 485,CRISTO REY,"0373,0373A,0386,0386A,0387,0387A,0388,0389,1290,1290A,1291,1291A,1346,1346A,1412,1412A,1539,1799,1858,2016"
DISTRITO NACIONAL,DISTRITO NACIONAL,DISTRITO NACIONAL,INSTITUTO POLITECNICO CARDE- NAL SANCHA,AV. MAXIMO GOMEZ/AV. DE LOS MARTIRES,VILLAS AGRICOLAS,"0573,0573A,0574,0574A,0575,0575A,0576,0576A,0577,0577A"
DISTRITO NACIONAL,DISTRITO NACIONAL,DISTRITO NACIONAL,COLEGIO DOMINICANO DE LA SALLE,AVENIDA BOLIVAR NO. 807,LA ESPERILLA,"0190,0190A,0191,0191A,0192,0192A,0193,0193A,0193B,1505,1791,1859,1932,2017"
DISTRITO NACIONAL,DISTRITO NACIONAL,DISTRITO NACIONAL,ESCUELA BASICA PROF. JUAN BOSCH,AVENIDA LA VEGA REAL NO. 341,NUEVO ARROYO HONDO,"0374,0374A,0375,0376,0376A,0377,0377A,0378,0378A,0379,0379A,0380,0380A,0380B,1838,1890"
DISTRITO NACIONAL,DISTRITO NACIONAL,DISTRITO NACIONAL,COLEGIO SAN ELIAS PROFETA,HNOS. PINZON/P. L. CEDEÑO,LUPERON,"0475,0549,0549A,0720,0720A,0721,0721A,0722"
DISTRITO NACIONAL,DISTRITO NACIONAL,DISTRITO NACIONAL,ESCUELA PRIMARIA PALACIO ESCOLAR ESPAÑA,C. MARIA MONTEZ ESQ.30,VILLAS AGRICOLAS,"0550,0550A,0551,0551A,0552,0552A,0552B,0553,0553A,0554,0555,0555A,0556,0556A,0557,0557A,0558,0558A,0560,0560A,0561,0561A,0562,0562A,0563,0563A"
DISTRITO NACIONAL,DISTRITO NACIONAL,DISTRITO NACIONAL,ESCUELA PUBLICA SANTA MAR- THA,CALLE RAMON CACERES NO. 159,"LAS FLORES, CRISTO REY","0400,0400A,0401,0401A,0402,0402A,0406,0406A,0407,1292,1293,1293A"
DISTRITO NACIONAL,DISTRITO NACIONAL,DISTRITO NACIONAL,CLUB DEPORTIVO Y CULTURAL LOS CACHORROS,ORTEGA Y GASSET/OVANDO,CRISTO REY,"0396,0396A,0397,0397A,0404,0404A,0404B,0404C,0405,0405A,1800,1860"
DISTRITO NACIONAL,DISTRITO NACIONAL,DISTRITO NACIONAL,SEM. PONTIFICIO SANTO TOMAS DE AQUINO,AV. SARASOTA ESQ. NUÑEZ DE CACERES,EL MIRADOR SUR,"0273,0273A,0274,0274A,0274B,0275,0275A,0275B,0276,0276A,0277,0277A,0277B,1352,1352A,1352B,1520"
DISTRITO NACIONAL,DISTRITO NACIONAL,DISTRITO NACIONAL,ESCUELA PRIMARIA URB. GRAL ENRIQUE JIMENEZ MOYA,CALLE INTERIOR B ESQ. A,MATA HAMBRE,"1371,1371A,1508,1893"
DISTRITO NACIONAL,DISTRITO NACIONAL,DISTRITO NACIONAL,ORIENTACION PARA LA JOVEN,AVENIDA CORREA Y CIDRON ESQ. INTERIOR A,MATA HAMBRE,"0214,0214A,0215,0215A,0215B"
DISTRITO NACIONAL,DISTRITO NACIONAL,DISTRITO NACIONAL,SUBCENTRO SANITARIO DE SALUD,CALLE INTERIOR H NO.13,MATA HAMBRE,"0220,0220A"
DISTRITO NACIONAL,DISTRITO NACIONAL,DISTRITO NACIONAL,COLEGIO SANTA RITA,CALLE 37 NO 40,CRISTO REY,"0390,0390A,0391,0391A,0392,0392A,0392B,0393,0393A,0394,0394A,0395,0395A"
DISTRITO NACIONAL,DISTRITO NACIONAL,DISTRITO NACIONAL,INSTITUTO POLITECNICO ANGE- LES CUSTODIO,CALLE 47 ESQ. SAN J. DE LA MAGUANA,CRISTO REY,"0367,0367A,0368,0368A,0368B,0369,0369A,0370,0370A,0371,0371A,0372,0372A,1792,1834,1861"
DISTRITO NACIONAL,DISTRITO NACIONAL,DISTRITO NACIONAL,COLEGIO UTESIANO DE ESTUDIOS INTEGRADOS CUEI - UT,CALLE TRINITARIA NO.2,SAN CARLOS,"0041,0042,0043,0044,0044A,0045,0045A,0057,0057A,0058,0058A,0085,0094,0095,0095A"
DISTRITO NACIONAL,DISTRITO NACIONAL,DISTRITO NACIONAL,CUERPO DE BOMBEROS DEL DISTRITO NACIONAL,AV. MELLA/E. PRUD-HOMME,SAN CARLOS,"0037,0037A,0038,0038A,0039,0039A,0040,0040A"
DISTRITO NACIONAL,DISTRITO NACIONAL,DISTRITO NACIONAL,ESCUELA PRIMARIA REPUBLICA DE CHILE,CALLE MONTECRISTI NO. 2 ESQ. CALLE JUAN BAUTISTA VICINI,SAN CARLOS,"0055,0055A,0056,0056A,0061,0061A,0062,0063,0064,0065,0066,0066A,0067,0068,0068A,0069,0070,0071,0072,0075"
DISTRITO NACIONAL,DISTRITO NACIONAL,DISTRITO NACIONAL,ESCUELA REPUBLICA DEL BRASIL,16 DE AGOSTO/TRINITARIA,SAN CARLOS,"0046,0047,0048,0048A,0049,0050,0051,0051A,0051B,0052,0052A,0053,0053A,0054"
DISTRITO NACIONAL,DISTRITO NACIONAL,DISTRITO NACIONAL,JUZGADO DE PAZ 2DA. CIRCUN- SCRIPCION,BARAHONA ESQ. ABREU,SAN CARLOS,"0059,0060,0060A"
DISTRITO NACIONAL,DISTRITO NACIONAL,DISTRITO NACIONAL,COLEGIO SAN GABRIEL,CARRETERA SANCHEZ KLM.9,SAN GABRIEL,"0250,0250A,0250B,0250C,0250D,0251,0251A,0252,0252A,0253,0253A,0253B,0253C,0254,0254A,1747,1801,2018"
DISTRITO NACIONAL,DISTRITO NACIONAL,DISTRITO NACIONAL,ESC. ED. BASICA REV. FCO. XAVIER BILLINI,AVENIDA CAYETANO GER- MOSEN ESQ. ESTHER ROSA- RIO,SAN GABRIEL,"1286,1286A,1340,1340A,1395,1395A,1424,1424A"
DISTRITO NACIONAL,DISTRITO NACIONAL,DISTRITO NACIONAL,ARCHIVO GENERAL DE LA NACION,CALLE MODESTO DIAZ NO.2,SAN GERONIMO ( CIUDAD UNIVERSITARIA Y NACO ),"0182,0182A,0183,0183A,0184,2019"
DISTRITO NACIONAL,DISTRITO NACIONAL,DISTRITO NACIONAL,CASA PROVINCIAL MARIA AUXIL- IADORA,SAN JUAN BOSCO/DR. DEL- GADO,DON BOSCO,"0175,0175A,0176"
DISTRITO NACIONAL,DISTRITO NACIONAL,DISTRITO NACIONAL,COLEGIO DON BOSCO,SAN JUAN BOSCO NO.27,DON BOSCO,"0170,0170A,0171,0171A,0172,0172A,0173,0173A,0174,0174A"
DISTRITO NACIONAL,DISTRITO NACIONAL,DISTRITO NACIONAL,LICEO PARROQUIAL SAN PABLO APOSTOL,CALLE LOS MARTIRES NO. 11 ESQ. CALLE JUAN ALEJANDRO IBARRA,CRISTO REY,"0381,0381A,0381B,0382,0382A,0383,0383A,0384,0384A,0385,0385A,1748,1854,1862,1931,2020"
DISTRITO NACIONAL,DISTRITO NACIONAL,DISTRITO NACIONAL,CLUB SIMON BOLIVAR,CALLE 39/30 DE MAYO,24 DE ABRIL,"0800,0800A,0800B,0800C,0801,0802,0802A,0802B,1749,1802,2021"
DISTRITO NACIONAL,DISTRITO NACIONAL,DISTRITO NACIONAL,COLEGIO EPISCOPAL SAN AN- DRES,MARCOS RUIZ/SAN ANDRES,VILLA JUANA,"0453,0454,0455,0456,0456A,0457,0457A,0458,0472,0474,0547,0547A,0548"
DISTRITO NACIONAL,DISTRITO NACIONAL,DISTRITO NACIONAL,COLEGIO ESPIRITU SANTO,CALLE MANUEL U. GOMEZ 61,VILLA CONSUELO,"0446,0446A,0447,0447A,0448,0448A,0449,0450,0451,0452,0452A,1790"
DISTRITO NACIONAL,DISTRITO NACIONAL,DISTRITO NACIONAL,COLEGIO PARROQUIAL SAN JOSE,DANIEL HENRIQUEZ NO.50,VILLA CONSUELO,"0419,0419A,0464,0464A,0465,0465A,0466,0466A,0467,0468,0468A"
DISTRITO NACIONAL,DISTRITO NACIONAL,DISTRITO NACIONAL,COLEGIO SAN PEDRO APOSTOL,JOSE JOAQUIN PUELLO 19,VILLA CONSUELO,"0424,0424A,0425,0425A,0426,0426A,0427,0427A,0428,0428A,0433,0433A"
DISTRITO NACIONAL,DISTRITO NACIONAL,DISTRITO NACIONAL,DISPENSARIO ANTITUBERCULOSO,BARAHONA/MARIA DE TOLEDO,VILLA CONSUELO,"0439,0439A,0440,0440A"
DISTRITO NACIONAL,DISTRITO NACIONAL,DISTRITO NACIONAL,ESCUELA VOCACIONAL FEMENI- NO CONCEPCION BONA,CALLE DR. TEJADA FLORENTI- NO ESQ. CALLE SAN MARTIN,VILLA CONSUELO,"0434,0434A,0435,0435A,0436,0436A,0437,0437A,0438,0438A,0443,0443A,0444,0444A,0445,0445A,0517,0518"
DISTRITO NACIONAL,DISTRITO NACIONAL,DISTRITO NACIONAL,LICEO JUAN PABLO DUARTE,AVENIDA DUARTE/CALLE 13,VILLA CONSUELO,"0409,0409A,0410,0410A,0411,0411A,0412,0412A,0413,0413A,0414,0414A,0469,0469A,0469B,0470,0470A,0471,0471B,0608,0608A,0612,0612A,0613,0614,0614A,0615,0615A,0616,0616A,0616B,0617,0617A,0700,0700A,0701,0710,0710A,0711,0712"
DISTRITO NACIONAL,DISTRITO NACIONAL,DISTRITO NACIONAL,MONTE DE PIEDAD NUMERO 2,AVE. TTE. AMADO GARCIA/ JUAN BTA. VICINI,VILLA CONSUELO,"0421,0421A,0422"
DISTRITO NACIONAL,DISTRITO NACIONAL,DISTRITO NACIONAL,ASOCIACION DE DETALLISTAS DEL DISTRITO NACIONAL,C/JACINTO DE LA CONCHA 49,VILLA FRANCISCA,"0091,0091A,0092,0092A,0093,0093A,0098,0098A"
DISTRITO NACIONAL,DISTRITO NACIONAL,DISTRITO NACIONAL,DIRECCION DE IMPUESTOS INTER- NOS ADM. SAN CARLOS,MEXICO ESQ. JACINTO DE LA CONCHA/VILLA FRANCISCA,VILLA FRANCISCA,"0084,0084A,0088,0088A,0089,0089A,0108,0108A,0111,0111A,0112,0112A,0118,0119,0120,0121,0122"
DISTRITO NACIONAL,DISTRITO NACIONAL,DISTRITO NACIONAL,ESCUELA PRIMARIA REPUBLICA DE URUGUAY,CALLE CARACAS 57,VILLA FRANCISCA,"0096,0096A,0099,0099A,0100,0101,0102,0102A,0103,0104,0105,0105A,0106,0110,0110A"
DISTRITO NACIONAL,DISTRITO NACIONAL,DISTRITO NACIONAL,CENTRO DE ATENCION INTEGRAL PARA LA PRIMERA INFANCIA,C/ JOSE MARTI NO. 98 ESQ. AV. TENIENTE AMADO GARCIA GUERRERO,VILLA FRANCISCA,"0113,0113A,0114,0114A,1682"
DISTRITO NACIONAL,DISTRITO NACIONAL,DISTRITO NACIONAL,IGLESIA EVANGELICA MENONITA LUZ Y VIDA,AV. MEXICO ESQ. VICENTE NOBLE,VILLA FRANCISCA,"0097,0124,0124A,0133,0134,0134A,0135,0135A,0136,0136A"
DISTRITO NACIONAL,DISTRITO NACIONAL,DISTRITO NACIONAL,CENTRO DE ATENCION PRIMARIA POLICLINICA ZONA B,JOSEFA BREA ESQ. PARIS,VILLA FRANCISCA,"0137,0137A"
DISTRITO NACIONAL,DISTRITO NACIONAL,DISTRITO NACIONAL,CAMARA DE CUENTAS,CALLE PARIS ESQ. 27 DE FEBRERO,VILLA FRANCISCA,"0076,0076A"
DISTRITO NACIONAL,DISTRITO NACIONAL,DISTRITO NACIONAL,ESCUELA SALESIANA SAGRADO CORAZON DE JESUS,MAURICIO BAEZ ESQ. MOCA,VILLA JUANA,"0473,0476,0476A,0493,0493A,0494,0494A,0495,0495A,0496,0496A,0497,0497A,0498,0498A,0499,0499A,0500,0500A,0501,0501A,0541,0541A,0542,0542A"
DISTRITO NACIONAL,DISTRITO NACIONAL,DISTRITO NACIONAL,ESCUELA REPUBLICA DOMINI- CANA,CALLE SEIBO ESQ. CALLE MANUEL A. PEÑA BATLLE,VILLA JUANA,"0477,0477A,0478,0478A,0485,0486,0487,0487A,0488,0489,0490,0491,0492,0492A,0510,0511,0529,0529A,0530,0530A,0531,0531A,0535,0536,0537"
DISTRITO NACIONAL,DISTRITO NACIONAL,DISTRITO NACIONAL,CENTRO INF. DE ATENCION INTE- GRAL -CONANI,FELIZ EVARISTO MEJIA NO.116,VILLAS AGRICOLAS,"0565,0565A,0566,0566A,0567,0567A,0714,0714A"
DISTRITO NACIONAL,DISTRITO NACIONAL,DISTRITO NACIONAL,CLUB DEPORTIVO Y CULTURAL 12 JUEGOS,CALLE SAGRARIO E. DIAZ NO. 123,VILLAS AGRICOLAS,"0545,0546,1895"
DISTRITO NACIONAL,DISTRITO NACIONAL,DISTRITO NACIONAL,DIR.GRAL.DE ALIANZA PUBLICO PRIVADA(ANT.INST.AZUCARERO DOM.),AVENIDA JIMENEZ MOYA SEC- TOR LA JULIA,EL MANGUITO,"1489,1489A,1489B,1490,1490A,1518,1793,2006"
DISTRITO NACIONAL,DISTRITO NACIONAL,DISTRITO NACIONAL,CLUB RENACER,CALLE SAN MARTIN DE POR- RES NO. 1,SAN MARTIN DE POR- RES (GUACHUPITA),"0650,0650A,0651,0651A,0652,0652A"
DISTRITO NACIONAL,DISTRITO NACIONAL,DISTRITO NACIONAL,COLEGIO ARROYO HONDO,LUIS AMIAMA TIO NO. 50,ARROYO HONDO,"1317,1317A,1317B,1317C,1317D,1317E,1317F,1536,1536A,1536B,1536C,1651,1661,1661A,1750,1850,1863,1918,1938,1974,2022"
DISTRITO NACIONAL,DISTRITO NACIONAL,DISTRITO NACIONAL,ESCUELA HOGAR ROSA DUARTE,AV.INDEPENDENCIA KML.7,DOMINICANOS AUS- ENTES,"0246,0246A,0247,0247A,0248,0248A,0249,0249A,1280,1280A,1285,1285A,1285B,1372,1372A,1514,1751"
DISTRITO NACIONAL,DISTRITO NACIONAL,DISTRITO NACIONAL,ESCUELA REPUBLICA DE COSTA RICA,CALLE B ESQ CALLE A URB. LOS RIOS,"KM. 7, LOS RIOS","1433,1433A,1433B,1433C,1434,1434A,1434B,1535,1653,1653A,1653B,1660,1660A,1688,1707,1711,1713,1722,1752,1779,1803,1851,1864,1919,1950,2023"
DISTRITO NACIONAL,DISTRITO NACIONAL,DISTRITO NACIONAL,INSTITUTO DE AYUDA AL SORDO SANTA ROSA INC.,CALLE LUIS F. THOMEN NO.616,EL MILLON,"0285,0285A,0285B,0285C,1523,1804,1896"
DISTRITO NACIONAL,DISTRITO NACIONAL,DISTRITO NACIONAL,C. PARROQ. NTRA. SRA. DE LAS MERCEDES,MERCEDES 308 ESQ. SANCHEZ,ZONA COLONIAL,"0016,0016A,0017,0017A,1497"
DISTRITO NACIONAL,DISTRITO NACIONAL,DISTRITO NACIONAL,ESC. PARROQ. CARDENAL BERAS ROJAS,CALLE SANCHEZ 160,ZONA COLONIAL,"0013,0013A,0014"
DISTRITO NACIONAL,DISTRITO NACIONAL,DISTRITO NACIONAL,ESCUELA NACIONAL DE ARTES VISUALES,CALLE EL CONDE NO. 59,ZONA COLONIAL,"0002,0003,0003A,0018,0018A,0021,0022,0022A,0023,0024,0025,0025A,0026,0026A,0127,0127A,0128,0128A,0129,0132"
DISTRITO NACIONAL,DISTRITO NACIONAL,DISTRITO NACIONAL,CENTRO DE EXCELENCIA SALOME UREÑA,CALLE PADRE BILLINI NO. 304,ZONA COLONIAL,"0001,0001A,0004,0005,0005A,0006,0006A,0007,0008,0008A,0009,0010,0011,0011A,0012,0012A,0019,0020,0020A"
DISTRITO NACIONAL,DISTRITO NACIONAL,DISTRITO NACIONAL,ESCUELA BASICA REPUBLICA DE PARAGUAY,FCO.J.PEYNADO/ARZ.PORTES,CIUDAD NUEVA,"0138,0139,0139A,0140,0140A,0141,0141A,0142,0142A,0143,0143A,0144,0144A"
DISTRITO NACIONAL,DISTRITO NACIONAL,DISTRITO NACIONAL,INSTITUTO DE ONCOLOGIA DR. HERIBERTO PIETER,AV. BERNARDO CORREA Y CIDRON NO. 1,CIUDAD UNIVERSITARIA,"0189,0189A,0189B,1504,1897"
DISTRITO NACIONAL,DISTRITO NACIONAL,DISTRITO NACIONAL,ESCUELA SANTO DOMINGO,24 DE ABRIL ESQ. MAGNOLIA,LAS CAÑITAS,"0806,0806A,0807,0807A,0807B,0808,0808A,1544"
DISTRITO NACIONAL,DISTRITO NACIONAL,DISTRITO NACIONAL,ESCUELA PRIMARIA Y BASICA LAS CAÑITAS,LUZ DEL ALBA/AMPARO,LAS CAÑITAS,"0804,0804A,0805,0805A"
DISTRITO NACIONAL,DISTRITO NACIONAL,DISTRITO NACIONAL,ESCUELA PUBLICA QUISQUEYA,PLAZA DE LA CULT./PRESA DE VALDESIA,EL MILLON,"0286,0286A,0286B,0287,0287A,0287B,0288,0288A,0289,0289A,0290,0290A,0291,0291A,0292,0292A,0292B,0293,0293A,0294,0294A,0295,0295A,0296,0296A,0296B,1753,1865,2024"
DISTRITO NACIONAL,DISTRITO NACIONAL,DISTRITO NACIONAL,CLUB COANCA,CALLE HERNAN SUAREZ NO.8,EL CACIQUE 1RO,"0226,0226A,0227,0227A,0227B,0228,0228A,1343,1343A,1510,1805,1898"
DISTRITO NACIONAL,DISTRITO NACIONAL,DISTRITO NACIONAL,CLUB LOS PRADOS,LORENZO DESPRADEL/MAX HENRIQUEZ UREÑA,LOS PRADOS,"0313,0313A,0313B,0313C,0313D,0313E,0313F,1288,1288A,1288B,1353,1353A,1353B,1353C,1353D,1529,1529A,1689,1723,1754,1806,2025"
DISTRITO NACIONAL,DISTRITO NACIONAL,DISTRITO NACIONAL,COLEGIO SAN JUDAS TADEO,F. FALCO /AV. CENTRAL,NACO,"0200,0200A,0200B,0201,0201A,0202,0202A,0203,0203A,0204,0204A,0204B,0205,0205A,0206,0206A,0207,0207A,1507,1975"
DISTRITO NACIONAL,DISTRITO NACIONAL,DISTRITO NACIONAL,ESCUELA SAN JUAN BAUTISTA DE LA SALLE,CALLE CAONABO NO. 1,CAPOTILLO,"0840,0840A,0841,0841A,0842,0842A,0843,0843A"
DISTRITO NACIONAL,DISTRITO NACIONAL,DISTRITO NACIONAL,LICEO CAPOTILLO,CALLE CAPOTILLO NO. 44,CAPOTILLO,"0834,0834A,0835,0835A,0836,0836A,0837,0837A,0838,0838A,0839,0839A,0844,0844A,0845,0845A,0846,0846A"
DISTRITO NACIONAL,DISTRITO NACIONAL,DISTRITO NACIONAL,ESCUELA PADRE VALENTIN SALINERO,DESIDERIO ARIAS 72,BELLA VISTA,"0266,0266A,0267,0267A,0268,0268A,0268B,0269,0269A,1358,1358A"
DISTRITO NACIONAL,DISTRITO NACIONAL,DISTRITO NACIONAL,INSTITUTO SAN JUAN BAUTISTA,AVENIDA HELIOS ESQ. CALLE ARRAYANES,BELLA VISTA,"0261,0261A,0261B,0261C,0261D,0262,0262A,0262B,0263,0263A,0264,0264A,0265,0265A,0265B,1517,1690,1755,1787,1807,1852,1867,1920,1951,1976"
DISTRITO NACIONAL,DISTRITO NACIONAL,DISTRITO NACIONAL,CENTRO EDUCATIVO CAPOTILLO,DIEGO VELAZQUEZ 171,CAPOTILLO,"0569,0569A,0569B,0570,0570A,0571,0571A,0572,0572A,0827,0827A,0827B,0832,0832A,0833,0833A,0850,0850A,1368,1368A"
DISTRITO NACIONAL,DISTRITO NACIONAL,DISTRITO NACIONAL,CLUB DEPORTIVO Y CULTURAL SAMUEL SANTANA,C/LIBERTAD ESQ. 6,CAPOTILLO,"0739,0739A,0828,0828A,0829,0829A"
DISTRITO NACIONAL,DISTRITO NACIONAL,DISTRITO NACIONAL,ESCUELA BASICA VARIAS LUCES,CALLE INTERIOR I MANZ. J,ESPAILLAT,"0728,0728A,0740,0744,0744A,0745,0745A,0746,0746A,0747,0747A,0754,0754A,0755,0755A,0756,0756A,0758,0759,0760,0796,0796A"
DISTRITO NACIONAL,DISTRITO NACIONAL,DISTRITO NACIONAL,COLEGIO ADVENTISTA ESPAILLAT,CALLE 8 NO.150,ESPAILLAT,"0748,0748A,0749,0749A,0793,0793A,0803,0803A"
DISTRITO NACIONAL,DISTRITO NACIONAL,DISTRITO NACIONAL,ESCUELA FATIMA OSCAR SAN- TANA,CALLE JOSE NICOLAS CASI- MIRO NO. 50,ESPAILLAT,"0751,0751A,0752,0752A,0753,0753A,0757,0757A,0767,0768,0769,0770,0771,0771A"
DISTRITO NACIONAL,DISTRITO NACIONAL,DISTRITO NACIONAL,INSTITUTO POLITECNICO PARRO- QUIAL SANTA ANA (IPOPSA),B MORGAN /OSCAR SANTANA,GUALEY,"0763,0763A,0764,0764A,0766,0766A,0772,0772A,0773,0773A,0774,0774A,0775,0775A,0776,0776A,0779,0779A,0780,0780A,0781,0781A,0782,0782A,0783,0783A,0784,0784A,0787,0789"
DISTRITO NACIONAL,DISTRITO NACIONAL,DISTRITO NACIONAL,CENTRO SANITARIO SANTO DOMINGO,GALVAN ESQ. FRANCIA 24,GAZCUE,"0164,0164A,0165,0165A,0166,0166A,1501"
DISTRITO NACIONAL,DISTRITO NACIONAL,DISTRITO NACIONAL,EDIFICIO DE IMPUESTOS INTER- NOS,AVENIDA MEXICO ESQUINA PEDRO LLUBERES,GAZCUE,"0159,0159A,0160,0160A,1500"
DISTRITO NACIONAL,DISTRITO NACIONAL,DISTRITO NACIONAL,LICEO ESTADOS UNIDOS DE AMERICA,MEXICO ESQ. DR. DELGADO,GAZCUE,"0167,0167A,0168,0168A,0169,0169A,1502,1869"
DISTRITO NACIONAL,DISTRITO NACIONAL,DISTRITO NACIONAL,PALACIO DE BELLAS ARTES,AVE. MAXIMO GOMEZ,INDEPENDENCIA ( CIU- DAD NUEVA Y GAZCUE ),"0148,0148A,0149,0149A,0150,0150A,0151,0151A,0151B,0152,0152A,0153,0153A,0154,0154A,0158,0158A,1499"
DISTRITO NACIONAL,DISTRITO NACIONAL,DISTRITO NACIONAL,LICEO TECNICO MARILLAC,AV. SAN MARTIN 258 ESQ. ORTEGA Y GASSET,KENNEDY,"0195,0196,0196A,0197,0197A,0198,0198A,0199,1978"
DISTRITO NACIONAL,DISTRITO NACIONAL,DISTRITO NACIONAL,CUERPO DE BOMBEROS CIVILES,JOHN F. KENNEDY/O. Y GAS- SET,KENNEDY,"0194,0194A,0194B,1506"
DISTRITO NACIONAL,DISTRITO NACIONAL,DISTRITO NACIONAL,ESCUELA PRIMARIA FIDEL FERRER,CALLE AMERICO LUGO ESQ. RAMON CACERES,LA FE,"0314,0314A,0315,0315A,0316,0316A,0317,0318,0318A,0319,0319A,0320,0320A,0321,0321A,0322,0322A,0323,0323A,0324,0327,0327A,0328,0328A,0329,0330,0331,0331A,0332,0333,0333A,0334,0334A,0335,0335A"
DISTRITO NACIONAL,DISTRITO NACIONAL,DISTRITO NACIONAL,CLUB DEL MINISTERIO DE OBRAS PUBLICAS Y COMUNICACIÓN,C/ HECTOR HOMERO HER- NANDEZ ESQ. CALLE MANUEL FLORES CABRERA,LA FE,"0338,0338A,0339,0339A,0340,0340A,0341,0341A,0342,0342A,1326,1326A,1530"
DISTRITO NACIONAL,DISTRITO NACIONAL,DISTRITO NACIONAL,MINISTERIO DE SALUD PUBLICA Y ASISTENCIA SOCIAL,CALLE HECTOR HOMERO HER- NANDEZ ESQ. TIRADENTES,LA FE,"0343,0343A,0344,0344A,0345,0345A,1533,1899"
DISTRITO NACIONAL,DISTRITO NACIONAL,DISTRITO NACIONAL,CASA DE LOS AYUNTAMIENTOS,DUVERGE/CORREA Y CIDRON,LA PAZ,"0218,0218A,0219,0219A,0221,0221A,0222,0222A,0223,0223A"
DISTRITO NACIONAL,DISTRITO NACIONAL,DISTRITO NACIONAL,COLEGIO NUESTRA SEÑORA DE LA ALTAGRACIA (CONSA),CALLE AMELIA FRANCISCO ESQ. LORENZO DESPRADEL,LOS PRADOS,"0309,0309A,0310,0310A,0310B,0311,0311A,0311B,0312,0312A,1757,1808,1979,2026"
DISTRITO NACIONAL,DISTRITO NACIONAL,DISTRITO NACIONAL,COLEGIO SANTO CURA DE ARS,AV. DUARTE ESQ. NICOLAS DE OVANDO,CAPOTILLO,"0568,0568A,0715,0715A,0716,0716A,0717,0717A,0717B,0718,0718A,0855,0855A,0855B,0856,0856A,0861,0861A,0862,0862A"
DISTRITO NACIONAL,DISTRITO NACIONAL,DISTRITO NACIONAL,ESCUELA REPUBLICA DE COLOM- BIA,YOLANDA GUZMAN / 33 ESTE,LUPERON,"0731,0731A,0732,0732A,0733,0734,0734A,0735,0736,0737,0738,0738A"
DISTRITO NACIONAL,DISTRITO NACIONAL,DISTRITO NACIONAL,ESCUELA REPUBLICA DE HAITI,JOSEFA BREA NO.119,LUPERON,"0826,0830,0830A,0831,0831A,0859,0859A,0860,0860A,0863,0863A"
DISTRITO NACIONAL,DISTRITO NACIONAL,DISTRITO NACIONAL,JUZGADO DE PAZ,JOSEFA BREA NUM.253,LUPERON,"0729,0729A,0730,0730A,1758,1900"
DISTRITO NACIONAL,DISTRITO NACIONAL,DISTRITO NACIONAL,"TRIBUNAL DE NIÑOS, NIÑAS Y ADOLESCENTES DEL DISTRITO",CALLE PEDRO LIVIO CEDEÑO #66,LUPERON,"0691,0692,0692A"
DISTRITO NACIONAL,DISTRITO NACIONAL,DISTRITO NACIONAL,INSTITUTO POSTAL DOMINICANO ESTAFETA POSTAL,PADRE CASTELLANOS NUM .371,LUPERON,"0698,0698A,0699,0699A"
DISTRITO NACIONAL,DISTRITO NACIONAL,DISTRITO NACIONAL,ASOCIACION DOMINICANA DE REHABILITACION,SAN FCO. MACORIS/L. NA- VARRO,MIRAFLORES,"0178,0178A,0179,0179A,0179B"
DISTRITO NACIONAL,DISTRITO NACIONAL,DISTRITO NACIONAL,LICEO UNION PANAMERICANA,CALLE PASEO DE LOS PERI- ODISTAS NO. 4 ESQ. JOHN H. DUNANT,MIRAFLORES,"0177,0177A,0177B,0180,0180A,0180B,0181,0181A,0181B,1503"
DISTRITO NACIONAL,DISTRITO NACIONAL,DISTRITO NACIONAL,FUNDACION PEDAGOGICA DOMIN- ICANA INC. (BABEQUE),CALLE ROBERTO PASTORIZA NO. 329,NACO,"0212,0212A,0212B,0213,0213A,1366,1366A,1366B,1759,1809,1980,2027"
DISTRITO NACIONAL,DISTRITO NACIONAL,DISTRITO NACIONAL,COLEGIO LUIS MUÑOZ RIVERA,RAFAEL AUGUSTO SANCHEZ 31,NACO,"0208,0208A,0208B,0209,0209A,0209B,0210,0210A,0210B,0211,0211A,0211B,1760,2028"
DISTRITO NACIONAL,DISTRITO NACIONAL,DISTRITO NACIONAL,POLITECNICO NTRA. SRA. DEL CARMEN,J. DE GALINDEZ/JERUSALEN,SIMON BOLIVAR,"0809,0809A,0810,0810A,0811,0811A,0815,0815A,0816A,0817,0817A,0818,0818A,0819,0819A,0820,0820A,0821,0821A,0822,0822A,0823,0823A,1545,1545A,1702,1730,2007"
DISTRITO NACIONAL,DISTRITO NACIONAL,DISTRITO NACIONAL,CENTRO EDUCATIVO EL BUEN PASTOR,PASEO DE LOS LOCUTORES NO.4,EVARISTO MORALES,"0300,0300A,0301,0301A,1691,1780,1794,1870,1941,1981,2029"
DISTRITO NACIONAL,DISTRITO NACIONAL,DISTRITO NACIONAL,COLEGIO AURORA TAVARES BELLIARD,ROBERTO PASTORIZA 712,EVARISTO MORALES,"0298,0298A,0298B,0299,0299A,0299B,0302,0302A,0302B,1349,1349A,1525,1982"
DISTRITO NACIONAL,DISTRITO NACIONAL,DISTRITO NACIONAL,INSTITUTO DE FORMACION SA- LOME UREÑA-RECINTO EDUCA- CION FISICA,AV. CORREA Y CIDRON ESQ. CALLE ECUADOR,ENS. HONDURAS,"0229,0229A,0230,0230A,0231,0231A,0232,0232A,0233,0233A,0233B,0234,0234A,0235,0235A,0245,0245A,0245B,1361,1361A,1511,1513"
DISTRITO NACIONAL,DISTRITO NACIONAL,DISTRITO NACIONAL,CENTRO EDUCATIVO GENERAL ANTONIO DUVERGE,CALLE CORREA Y CIDRON ESQ. JOSE CECILIO DEL VALLE,ENS. HONDURAS,"0236,0236A,0236B,0237,0237A,0238,0238A,0239,0239A,0240,0240A,0241,0241A,0242,0242A,0242B,0243,0243A,0243B,1512,1512A"
DISTRITO NACIONAL,DISTRITO NACIONAL,DISTRITO NACIONAL,ESCUELA PRIMARIA VICTOR GARRIDO,CALLE D ESQUINA F,HONDURAS DEL OESTE,"0256,0256A,0256B,0256C,0257,0257A,0257B,0258,0258A,0258B,0259,0259A,0259B,0260,0260A,0260B,1287,1287A,1287B,1351,1351A,1351B,1407,1407A,1407B,1516,1762,2030"
DISTRITO NACIONAL,DISTRITO NACIONAL,DISTRITO NACIONAL,CENTRO EDUCATIVO LA MILA- GROSA,CALLE 1ERA #1,LA AGUSTINA,"1455,1455A,1456,1456A,1457,1457A,1458,1458A,1532,1795,1871,1939,1955,2031"
DISTRITO NACIONAL,DISTRITO NACIONAL,DISTRITO NACIONAL,ESCUELA PUBLICA PROF. FRAN- CISCO ULISES DOMINGUEZ,CALLE A ESQ. MANUEL FLORES CABRERA,LA AGUSTINA,"1443,1443A,1444,1444A,1445,1445A,1446,1446A,1446B,1531"
DISTRITO NACIONAL,DISTRITO NACIONAL,DISTRITO NACIONAL,ESCUELA LABORAL SAN JUAN BAUTISTA,RESP. MARIA MONTES #55,LA ZURZA DEL CAPO- TILLO,"0587,0587A,0587B,0865,0865A,0866,0866A,1764,1891"
DISTRITO NACIONAL,DISTRITO NACIONAL,DISTRITO NACIONAL,CENTRO EDUCATIVO LOS PRADOS,CALLE ALTAGRACIA SAVIÑON ESQ. EUGENIO DESCHAMPS NO 1,LOS PRADOS,"0307,0307A,0308,0308A,1417,1417A,1527,1902,2009"
DISTRITO NACIONAL,DISTRITO NACIONAL,DISTRITO NACIONAL,COLEGIO APEC FERNANDO ARTU- RO DE MERIÑO,AV.27 FEBRERO ESQ.CAONABO,MANGANAGUA,"0282,0282A,0282B,0283,0283A,0283B,0284,0284A,0284B,1348,1348A,1348B,1416,1416A,1522,1767,1810,1872,1952"
DISTRITO NACIONAL,DISTRITO NACIONAL,DISTRITO NACIONAL,COLEGIO QUISQUEYA,AV.27 DE FEBRERO 402,MIRADOR NORTE,"0278,0278A,0278B,0279,0279A,0279B,0280,0280A,0280B,0281,0281A,1360,1360A,1521,1904,1905"
DISTRITO NACIONAL,DISTRITO NACIONAL,DISTRITO NACIONAL,CENTRO DE EXCELENCIA RE- PUBLICA DE ARGENTINA,CALLE LAS MERCEDES NO. 201,SAN ANTON,"0027,0027A,0028,0029,0029A,0030,0030A,0031,0032,0032A,0033,0033A,0034,0034A,0035,0035A,0086,0086A,0087,0087A,0125,0125A,0126,0126A"
DISTRITO NACIONAL,DISTRITO NACIONAL,DISTRITO NACIONAL,CLUB SAN GERONIMO,CALLE SERAFINA AQUINO DE TAPIA NO. 10,SAN GERONIMO,"1480,1480A,1480B,1481,1481A,1481B,1482,1482A,1482B,1528"
DISTRITO NACIONAL,DISTRITO NACIONAL,DISTRITO NACIONAL,CANCHA CLUB SAN LAZARO,CALLE SANTIAGO RODRIGUEZ SECTOR CIUDAD COLONIAL,CIUDAD COLONIAL,"0036,0036A,1498,1873"
DISTRITO NACIONAL,DISTRITO NACIONAL,DISTRITO NACIONAL,ESCUELA PRIMARIA JOSE BOR- DAS VALDEZ,CALLE 1RA. NO. 71,LOS ANGELES,"1190,1190A,1191,1191A,1303,1303A,1304,1304A,1304B,1622,1714,1796,1811,2032"
DISTRITO NACIONAL,DISTRITO NACIONAL,DISTRITO NACIONAL,ESCUELA PRIMARIA JESUS MAE- STRO,CALLE JUAN 3:16 NO. 2,LOS PERALEJOS,"1459,1459A,1459B,1459C,1459D,1460,1460A,1460B,1460C,1460D,1621,1621A,1621B,1715,1769,1983,2033"
DISTRITO NACIONAL,DISTRITO NACIONAL,DISTRITO NACIONAL,SOC.SAGRADO CORAZON DE JESUS,"CALLE 1RA. NO. 51, KM 13 AUTOPISTA DUARTE",LOS PERALEJOS,"1188,1188A,1188B,1189,1189A,1347,1347A,1620,1770,1840,2034"
DISTRITO NACIONAL,DISTRITO NACIONAL,DISTRITO NACIONAL,COLEGIO NIDO PARA LOS ANGE- LES,CALLE LUIS AMIAMA TIO NO. 50,ARROYO HONDO,"0353,0353A,0353B,0354,0354A,0354B,0354C,0355,0355A,0355B,1771,1841,1984,2035"
DISTRITO NACIONAL,DISTRITO NACIONAL,DISTRITO NACIONAL,ESCUELA SALESIANA SAN JOSE,CARRETERA SANCHEZ KM.9,"KM 9, CARRETERA SANCHEZ","0255,0255A,0255B,0255C,1281,1281A,1281B,1515,1515A,1716,1812,1985"
DISTRITO NACIONAL,DISTRITO NACIONAL,DISTRITO NACIONAL,UNIVERSIDAD NACIONAL PEDRO HENRIQUEZ UREÑA (UNPHU),"AV. JOHN F. KENNEDY, KM. 7 1/2",JARDINES DE GALA,"0346,0346A,0346B,0346C,0346D,0346E,0346F,0347,0347A,0347B,0348,0348A,0348B,0349,0349A,0350,0350A,0350B,0351,0351A,0352,0352A,0352B,1316,1316A,1316B,1316C,1534,1718,1772,1986,2036"
DISTRITO NACIONAL,DISTRITO NACIONAL,DISTRITO NACIONAL,CLUB PARAISO,CALLE FRANCISCO CARIAS LAVANDIER NO. 18,ENS. PARAISO,"0303,0303A,0304,0304A,0305,0305A,0306,0306A,1373,1373A,1526,1773,1987"
DISTRITO NACIONAL,DISTRITO NACIONAL,DISTRITO NACIONAL,ESCUELA PRIMARIA EMILIO RD- GUEZ DEMORIZI,SAN JUAN DE LA MG/M. GOMEZ,VILLAS AGRICOLAS,"0578,0578A,0579,0579A,0580,0580A,0581,0581A"
DISTRITO NACIONAL,DISTRITO NACIONAL,DISTRITO NACIONAL,MODULO C-4 DE LA OMSA,"KM. 9 1/2, VILLA MARINA",VILLA MARINA,"1681,1710,1719,1774,1813,1875,1921,1988,2037"
DISTRITO NACIONAL,DISTRITO NACIONAL,DISTRITO NACIONAL,CENTRO JUVENIL CRISTO REY,CALLE ARZOBISPO ROMERO (ANTIGUA 41) NO. 1,CRISTO REY,"0361,0361A,0362,0362A,0363,0363A,0364,0364A,0365,0365A"
DISTRITO NACIONAL,DISTRITO NACIONAL,DISTRITO NACIONAL,ESCUELA AIDA CARTAGENA PORTALATIN,AV. MAXIMO GOMEZ NO. 50 ESQ. HECTOR J. DIAZ,"LA ZURZA, VILLAS AGRI- COLAS","0582,0582A,0583,0583A,0583B,0584,0584A,0585,0585A,0585B,0586,0586A"
DISTRITO NACIONAL,DISTRITO NACIONAL,DISTRITO NACIONAL,INSTITUTO DE FORMACION DO- CENTE SALOME UREÑA,C/LEONARDO DA VINCI ESQ. CAONABO/URB. RENACIMIEN- TO,RENACIMIENTO,"0272,0272A,1338,1338A,1338B,1519,1684,1775,1842,1876,1922,1989,2038"
DISTRITO NACIONAL,DISTRITO NACIONAL,DISTRITO NACIONAL,CASA DE LA JUVENTUD,CALLE JACINTO DE LA CON- CHA #462,VILLA FRANCISCA,"0073,0073A,0073B,0074,0074A,0090,0090A,0107,0107A"
DISTRITO NACIONAL,DISTRITO NACIONAL,DISTRITO NACIONAL,CENTRO EDUCATIVO EVANGELICO HISPANO,CALLE HENRY SEGARRA #20,LUPERON,"0852,0852A"
DISTRITO NACIONAL,DISTRITO NACIONAL,DISTRITO NACIONAL,CLUB DEPORTIVO CULTURAL ORLANDO MARTINEZ,CALLE EDMUNDO MARTINEZ,MATA HAMBRE,"0216,0216A,0217,0217A,1906"
DISTRITO NACIONAL,DISTRITO NACIONAL,DISTRITO NACIONAL,CLUB HECTOR J. DIAZ,CALLE PADRE CASTELLANO #1 ESQ. EDUARDO BRITO,ESPAILLAT,"0675,0675A,0676,0743,0743A,0743B,0777,0777A,0778,0778A,1777,1907"
DISTRITO NACIONAL,DISTRITO NACIONAL,DISTRITO NACIONAL,CLUB LOS COMPADRES,CALLE SAN FRANCISCO #19,DOMINGO SAVIO (LOS GUANDULES),"0670,0670A"
DISTRITO NACIONAL,DISTRITO NACIONAL,DISTRITO NACIONAL,POLIDEPORTIVO CLUB SAN CARLOS,AV. MEXICO ESQ. EMILIO PRUD’ HOME,SAN CARLOS,"0077,0078,0079,0080,0081,0082,0083,1797,1878"
DISTRITO NACIONAL,DISTRITO NACIONAL,DISTRITO NACIONAL,ESCUELA PARROQUIAL SAN GABRIEL,CALLE LUIS REYES ACOSTA #325,VILLA MARIA,"0693,0694,0694A,0695,0696,0696A,0697"
DISTRITO NACIONAL,DISTRITO NACIONAL,DISTRITO NACIONAL,CONFEDERACION NACIONAL DE UNIDAD SINDICAL,CALLE JUAN ERAZO #14,VILLA JUANA,"0507,0512,0513,0513A,0513B"
DISTRITO NACIONAL,DISTRITO NACIONAL,DISTRITO NACIONAL,ESCUELA BASICA FRANCISCO DEL ROSARIO SANCHEZ,CALLE RESPALDO RAMON CACERES #49,KENNEDY,"0325,0325A,0326,0326A"
DISTRITO NACIONAL,DISTRITO NACIONAL,DISTRITO NACIONAL,ESCUELA SANTA TERESA DE JESUS,CALLE ANTONIO DE LA MAZA ESQ. HUASCAR TEJEDA,SAN GERONIMO ( CIUDAD UNIVERSITARIA Y NACO ),"0185,0185A,0186,0186A,0187,0187A,0188"
DISTRITO NACIONAL,DISTRITO NACIONAL,DISTRITO NACIONAL,FEDERACION NACIONAL DE TRABAJADORES DE LA INDUSTRIA DE LA CO,CALLE PARIS #2,VILLA FRANCISCA,"0123,0123A"
DISTRITO NACIONAL,DISTRITO NACIONAL,DISTRITO NACIONAL,INSTITUTO POLITECNICO VICTOR ESTRELLA LIZ (PERITO),AV. HECTOR H. HERNANDEZ VARGAS (ANT. SAN CRISTOBAL),LA FE,"0336,0336A,0337,0337A,0337B,0366,0366A,0366B,0398,0398A,0399,0399A,1337,1337A"
DISTRITO NACIONAL,DISTRITO NACIONAL,DISTRITO NACIONAL,LOGIA CUNA DE AMERICA,CALLE JOSE REYES ESQ. MERCEDES,ZONA COLONIAL,"0015,0015A,0015B"
DISTRITO NACIONAL,DISTRITO NACIONAL,DISTRITO NACIONAL,MINISTERIO DE EDUCACION,AV. MAXIMO GOMEZ #2,GAZCUE,"0155,0155A,0156,0156A,0156B,0157,0157A"
DISTRITO NACIONAL,DISTRITO NACIONAL,DISTRITO NACIONAL,MINISTERIO DE HACIENDA,AV. MEXICO ESQ. PEDRO A. LLUBERES,GAZCUE,"0161,0161A,0162,0162A"
DISTRITO NACIONAL,DISTRITO NACIONAL,DISTRITO NACIONAL,UNIVERSIDAD DOMINICANA O&M,AV. INDEPENDENCIA #200,LA FERIA,"0224,0224A,0225,0225A,1350,1350A,1350B,1509"
DISTRITO NACIONAL,DISTRITO NACIONAL,DISTRITO NACIONAL,COLEGIO PADRE POVEDA,C/ FRANCISCO HENRIQUEZ Y CARVAJAL/ VILLA CONSUELO,VILLA CONSUELO,"0423,0423A"
DISTRITO NACIONAL,DISTRITO NACIONAL,DISTRITO NACIONAL,COLEGIO CLARET,AVE. JHON F.KENNEDY ESQ. PADRE CLARET,ENS. PARAISO,"1685,1720,1814,1879,1942,1958"
DISTRITO NACIONAL,DISTRITO NACIONAL,DISTRITO NACIONAL,ESCUELA BASICA ANIBAL PONCE,CALLE FRANCISCO PRATTS RAMIREZ NO. 842 ESQ. PRO- GRESO,MANGANAGUA,"1686,1778,1909,2010"
DISTRITO NACIONAL,DISTRITO NACIONAL,DISTRITO NACIONAL,ESCUELA BASICA SAN JOSE,C/ 3RA. # 61,SAN JOSE,"1692,1724,1798,1844,1910,1991"
DISTRITO NACIONAL,DISTRITO NACIONAL,DISTRITO NACIONAL,ESCUELA VIRGEN DEL CARMEN,CALLE CLARIN NO. 38,LA CIENAGA,"1693,1725,1781,1845,1911,1953,1992"
DISTRITO NACIONAL,DISTRITO NACIONAL,DISTRITO NACIONAL,COLEGIO FIDES,CA/ PRIMERA NO. 9,EL CACIQUE 1RO,"1694,1846,1912"
DISTRITO NACIONAL,DISTRITO NACIONAL,DISTRITO NACIONAL,ESCUELA BÁSICA ARROYO HONDO II(ANT.ESC.BÁSICA LOS RAMÍREZ),C/ H-5 ESQ. LA CAÑADA,LOS RAMIREZ,"1695,1726,1782,1880,1923,1959,2011"
DISTRITO NACIONAL,DISTRITO NACIONAL,DISTRITO NACIONAL,CENTRO EDUCATIVO PROF. ISIDRO PEREZ BELLO-ANTIGUA ESC. ODC,C/ ARABIA NO. 1,ARROYO HONDO,"1696,1712,1783,1833,1881,1924,2039"
DISTRITO NACIONAL,DISTRITO NACIONAL,DISTRITO NACIONAL,JUNTA DE VECINOS RES. JOSE CONTRERAS,C/ D ESQ. U,PROYECTO JOSE CON- TRERAS,"1697,1727,1784,1882,1944,1993"
DISTRITO NACIONAL,DISTRITO NACIONAL,DISTRITO NACIONAL,CLUB HONDURAS DEL OESTE,"C/ F ESQ. D, INVI",HONDURAS DEL OESTE,"1698,1706,1728,1816,1847,1948,1994"
DISTRITO NACIONAL,DISTRITO NACIONAL,DISTRITO NACIONAL,CLUB RECREATIVO DEPORTIVO Y CULTURAL MIRAMAR INC.,C/ DOMADORAS NO. 20,MIRAMAR,"1699,1709,1729,1785,1817,1848,1913,1960,1995"
DISTRITO NACIONAL,DISTRITO NACIONAL,DISTRITO NACIONAL,COLEGIO CRISTIANO NUEVO LICEO,C/ JOSEFA BREA NO. 260,LUPERON,"0853,0853A,0854,0854A,1700"
DISTRITO NACIONAL,DISTRITO NACIONAL,DISTRITO NACIONAL,COLEGIO PALMA REAL,AVENIDA LOS RIOS,PALMA REAL,"1704,1732,1786,1818,1849,1914,1947,1961,1996"
DISTRITO NACIONAL,DISTRITO NACIONAL,DISTRITO NACIONAL,ESCUELA BASICA REPUBLICA DE GUATEMALA,CALLE LEONARDO DAVINCE #40,RENACIMIENTO,"1733,1883,1946,1997"
DISTRITO NACIONAL,DISTRITO NACIONAL,DISTRITO NACIONAL,ESCUELA BASICA SIMON BOLIVAR,CALLE TRINITARIA #58,SIMON BOLIVAR,"0824,0824A,0825,0825A,1734,1819,1962,2012"
DISTRITO NACIONAL,DISTRITO NACIONAL,DISTRITO NACIONAL,CLUB ASOCIACION DE GRUPO CULTURALES Y DEPORTIVOS DE GUALEY,"CALLE OSCAR SANTANA NO. 82, GUALEY",GUALEY,"0761,0762,0765,0765A,0785,0786,0786A"
DISTRITO NACIONAL,DISTRITO NACIONAL,DISTRITO NACIONAL,CLUB DE LEONES EL MILLON,"CALLE DOMINGO MAYOL ESQ. INTERIOR B, EL MILLON",EL MILLON,"0297,0297A,1369,1369A,1369B,1524,1788,1998,2040"
DISTRITO NACIONAL,DISTRITO NACIONAL,DISTRITO NACIONAL,COLEGIO CRISTIANO NUEVA VIDA,"CALLE 39 ESTE #15,, EN- SANCHE LUPERON",LUPERON,"0726,0726A,0727,0727A"
DISTRITO NACIONAL,DISTRITO NACIONAL,DISTRITO NACIONAL,COLEGIO EVANGELICO OVIDIO V. SANTIL,"CALLE BARTOLOME COLON NO. 120, VILLA CONSUELO",VILLA CONSUELO,"0441,0441A,0442,0442A,0442B"
DISTRITO NACIONAL,DISTRITO NACIONAL,DISTRITO NACIONAL,ESCUELA BASICA LUZ DEL CAL- VARIO (SODECA),"CALLE 43, #28, EL CALICHE,, EL CALICHE, CRISTO REY","EL CALICHE, CRISTO REY",2041
DISTRITO NACIONAL,DISTRITO NACIONAL,DISTRITO NACIONAL,ESCUELA BASICA 24 DE ABRIL,"CALLE 6 #59,, BARRIO 24 DE ABRIL",24 DE ABRIL,"0788,0788A,0790,0790A,0791,0791A,0792,0792A,0794,0794A,0795,0797,0797A,0798,0798A,0799,0799A,1990"
DISTRITO NACIONAL,DISTRITO NACIONAL,DISTRITO NACIONAL,ESCUELA PRIMARIA LA AURORA,CALLE CAPOTILLO NO. 75,CAPOTILLO,"0847,0847A,0848,0848A,0849,0851,0851A"
DISTRITO NACIONAL,DISTRITO NACIONAL,DISTRITO NACIONAL,ESCUELA SAN RAFAEL DE LOS GUANDULES,"CALLE RESPALDO 17 ESQUINA RICARDO CARTY, LOS GUAN- DULES",LOS GUANDULES,"0672,0672A,0672B,1543,1543A,1789,1820"
DISTRITO NACIONAL,DISTRITO NACIONAL,DISTRITO NACIONAL,LICEO MAURICIO BAEZ,"CALLE MAURICIO BAEZ, #160,, VILLA JUANA",VILLA JUANA,"0508,0509,0509A,0519,0519A,0532,0533,0533A,1821"
DISTRITO NACIONAL,DISTRITO NACIONAL,DISTRITO NACIONAL,SINDICATO SITRACODE,"CALLE MAURICIO BAEZ #30,, VILLA JUANA",VILLA JUANA,"0534,0543,0544"
DISTRITO NACIONAL,DISTRITO NACIONAL,DISTRITO NACIONAL,CENTRO EDUCATIVO SAN JOSE FE Y ALEGRIA (LADO ESTE),CALLE CULTURA NO. 2,LA ISABELA,"1735,1736,1737,1738,1739"
DISTRITO NACIONAL,DISTRITO NACIONAL,DISTRITO NACIONAL,ESCUELA NACIONAL DE SORDO MUDO,"CALLE 27 DE FEBRERO NO. 51, VILLA CONSUELO",VILLA CONSUELO,"0429,0429A,0430,0430A,0431,0431A,0432,0432A"
DISTRITO NACIONAL,DISTRITO NACIONAL,DISTRITO NACIONAL,CLUB MARIA AUXILIADORA,C/ FEDERICO VELASQUEZ #20,MARIA AUXILIADORA,"1822,1916"
DISTRITO NACIONAL,DISTRITO NACIONAL,DISTRITO NACIONAL,CENTRO PEDAGOGICO ESTRELLA DE VIDA,C/ 1RA. #26,LOS PERALEJOS,"1823,1884,1945,2013"
DISTRITO NACIONAL,DISTRITO NACIONAL,DISTRITO NACIONAL,CLUB DEPORTIVO Y CULTURAL JARDINES DEL NORTE,C/ LOS CEREZOS,LOS JARDINES DEL NORTE,"1825,1963"
DISTRITO NACIONAL,DISTRITO NACIONAL,DISTRITO NACIONAL,COLEGIO FALLOW ME,"C/ LAS PALMAS, #1",VIEJO ARROYO HONDO,"1826,1917,1954,2042"
DISTRITO NACIONAL,DISTRITO NACIONAL,DISTRITO NACIONAL,CLUB DEPORTIVO Y CULTURAL RAMON DEL ORBE,"C/ D, ESQ. HERIBERTO NUÑEZ",LOS PRADITOS,"1827,1885"
DISTRITO NACIONAL,DISTRITO NACIONAL,DISTRITO NACIONAL,CLUB NACO,"C/ SALVADOR STURLA, ESQ. GRASITA ALVAREZ",NACO,"1828,1886,1943,1956,1999"
DISTRITO NACIONAL,DISTRITO NACIONAL,DISTRITO NACIONAL,CENTRO EDUCATIVO LOS OLMOS,"AV. INDEPENDENCIA, KM.10",LOS OLMOS,1829
DISTRITO NACIONAL,DISTRITO NACIONAL,DISTRITO NACIONAL,COLEGIO MS. NUÑEZ,C/ DESIDERIO ARIAS #36,BELLA VISTA,"1830,1889,1964"
DISTRITO NACIONAL,DISTRITO NACIONAL,DISTRITO NACIONAL,CLUB DEPORTIVO EL MILLON,C/ PLAZA DE LA CULTURA,EL MILLON,"1831,1887,1925"
DISTRITO NACIONAL,DISTRITO NACIONAL,DISTRITO NACIONAL,JARDINES INFANTILES LOS ARB- OLITOS,"C/ 1RA. #2,","ENS. LANNA GAUTIER, CRISTO REY",1835
DISTRITO NACIONAL,DISTRITO NACIONAL,DISTRITO NACIONAL,COLEGIO CRISTIANO REFORMADO EMANUEL,"CALLE 4 NO. 6, BARRIO LOS ANGELES",LOS ANGELES,"1928,2001"
DISTRITO NACIONAL,DISTRITO NACIONAL,DISTRITO NACIONAL,ESCUELA MALAQUIAS GIL,"CALLE CORONEL FERNANDEZ DOMINGUEZ, NO. 9",CLARET KM 6 1/2,1929
DISTRITO NACIONAL,DISTRITO NACIONAL,DISTRITO NACIONAL,CLUB DE DOMINO RENACIMIENTO DE GUALEY,CALLE 31 NO. 60,GUALEY,1933
DISTRITO NACIONAL,DISTRITO NACIONAL,DISTRITO NACIONAL,"CENTRO EDUCATIVO SANTA FILO- MENA, FE Y ALEGRIA",CALLE RICARDO CARTY,LOS GUANDULES,"1934,2002"
DISTRITO NACIONAL,DISTRITO NACIONAL,DISTRITO NACIONAL,COLEGIO ELVIRA DE MENDOZA,CALLE VIENTOS DEL ESTE ESQ. CALLE CÉFIRO,BUENOS AIRES,1935
DISTRITO NACIONAL,DISTRITO NACIONAL,DISTRITO NACIONAL,"CLUB MIRADOR, INC.",CALLE LEONOR FELIZ ESQUI- NA EVA MARIA PELLERANO,EL MIRADOR SUR,1936
DISTRITO NACIONAL,DISTRITO NACIONAL,DISTRITO NACIONAL,CLUB DEPORTIVO Y CULTURAL LOS CINCO MARTIRES,"CALLE SANTA RITA, NO. 32",27 DE FEBRERO,"0673,0673A,0674,0674A,1937"
DISTRITO NACIONAL,DISTRITO NACIONAL,DISTRITO NACIONAL,CLUB 21 DE ENERO,CARRETERA LA ISABELA,LA ISABELA,"1703,1731"
DISTRITO NACIONAL,DISTRITO NACIONAL,DISTRITO NACIONAL,JUNTA DE DESARROLLO DE GUALEY,CALLE NICOLAS CASIMIRO ESQ. CALLE 16,ESPAILLAT,"0683,0683A,0741,0741A"
DISTRITO NACIONAL,DISTRITO NACIONAL,DISTRITO NACIONAL,SOCIEDAD PROTECCION Y FAMILIA,CALLE CUERPO DE PAZ NO. 28,SIMON BOLIVAR,"0814,0814A,0816,1761"
DISTRITO NACIONAL,DISTRITO NACIONAL,DISTRITO NACIONAL,ESCUELA BASICA PADRE EULALIO A. ARIAS,AVE. PASEO DE LOS REYES CATOLICOS ESQ. AVE. ORTEGA Y GASSET,CRISTO REY,"0403,0403A,0408,0408A,0408B,1354,1354A,1449,1449A,1776,1824,1877"
DISTRITO NACIONAL,DISTRITO NACIONAL,DISTRITO NACIONAL,CENTRO PARA EL DESARROLLO DE CAPOTILLO,CALLE RESPALDO JOSE MARTI NO. 116,CAPOTILLO,"0857,0857A,0857B,1546"
DISTRITO NACIONAL,DISTRITO NACIONAL,DISTRITO NACIONAL,UNIVERSIDAD PSICOLOGIA INDUS- TRIAL DOMINICANA,C/1ERA NO. 26,KM. 6 1/2,"0244,0244A,0244B,1866,1965"
DISTRITO NACIONAL,DISTRITO NACIONAL,DISTRITO NACIONAL,CENTRO DE ESTUDIO BASICA MI SEGUNDO HOGAR,"C/ SEGUNDA, RESIDENCIAL EL CONDADO",ALTOS DE ARROYO HONDO,"1966,2003"
DISTRITO NACIONAL,DISTRITO NACIONAL,DISTRITO NACIONAL,ESCUELA BASICA JULIAN AMPARO,"C/ FLORENCIA, # 179",FUNDACION,1967
DISTRITO NACIONAL,DISTRITO NACIONAL,DISTRITO NACIONAL,COLEGIO CICRE,C/ DE LA REINA ESQUINA CAL- LE DE LA PRIMAVERA,"CIUDAD REAL II, ALTOS DE ARROYO HONDO","1968,1973,2043"
DISTRITO NACIONAL,DISTRITO NACIONAL,DISTRITO NACIONAL,COLEGIO NUESTRA SEÐORA DE LOURDES,"C/ PRIMERA,# 56",LOS PERALEJOS,1969
DISTRITO NACIONAL,DISTRITO NACIONAL,DISTRITO NACIONAL,ESCUELA ACACDISNA 24 DE ABRIL,C/6 NO.52,24 DE ABRIL,1970
DISTRITO NACIONAL,DISTRITO NACIONAL,DISTRITO NACIONAL,CENTRO EDUCATIVO MADRE TERESA DE CALCUTA,C/ LA JAVILLA ENSANCHE CARMELITA,LOS PRADOS,1971
DISTRITO NACIONAL,DISTRITO NACIONAL,DISTRITO NACIONAL,CENTRO DE JORNADA EXTENDI- DA MANUEL AURELIO TAVARES JUSTO,C/ FELIZ EVARISTO MEJIA ESQ. MARIA MONTEZ,VILLAS AGRICOLAS,"0564,0564A,2044"
DISTRITO NACIONAL,DISTRITO NACIONAL,DISTRITO NACIONAL,CLUB DEPORTIVO Y CULTURAL OSCAR SANTANA,CALLE OSCAR SANTANA N0. 48 B. 2DO. NIVEL,ESPAILLAT,"0742,0742A,0742B,1701"
DISTRITO NACIONAL,DISTRITO NACIONAL,DISTRITO NACIONAL,"COLEGIO SAN JUAN & ISABEL ORTIZ, SRL",C/ 39 OESTE # 13,LUPERON,1541
DISTRITO NACIONAL,DISTRITO NACIONAL,DISTRITO NACIONAL,ESCUELA DOÑA SOCORRO,C/ 10 N0. 1,LOS GIRASOLES,"1839,1874,1940,1972,2004,2045"
DISTRITO NACIONAL,DISTRITO NACIONAL,DISTRITO NACIONAL,ESCUELA PRIMARIA SALOME UREÑA,"CALLE 6, ESQ. C/ 16",CAPOTILLO,"0858,0858A,2005"
DISTRITO NACIONAL,DISTRITO NACIONAL,DISTRITO NACIONAL,ESCUELA REPUBLICA DE CUBA,"CALLE ARZOBISPO VALERA, ESQ. C/ CONCEPCION BONA",VILLA CONSUELO,"0415,0415A,0416,0416A,0420,0420A,1894"
DISTRITO NACIONAL,DISTRITO NACIONAL,DISTRITO NACIONAL,CENTRO DE ATENCIÓN DE LA PRIMERA INFANCIA-CAFI,CALLE RESPALDO MARlA MONTÉZ N0. 53,"LA ZURZA, VILLAS AGRI- COLAS","0864,0864A,1908"
DISTRITO NACIONAL,DISTRITO NACIONAL,DISTRITO NACIONAL,CENTRO DE EDUCACIÓN INTE- GRAL JARDlN DE COLORES,CALLE INTERIOR F. N0. 46,ESPAILLAT,"0681,0682,1756"
DISTRITO NACIONAL,DISTRITO NACIONAL,DISTRITO NACIONAL,CENTRO EXCELENCIA COLOMBIA,CALLE YOLANDA GÚZMAN ESQUINA CALLE 31 ESTE,LUPERON,"0559,0702,0702A,0703,0703A,0704,0704A,0705,0705A,0706,0706A,0707,0707A,0708,0708A,0709,0709A,0713,0713A,0719,0719A,0723,0723A,0724,0724A,0725"
DISTRITO NACIONAL,DISTRITO NACIONAL,DISTRITO NACIONAL,CENTRO EDUCATIVO LUZ DEL SUR,CALLE ALBERT THOMAS N0. 226,LUPERON,"0750,0750A,0750B,0750C,0750D,1868,1977,2046"
DISTRITO NACIONAL,DISTRITO NACIONAL,DISTRITO NACIONAL,CLUB PLAZA INDEPENDENCIA,"CALLE ROSARIO N0. 36, ESQUI- NA CALLE SALVADOR ESPINAL",RENACIMIENTO,"0270,0270A,0270B,0271,0271A,0271B,1746,2047"
DISTRITO NACIONAL,DISTRITO NACIONAL,DISTRITO NACIONAL,COLEGIO DE NOTARIOS,CALLE DANAE N0. 12,GAZCUE,"0145,0145A,0146,0146A,0147,0147A"
DISTRITO NACIONAL,DISTRITO NACIONAL,DISTRITO NACIONAL,ESCUELA LUIS ENCARNACIÓN,AVENIDA SAN MARTlN ESQ. CALLE MARlA DE TOLEDO,VILLA CONSUELO,"0515,0515A,0516"
DISTRITO NACIONAL,DISTRITO NACIONAL,DISTRITO NACIONAL,ESCUELA MARlA DEL CARMEN PÉREZ,CARRETERA LA ISABELA,EL MANZANO,"1183,1183A,1183B,1184,1184A,1616"
DISTRITO NACIONAL,DISTRITO NACIONAL,DISTRITO NACIONAL,ESCUELA PRIMARIA BARTOLOMÉ DE LAS CASAS,CALLE 2DA. NO. 15,LA HONDANADA,"1705,1915"
DISTRITO NACIONAL,DISTRITO NACIONAL,DISTRITO NACIONAL,ESTACIÓN DE BOMBEROS CORO- NEL FRANCISCO DESANGLES,AVENIDA CORONEL JUAN MAR- lA LORA F. ESTACION N0. 4,"KM. 7, LOS RIOS","1376,1376A,1376B,1376C,1376D,1376E,1766,1836,1903,1949,2048"
DISTRITO NACIONAL,DISTRITO NACIONAL,DISTRITO NACIONAL,INSTITUTO TECNOLOGICO DE SANTO DOMINGO (INTEC),AVENIDA PROCERES N0. 49,JARDINES DE GALA,"1269,1269A,1269B,1269C,1270,1270A,1270B,1289,1289A,1289B,1327,1327A,1396,1396A,1396B,1423,1423A,1765,1853,2008,2049"
DISTRITO NACIONAL,DISTRITO NACIONAL,DISTRITO NACIONAL,SALON PARROQUIAL NUESTRA SEÑORA DEL PERPECTUO SO- CORRO,CALLE ALTAGRACIA N0. 21,SIMON BOLIVAR,"0812,0812A,0813,0813A"
DISTRITO NACIONAL,DISTRITO NACIONAL,DISTRITO NACIONAL,UNIVERSIDAD IBEROAMERICANA -UNIBE,AVENIDA FRANCIA N0. 129,GAZCUE,"0163,0163A,0163B,1768"
DISTRITO NACIONAL,DISTRITO NACIONAL,DISTRITO NACIONAL,CENTRO EDUCATIVO SAN BENITO,"CALLE 33 NO. 14, KM. 13",KM 13 AUTOPISTA DUARTE,"1687,1708,1721,1815,1927,2014"
LA ALTAGRACIA,HIGUEY,HIGUEY,ESC. PRIM. STA. NORMA ELENA POUERIET,CALLE HICAYAGUA,SAN MARTIN,"0093,0093A,0095,0128,0150,0186,0196"
LA ALTAGRACIA,HIGUEY,HIGUEY,OFICINA DE INESPRE,CALLE PEDRO LIVIO CEDEÑO,CAMBELEN,"0101,0101A,0112,0167"
LA ALTAGRACIA,HIGUEY,HIGUEY,OFICINA DE CORREOS Y TELECO- MUNICACIONES,MARTIN GUERRERO,CENTRAL,"0018,0019,0021"
LA ALTAGRACIA,HIGUEY,HIGUEY,PALACIO DE JUSTICIA,CALLE AGUSTIN GUERRERO,CENTRAL,"0017,0017A,0102,0201"
LA ALTAGRACIA,HIGUEY,HIGUEY,CENTRO MATERNO INFANTIL,CALLE JOSE A. SANTANA,JUAN PABLO DUARTE,"0098,0098A,0098B,0098C,0098H,0187,0251"
LA ALTAGRACIA,HIGUEY,HIGUEY,ESC. SAN JUAN B. DE LASALLE,CALLE ALTAGRACIA,LA ALTAGRACIA,"0023,0023A,0024,0024A,0026,0026A,0027,0105"
LA ALTAGRACIA,HIGUEY,HIGUEY,ESCUELA PUBLICA ANGEL MERIÑO,CALLE DR. CELIO STRUCH ESQ. FRANCISCO RICHIEZ,LOS PLATANITOS,"0028,0028A,0029,0029A,0030,0030A,0031,0107,0151"
LA ALTAGRACIA,HIGUEY,HIGUEY,CENTRO EDUCATIVO SAN FRAN- CISCO DE ASIS,MANUEL MONTEAGUDO,SAN FRANCISCO,"0025,0025A,0025B,0025C,0025D,0076,0096,0096A,0104,0104A,0174"
LA ALTAGRACIA,HIGUEY,HIGUEY,CENTRO EDUCATIVO PARROQUIAL SAN JOSE.,GASTON F. DELIGNE,SAN JOSE,"0020,0103,0103A,0103B,0103C,0188"
LA ALTAGRACIA,HIGUEY,HIGUEY,LICEO SEC. GERALDO HANSEN,CALLE HICAYAGUA,SAN MARTIN,"0003,0003A,0004,0004A,0099,0099A,0099B,0126,0152,0189"
LA ALTAGRACIA,HIGUEY,HIGUEY,AYUNTAMIENTO MUNICIPAL,CALLE AGUSTIN GUERRERO,SAN MARTIN DE POR- RES,"0012,0013,0191"
LA ALTAGRACIA,HIGUEY,HIGUEY,ESCUELA JUAN XXIII,AVENIDA JUAN XXIII,LA BASILICA,"0005,0005A,0006,0006A,0006B,0094,0094A,0153,0202"
LA ALTAGRACIA,HIGUEY,HIGUEY,ESCUELA PRIMARIA HNOS. TREJO,"MANUEL MONTEAGUDO, BO. SAN MARTIN",SAN MARTIN DE POR- RES,"0001,0001A,0002,0002A,0016,0022,0111,0117"
LA ALTAGRACIA,HIGUEY,HIGUEY,GOBERNACION PROVINCIAL,CALLE AGUSTIN GUERRERO,LA BASILICA,"0014,0015"
LA ALTAGRACIA,HIGUEY,HIGUEY,HOSPITAL NTRA. SRA. DE LA ALTAGRACIA,AVENIDA JUAN XXIII,LA BASILICA,"0010,0010A,0010B,0010C,0010D,0011,0011A,0011D,0211"
LA ALTAGRACIA,HIGUEY,HIGUEY,ESCUELA PRIMARIA RURAL ANI- BAL MÁRQUEZ SOTO,PARAJE BEJUCALITO,BEJUCALITO,"0079,0079A,0168"
LA ALTAGRACIA,HIGUEY,HIGUEY,ESCUELA PRIMARIA RURAL,PARAJE CHAVON ABAJO,CHAVON ABAJO,82
LA ALTAGRACIA,HIGUEY,HIGUEY,ESCUELA BASICA GUANIABANO,PARAJE GUANIABANO,GUANIABANO,"0080,0081"
LA ALTAGRACIA,HIGUEY,HIGUEY,CENTRO EDUCATIVO EL GUANITO,PARAJE GUANITO,GUANITO,"0085,0118"
LA ALTAGRACIA,HIGUEY,HIGUEY,ESCUELA BASICA RURAL LA ENEA,PARAJE LA ENEA,LA ENEA,"0083,0084"
LA ALTAGRACIA,HIGUEY,HIGUEY,ESCUELA PRIMARIA RURAL,PARAJE SANATE,SANATE,86
LA ALTAGRACIA,HIGUEY,HIGUEY,ESCUELA BASICA PALO BONITO,PARAJE BATEY PALO BONITO,BATEY PALO BONITO,"0077,0078,0121"
LA ALTAGRACIA,HIGUEY,HIGUEY,ESCUELA JINA JARAGUA.,PARAJE LA CRUZ,LA CRUZ,"0074,0075"
LA ALTAGRACIA,HIGUEY,HIGUEY,ESCUELA PRIMARIA RURAL,PARAJE BLANDINO,BLANDINO,69
LA ALTAGRACIA,HIGUEY,HIGUEY,ESCUELA BASICA LA LLANADA,PARAJE EL CERRO,EL CERRO,"0072,0252"
LA ALTAGRACIA,HIGUEY,HIGUEY,CENTRO EDUCATIVO VILLA PRO- GRESO,PARAJE LOS RIOS,LOS RIOS,"0070,0215,0253"
LA ALTAGRACIA,HIGUEY,HIGUEY,ESCUELA BASICA EL PEÑONCITO,PARAJE JOBO DULCE,JOBO DULCE,"0089,0254"
LA ALTAGRACIA,HIGUEY,HIGUEY,CENTRO EDUCATIVO LA MALENA I,PARAJE LA MALENA,LA MALENA,90
LA ALTAGRACIA,HIGUEY,HIGUEY,ESCUELA BASICA LA TRANQUERA,PARAJE LA TRANQUERA,LA TRANQUERA,91
LA ALTAGRACIA,HIGUEY,HIGUEY,CENTRO EDUCATIVO LAS LIMAS,PARAJE LAS LIMAS,LAS LIMAS,87
LA ALTAGRACIA,HIGUEY,HIGUEY,ESCUELA BASICA MATACHALUPE,PARAJE MATACHALUPE,MATACHALUPE,"0088,0269"
LA ALTAGRACIA,HIGUEY,HIGUEY,ESCUELA BASICA JULIAN GIL,PARAJE CAJERO,CAJERO,"0060,0154"
LA ALTAGRACIA,HIGUEY,HIGUEY,ESCUELA PRIMARIA RURAL HATO DE MANA,PARAJE HATO DE MANA,HATO DE MANA,"0061,0062,0170"
LA ALTAGRACIA,HIGUEY,HIGUEY,CENTRO EDUCATIVO LOS JUSOS,PARAJE LOS JUSOS,LOS JUSOS,51
LA ALTAGRACIA,HIGUEY,HIGUEY,ESCUELA PRIMARIA RURAL,PARAJE LOS MANGOS,LOS MANGOS,"0059,0123"
LA ALTAGRACIA,HIGUEY,HIGUEY,ESCUELA PRIMARIA EL RANCHO,PARAJE MANRIQUEZ,MANRIQUEZ,"0052,0054"
LA ALTAGRACIA,HIGUEY,HIGUEY,ESCUELA BASICA EUCEBIO CEDANO,PARAJE SANTANA,SANTANA,"0055,0056,0057,0171"
LA ALTAGRACIA,HIGUEY,HIGUEY,CENTRO EDUCATIVO DR. LEONEL RODRIGUEZ RIB,PARAJE LAS DOS PALMAS,LAS DOS PALMAS,58
LA ALTAGRACIA,HIGUEY,HIGUEY,COLEGIO NSTRA. SRA. DE LA ALTAGRACIA,AVE. JUAN XXIII,LA BASILICA,"0011B,0011C,0100,0100A,0115"
LA ALTAGRACIA,HIGUEY,HIGUEY,COLEGIO EVANGELICO GENESIS,"CALLE ELISEO PEREZ NO.6, BARRIO JUAN PABLO DUARTE",CENTRO DE LA CIUDAD,"0098D,0098E,0195,0270"
LA ALTAGRACIA,HIGUEY,HIGUEY,ESCUELA BASICA ANTONIO DE PADUA,BARRIO ANTONIO GUZMAN,CENTRO DE LA CIUDAD,"0008,0009,0114,0155,0206"
LA ALTAGRACIA,HIGUEY,HIGUEY,ESCUELA BASICA DON PEDRO TAPIAS,"CALLE BUENOS AIRES NO.12, BARRIO JUAN PABLO DUARTE",JUAN PABLO DUARTE,"0098F,0098G,0110,0110A,0110B,0110C,0197,0234"
LA ALTAGRACIA,HIGUEY,HIGUEY,COLEGIO MERCEDES GARCIA,C/ GRAL. MANUEL MA. SUERO/ GASTON F. DELIGNE,SAN JOSE,"0130,0156,0209,0235"
LA ALTAGRACIA,HIGUEY,HIGUEY,COLEGIO MONTE DE SION,C/ RAMON A. PUMAROL NO. 41,LOS SOTOS,"0133,0138,0175,0220,0236,0257"
LA ALTAGRACIA,HIGUEY,HIGUEY,ESCUELA BASICA LA MALENA II,BARRIO LA MALENA,LA MALENA,"0134,0139,0176,0217,0258"
LA ALTAGRACIA,HIGUEY,HIGUEY,ESCUELA BASICA MAMA TINGO,CALLE ENRIQUE RIJO NO. 74,MAMA TINGO,"0135,0158,0205,0259"
LA ALTAGRACIA,HIGUEY,HIGUEY,ESCUELA BASICA CERRO LINDO,C/ WILLIANS MONTILLA,VILLA CERRO,"0136,0140,0177,0204,0224,0225,0260,0271"
LA ALTAGRACIA,HIGUEY,HIGUEY,COLEGIO CRISTIANO JUAN PABLO DUARTE,C/ SERGIO CASTILLO ESQ. MARCIAL GUERRERO,JUAN PABLO DUARTE,"0132,0141,0159,0172,0203,0238,0272"
LA ALTAGRACIA,HIGUEY,HIGUEY,COLEGIO BIBLICO CRISTIANO,"CALLE 6 NO.8,",4 DE ENERO,"0137,0142,0160,0199,0249,0273"
LA ALTAGRACIA,HIGUEY,HIGUEY,INSTITUTO BIBLICO CREADOR,CALLE 2DA.,BRISAS DEL LLANO,"0143,0178,0239"
LA ALTAGRACIA,HIGUEY,HIGUEY,ESCUELA BASICA VILLA HORTEN- CIA,PARAJE SANTANA,SANTANA,144
LA ALTAGRACIA,HIGUEY,HIGUEY,CENTRO EDUCATIVO SAN PEDRO,CALLE PRINCIPAL NO. 1,SAN PEDRO,"0161,0223,0246,0274"
LA ALTAGRACIA,HIGUEY,HIGUEY,COLEGIO MONS. HUGO EDUARDO POLANCO BRITO,AVE. JUAN XXIII ESQ. AVE. LIBERTAD,NAZARETH,"0162,0214"
LA ALTAGRACIA,HIGUEY,HIGUEY,LICEO SECUNDARIO PROF. JUAN BOSCH,CALLE DR. GUIDO ANTONIO GARCIA,VILLA CERRO,"0166,0179,0208,0226,0262,0282,0300"
LA ALTAGRACIA,HIGUEY,HIGUEY,ESCUELA BASICA PORFIRIO DE PEÑA,PARAJE ANAMUYITA,ANAMUYITA,"0071,0263"
LA ALTAGRACIA,HIGUEY,HIGUEY,CENTRO UNIVERSITARIO REGION- AL DEL ESTE (CURE),CARRETERA HIGUEY-YUMA,LA MALENA II,"0182,0213,0228,0265,0277,0283,0301"
LA ALTAGRACIA,HIGUEY,HIGUEY,ESCUELA BASICA HNO. PAQUITO,C/ JUANICO DEL ROSARIO,"BARRIO LINDO, VILLA CERRO","0183,0243"
LA ALTAGRACIA,HIGUEY,HIGUEY,ESCUELA BASICA AMARI CASTRO MARTES,CALLE S/N (CERCA DE LA AV. CENTRAL),LOS SAJOUR,"0184,0212,0229,0266,0284,0302"
LA ALTAGRACIA,HIGUEY,HIGUEY,LICEO SECUNDARIO JUAN PABLO DUARTE,"MANUELA DIEZ NO.3,LOS SOTOS ARRIBA",CENTRO DE LA CIUDAD,"0185,0221,0267"
LA ALTAGRACIA,HIGUEY,HIGUEY,CLUB DEPORTIVO LUCIOLA PION,CALLE JOSE AUDILIO SANTANA,SAVICA,"0007,0007A,0007B,0007C,0190"
LA ALTAGRACIA,HIGUEY,HIGUEY,POLITÉCNICO SANTA MARIANA OLEA,SECTOR BELLA VISTA,"BELLA VISTA, VILLA CENTRO",287
LA ALTAGRACIA,HIGUEY,HIGUEY,CENTRO EDUCATIVO HERMANAS MIRABAL,CALLE HERMANAS MIRABAL,BRISAS DEL LLANO,288
LA ALTAGRACIA,HIGUEY,HIGUEY,LICEO PROFESOR ANTONIO DESÍ,SECTOR LA IMAGEN,LA IMAGEN,290
LA ALTAGRACIA,HIGUEY,HIGUEY,LICEO SECUNDARIO GREGORIO LUPERÓN,CALLE AREVALO CEDEÑO,LAS CAOBAS,292
LA ALTAGRACIA,HIGUEY,HIGUEY,CENTRO EDUCATIVO SALOMÉ UREÑA,CALLE MANUELA DIEZ,LOS SOTOS,"0294,0305"
LA ALTAGRACIA,HIGUEY,HIGUEY,ESCUELA PRIMARIA CESAR CARA- BALLO,SECTOR VILLA CRISTAL,VILLA CRISTAL,298
LA ALTAGRACIA,HIGUEY,HIGUEY,ESCUELA BÁSICA ESPECIAL NIDO DE AMOR,PARAJE LOS RIOS,"VILLA PROGRESO, LOS RIOS",299
LA ALTAGRACIA,HIGUEY,HIGUEY,COLEGIO BILINGUE HIGUEY INTERNATIONAL SCHOOL,CALLE FELIX SERVIO DOUCU- DRAY N0. 36,ENRIQUILLO,"0032,0097,0106,0113,0116,0210,0230"
LA ALTAGRACIA,HIGUEY,HIGUEY,ESCUELA BASICA PROFESOR CANDIDO ELIGIO GUERRERO,BARRIO SAN PEDRO,VILLA CRISTAL,309
LA ALTAGRACIA,HIGUEY,HIGUEY,ESCUELA EL LLANO,SECTOR BRISAS DEL LLANO,BRISAS DEL LLANO,310
LA ALTAGRACIA,HIGUEY,HIGUEY,ESCUELA BASICA PEDRO MIR,"SECTOR SAN MARTIN, SAVICA",SAVICA,311
LA ALTAGRACIA,HIGUEY,HIGUEY,ESCUELA PRIMARIA JOSE AUDILIO SANTANA,SECTOR VILLA CERRO,VILLA CERRO,312
LA ALTAGRACIA,HIGUEY,LA LAGUNA DE NISIBON (DM),ESCUELA PRIMARIA RURAL,PARAJE LAS LAGUNAS,LAS LAGUNAS,"0037,0038,0039,0108,0125,0232"
LA ALTAGRACIA,HIGUEY,LA LAGUNA DE NISIBON (DM),ESCUELA PRIMARIA RURAL LOS TOCONES,PARAJE LOS SUMIDEROS,LOS SUMIDEROS,33
LA ALTAGRACIA,HIGUEY,LA LAGUNA DE NISIBON (DM),ESCUELA BASICA CAÑADA HONDA,PARAJE CAÑADA HONDA,CAÑADA HONDA,"0035,0036"
LA ALTAGRACIA,HIGUEY,LA LAGUNA DE NISIBON (DM),ESCUELA ROSARIO CEDEÑO,PARAJE LA CURTIEMBRE,LA CURTIEMBRE,41
LA ALTAGRACIA,HIGUEY,LA LAGUNA DE NISIBON (DM),ESCUELA BASICA LAS GUAMAS,PARAJE LAS GUAMAS,LAS GUAMAS,"0040,0127"
LA ALTAGRACIA,HIGUEY,LA LAGUNA DE NISIBON (DM),ESCUELA PRIMARIA LA COLORÁ,PARAJE RIO LLANO,RIO LLANO,50
LA ALTAGRACIA,HIGUEY,LA LAGUNA DE NISIBON (DM),LICEO DE MEDIA SAN VICENTE DE PAUL,AV. CENTRAL,LAS LAGUNAS,"0180,0242"
LA ALTAGRACIA,HIGUEY,LA LAGUNA DE NISIBON (DM),ESCUELA CONCEPCIÓN BONA,CALLE SEBASTIÁN RIJO CEDEÑO,EL PEÑON DE GUAMO,289
LA ALTAGRACIA,HIGUEY,LA OTRA BANDA (DM),ESCUELA BASICA PABLO MARTI- NEZ,PARAJE LA OTRA BANDA,LA OTRA BANDA,"0067,0068,0068A,0109,0120,0129,0192,0231"
LA ALTAGRACIA,HIGUEY,LA OTRA BANDA (DM),ESCUELA BASICA BENITO CASTRO,EL PEÑON DE LOS REYES,EL PEÑON DE LOS REYES,64
LA ALTAGRACIA,HIGUEY,LA OTRA BANDA (DM),CENTRO DE EDUCACION INICIAL Y BASICA ZENON SANTANA,PARAJE BONAO,BONAO (BATEY),"0065,0119"
LA ALTAGRACIA,HIGUEY,LA OTRA BANDA (DM),ESCUELA BASICA LA CRUZ DEL ISLEÑO,PARAJE CRUZ ISLEÑO,CRUZ ISLEÑO,"0066,0216"
LA ALTAGRACIA,HIGUEY,LA OTRA BANDA (DM),ESCUELA JUAN DE LA ROSA,PARAJE DUYEY,DUYEY,42
LA ALTAGRACIA,HIGUEY,LA OTRA BANDA (DM),COLEGIO BETUEL,LA OTRA BANDA,LA OTRA BANDA,"0131,0157,0198,0237"
LA ALTAGRACIA,HIGUEY,LA OTRA BANDA (DM),LICEO SECUNDARIO PROF. DAN- IEL ANTONIO GAY,CALLE 5,LA OTRA BANDA,"0165,0250"
LA ALTAGRACIA,HIGUEY,LA OTRA BANDA (DM),ESCUELA BASICA EL CUYA,PARAJE LA OTRA BANDA,LA OTRA BANDA,63
LA ALTAGRACIA,HIGUEY,LA OTRA BANDA (DM),ESCUELA MARÍA TRINIDAD SÁN- CHEZ,"CARRETERA HIGUEY-LA OTRA BANDA, KILOMETRO 6",LA OTRA BANDA,291
LA ALTAGRACIA,HIGUEY,TURISTICO VERON PUNTA CANA (DM),ESCUELA PRIMARIA RURAL,PARAJE JUANILLO,JUANILLO,"0073,0092,0147,0244"
LA ALTAGRACIA,HIGUEY,TURISTICO VERON PUNTA CANA (DM),ESCUELA PRIMARIA RURAL,PARAJE CAÑADA HONDA,CAÑADA HONDA,49
LA ALTAGRACIA,HIGUEY,TURISTICO VERON PUNTA CANA (DM),CENTRO EDUCATIVO EL CORTE- CITO,PARAJE CORTECITO,CORTECITO,"0044,0146,0148,0193,0218,0233,0255"
LA ALTAGRACIA,HIGUEY,TURISTICO VERON PUNTA CANA (DM),ESCUELA PRIMARIA MACAO,PARAJE EL MACAO,EL MACAO,"0045,0248,0278"
LA ALTAGRACIA,HIGUEY,TURISTICO VERON PUNTA CANA (DM),ESCUELA BASICA LA CEIBA,PARAJE LA CEYBA,LA CEYBA,"0047,0048,0169,0256"
LA ALTAGRACIA,HIGUEY,TURISTICO VERON PUNTA CANA (DM),ESCUELA BASICA EL SALADO,PARAJE SALADO,SALADO,"0046,0279"
LA ALTAGRACIA,HIGUEY,TURISTICO VERON PUNTA CANA (DM),ESCUELA PRIMARIA RURAL VERON I,PARAJE VERON,VERON,"0043,0043A,0122,0145,0149,0194,0222"
LA ALTAGRACIA,HIGUEY,TURISTICO VERON PUNTA CANA (DM),ESCUELA BASICA CABEZA DE TORO,PARAJE CABEZA DE TORO,CABEZA DE TORO,"0163,0240,0281"
LA ALTAGRACIA,HIGUEY,TURISTICO VERON PUNTA CANA (DM),ESCUELA BASICA LAS DOS YARDAS,PARAJE VERON,VERON,"0164,0173,0200,0219,0241,0261,0275"
LA ALTAGRACIA,HIGUEY,TURISTICO VERON PUNTA CANA (DM),ESCUELA BASICA LOS MANAN- TIALES,CARRETERA BAVARO-PUNTA CANA,VERON,"0181,0207,0227,0247,0264,0276"
LA ALTAGRACIA,HIGUEY,TURISTICO VERON PUNTA CANA (DM),CENTRO DE EDUCACION MEDIA FRANCISCO DEL ROSARIO SAN- CHEZ,CARRETERA VERON-BAVARO,BAVARO,"0245,0268,0285,0303"
LA ALTAGRACIA,HIGUEY,TURISTICO VERON PUNTA CANA (DM),CENTRO EDUCATIVO PEDRO LIVIO CEDEÑO,D.M. VERON,"BARRIO NUEVO, VERON",286
LA ALTAGRACIA,HIGUEY,TURISTICO VERON PUNTA CANA (DM),LICEO VETILIO ALFAU DURAN,PROLONGACIÓN AVENIDA ESPAÑA,LOS ALTOS DE FRIUSA,"0293,0304"
LA ALTAGRACIA,HIGUEY,TURISTICO VERON PUNTA CANA (DM),LICEO MATIAS RAMÓN MELLA,D.M. VERON,LOTIFICACION VERON,"0295,0306"
LA ALTAGRACIA,HIGUEY,TURISTICO VERON PUNTA CANA (DM),ESCUELA PRIMARIA REMIGIO DEL CASTILLO (CALASANZ),D.M. VERON,"PUEBLO BAVARO, VERON","0296,0307"
LA ALTAGRACIA,HIGUEY,TURISTICO VERON PUNTA CANA (DM),ESCUELA BÁSICA MANUEL DE JESÚS GUERRERO,CRUCE DOMINGO MAIZ,VERON,"0297,0308"
LA ALTAGRACIA,HIGUEY,TURISTICO VERON PUNTA CANA (DM),CENTRO EDUCATIVO CARACOLI,CALLE DEL CENTRO PEDI- ATRICO,LOS MANANTIALES,313
LA ALTAGRACIA,HIGUEY,TURISTICO VERON PUNTA CANA (DM),ESCUELA RURAL TRINA MOYA DE VASQUEZ,PARAJE LA CEIBA,LA CEYBA,314
LA ALTAGRACIA,HIGUEY,TURISTICO VERON PUNTA CANA (DM),COLEGIO PUNTA CANA INTERNA- TIONAL SCHOOL,"CALLE CORALILLO, PUNTA CANA VILLAGE",PUNTA CANA VILLAGE,315
LA ALTAGRACIA,SAN RAFAEL DEL YUMA,SAN RAFAEL DEL YUMA,AYUNTAMIENTO MUNICIPAL,AVE. LIBERTAD ESQ. JORGE MOTA,CENTRO DE LA CIUDAD,3
LA ALTAGRACIA,SAN RAFAEL DEL YUMA,SAN RAFAEL DEL YUMA,ESCUELA PRIMARIA DIONISIO TRONCOSO,AVENIDA LIBERTAD/CARLOS OZUNA,CENTRO DE LA CIUDAD,"0001,0001A,0002,0002A,0026"
LA ALTAGRACIA,SAN RAFAEL DEL YUMA,SAN RAFAEL DEL YUMA,ESCUELA PRIMARIA RURAL,PARAJE BATEY MAGDALENA,BATEY MAGDALENA,"0011,0011A"
LA ALTAGRACIA,SAN RAFAEL DEL YUMA,SAN RAFAEL DEL YUMA,ESCUELA PRIMARIA RURAL,PARAJE BENERITO,BENERITO,"0012,0013,0017,0023"
LA ALTAGRACIA,SAN RAFAEL DEL YUMA,SAN RAFAEL DEL YUMA,ESCUELA PRIMARIA RURAL,PARAJE BATEY GUAZUMA,BATEY GUAZUMA,"0005,0025"
LA ALTAGRACIA,SAN RAFAEL DEL YUMA,SAN RAFAEL DEL YUMA,ESCUELA PRIMARIA RURAL,PARAJE EL CASCAJAL,EL CASCAJAL,8
LA ALTAGRACIA,SAN RAFAEL DEL YUMA,SAN RAFAEL DEL YUMA,ESCUELA PRIMARIA RURAL,PARAJE LOS JOBITOS,LOS JOBITOS,7
LA ALTAGRACIA,SAN RAFAEL DEL YUMA,SAN RAFAEL DEL YUMA,ESCUELA PRIMARIA RURAL,PARAJE LOS NEGROS,LOS NEGROS,9
LA ALTAGRACIA,SAN RAFAEL DEL YUMA,SAN RAFAEL DEL YUMA,ESCUELA PRIMARIA RURAL,PARAJE PALO BONITO,PALO BONITO,"0004,0029"
LA ALTAGRACIA,SAN RAFAEL DEL YUMA,SAN RAFAEL DEL YUMA,CENTRO EDUCATIVO LOS TO- CONES,PARAJE LOS TOCONES,BATEY LOS TOCONES,6
LA ALTAGRACIA,SAN RAFAEL DEL YUMA,SAN RAFAEL DEL YUMA,CENTRO EDUCATIVO FE Y ALEGRIA,"CALLE JUAN PONCE DE LEON, CARRETERA LOS JOBITOS",CENTRO DE LA CIUDAD,"0015,0018,0019,0030"
LA ALTAGRACIA,SAN RAFAEL DEL YUMA,BOCA DE YUMA (DM),ESCUELA PRIMARIA RURAL,PARAJE BOCA DE YUMA,BOCA DE YUMA,"0010,0016,0022"
LA ALTAGRACIA,SAN RAFAEL DEL YUMA,BOCA DE YUMA (DM),LICEO SECUNDARIO BOCA DE YUMA,DM BOCA DE YUMA,BOCA DE YUMA,31
LA ALTAGRACIA,SAN RAFAEL DEL YUMA,BAYAHIBE (DM),ESCUELA PRIMARIA SAGRADO CORAZON DE JESUS,PARAJE BAYAHIBE,BAYAHIBE,"0014,0021"
LA ALTAGRACIA,SAN RAFAEL DEL YUMA,BAYAHIBE (DM),CENTRO EDUCATIVO JUAN BRITO,"CALLE PROYECTO, D.M. BAYAHIBE",BAYAHIBE,"0024,0027,0028"
AZUA,AZUA,AZUA,BIBLIOTECA JIMENA FDEZ. VDA. GUZMAN,EMILIO PRUD-HOMME/DR. ARMANDO AYBAR,CENTRO DE LA CIUDAD,"0014,0021,0022,0128,0128A"
AZUA,AZUA,AZUA,ESC. PRIM. BARTOLOME OLE- GARIO PEREZ,AV. FCO. DEL R. SANCHEZ/AV. ENRIQUILLO,CENTRO DE LA CIUDAD,"0025,0025A,0026,0026A,0027,0027A,0027B,0028,0028A,0029,0153"
AZUA,AZUA,AZUA,ESC. PRIM. DR.ANGEL F. NOBOA RUIZ,AV. FCO. DEL ROSARIO SAN- CHEZ/SAN JOSE,PAJARITO,"0015,0015A,0016,0016A,0031,0031A,0043,0099,0154"
AZUA,AZUA,AZUA,ESC. PRIMARIA PROF. ANGEL RIVERA,CARRETERA SANCHEZ,CARRETERA SAN JUAN,"0041,0041A,0095,0095A"
AZUA,AZUA,AZUA,LICEO SECUNDARIO ROMAN B. DE CASTRO,CARRETERA SANCHEZ,CENTRO DE LA CIUDAD,"0004,0004A,0005,0005A,0005B,0006,0007,0007A"
AZUA,AZUA,AZUA,OFICINA DE OBRAS PUBLICAS,FRANCISCO DEL ROSARIO SANCHEZ NO. 62,CENTRO DE LA CIUDAD,"0030,0030A,0140"
AZUA,AZUA,AZUA,PALACIO DE LA GOBERNACION,CALLE JUAN PABLO DUARTE NO. 95 ESQ. VICENTE NOBLE,CENTRO DE LA CIUDAD,"0018,0098,0098A"
AZUA,AZUA,AZUA,PALACIO DEL AYUNTAMIENTO,CALLE JUAN PABLO DUARTE/ COLON,CENTRO DE LA CIUDAD,"0008,0008A,0009,0010,0011,0012,0020,0020A,0096"
AZUA,AZUA,AZUA,PALACIO DE JUSTICIA,CARRETERA SANCHEZ. CIUDAD,CENTRO DE LA CIUDAD,"0138,0138A,0139,0139A"
AZUA,AZUA,AZUA,HOGAR INFANTIL DIVINO NIÑO,CALLE DUVERGE #3,CENTRO DE LA CIUDAD,"0042A,0145"
AZUA,AZUA,AZUA,PALACIO DE OFICINAS PUBLICAS,CALLE SANCHEZ,CENTRO DE LA CIUDAD,"0001,0001A,0002,0002A,0003"
AZUA,AZUA,AZUA,INSPECCION DE MIGRACION,CALLE EMILIO PRUD’ HOMME ESQ.VICENTE NOBLE,CENTRO DE LA CIUDAD,42
AZUA,AZUA,AZUA,ESCUELA BASICA DEL BARRIO LOS PARCELEROS,CALLE PRINCIPAL,LOS PARCELEROS,"0151,0185,0201"
AZUA,AZUA,AZUA,ESCUELA BASICA ELISA ESTELA MAÑON OVIEDO,C/ SALOME UREÑA #1,EL PRADO,"0162,0170,0186,0194"
AZUA,AZUA,AZUA,ESCUELA BASICA CELIDA LUISA PEREZ DE CRESPO,C/ PROYECTO,QUISQUEYA,"0163,0195"
AZUA,AZUA,AZUA,ESCUELA BASICA SAN MARTIN DE PORRES,C/ 19 DE MARZO,RESTAURADORES,"0164,0184,0196"
AZUA,AZUA,AZUA,ESCUELA BASICA JOSE FRANCIS- CO PEÑA GOMEZ,C/ TOMAS OVIEDO,VILLA ESPERANZA,"0165,0181,0189,0197"
AZUA,AZUA,AZUA,ESCUELA BASICA LOS CARTONES,CALLE RESPALDO,LOS CARTONES,"0167,0192"
AZUA,AZUA,AZUA,ESCUELA INICIAL Y BASICA QUIS- QUEYA 1,CALLE RESP. LUPERON #1,QUISQUEYA,171
AZUA,AZUA,AZUA,ESCUELA INICIAL Y BASICA PROF. ALTAGRACIA CONCEPCION DE MAR,CALLE RESPALDO COLON,FRAMBOYAN,172
AZUA,AZUA,AZUA,COLEGIO MEDICO DOMINICANO,CALLE AVENIDA SERGIO VILCHEZ,PAJARITO,173
AZUA,AZUA,AZUA,ESCUELA INICIAL Y BASICA EL CALICHE,CALLE HERNANDO GORJON #260 A,LA COLONIA ESPAÑOLA,"0174,0204,0208"
AZUA,AZUA,AZUA,ESCUELA BASICA ALTAGRACIA MARGARITA DE LA CRUZ FELIZ,CALLE GENERAL PEDRO SANTANA,LA BOMBITA,"0187,0198,0205"
AZUA,AZUA,AZUA,POLIDEPORTIVO,CALLE BARTOLO BARCELO,EL LIBERTADOR,190
AZUA,AZUA,AZUA,ESCUELA INICIAL Y PRIMARIA MATIAS RAMON MELLA,CALLE PRINCIPAL,LOS ACOSTADOS,"0095B,0169,0188,0200"
AZUA,AZUA,AZUA,COMEDOR ECONOMICO,CALLE JUAN ESTEBAN CEARA,MEJORAMIENTO SOCIAL,"0017,0017A,0127"
AZUA,AZUA,AZUA,COLEGIO EL NIDO,CALLE LAS CARRERAS N0. 15,CENTRO DE LA CIUDAD,"0126,0126A,0146"
AZUA,AZUA,AZUA,COLEGIO EL REDENTOR (LOCAL NUEVO),CALLE 30 DE MARZO N0. 215,CENTRO DE LA CIUDAD,"0097,0097A"
AZUA,AZUA,AZUA,INST. NACIONAL DE AGUAS POTA- BLES Y ALCANTARILLADOS,CALLE FRANCISCO DEL ROSA- RIO SÁNCHEZ,PAJARITO,"0140A,0140B"
AZUA,AZUA,AZUA,BINGO RECREATIVO COMPOS- TELA,CALLE COLON NO. 14 ESQUINA CALLE SANTOMÉ,CENTRO DE LA CIUDAD,"0013,0013A"
AZUA,AZUA,AZUA,LICEO GASTÓN FERNANDO DELIGNE,CALLE PERSEVERANCIA NO. 28,CENTRO DE LA CIUDAD,"0019,0019A,0023,0024,0024A"
AZUA,AZUA,LAS BARIAS-LA ESTANCIA (DM),ESCUELA PROFESORA ALTAGRA- CIA SOFIA BENITEZ,PARAJE LA ESTANCIA,LA ESTANCIA,"0073,0074,0111,0131,0179"
AZUA,AZUA,LAS BARIAS-LA ESTANCIA (DM),ESCUELA PRIMARIA RURAL,PARAJE LAS BARIAS,LAS BARIAS,"0045,0075,0076,0077,0121,0168"
AZUA,AZUA,LAS BARIAS-LA ESTANCIA (DM),ESCUELA PRIMARIA RURAL,PARAJE LA CEIBA,LA CEIBA NUEVA,"0143,0159"
AZUA,AZUA,LOS JOVILLOS (DM),ESCUELA PRIMARIA RURAL,PARAJE LOS JOVILLOS,LOS JOVILLOS,"0104A,0104B,0147"
AZUA,AZUA,LOS JOVILLOS (DM),ESCUELA PRIMARIA RURAL,PARAJE KILOMETRO 7,KILOMETRO 7,"0158,0193"
AZUA,AZUA,LOS JOVILLOS (DM),ESCUELA BASICA CAÑADA DE PIEDRA,PARAJE CAÑADA DE PIEDRA,CAñADA DE PIEDRA,166
AZUA,AZUA,LOS JOVILLOS (DM),LICEO NUEVO DE LOS JOVILLOS,DISTRITO MUNICIPAL DE LOS JOVILLOS,LOS JOVILLOS,"0070,0071,0072,0104,0203"
AZUA,AZUA,BARRO ARRIBA (DM),ESCUELA PRIMARIA RURAL,PARAJE BARRO ARRIBA,BARRO ARRIBA,"0112,0152,0155"
AZUA,AZUA,BARRO ARRIBA (DM),ESCUELA BASICA VILLA CORAZON DE JESUS,PARAJE VILLA CORAZON DE JESUS,VILLA CORAZON DE JESUS,"0160,0183"
AZUA,AZUA,BARRO ARRIBA (DM),ESCUELA PRIMARIA BARRIO EN MEDIO,"PARAJE BARRO EN MEDIO, CALLE PRINCIPAL",BARRO EN MEDIO,182
AZUA,AZUA,BARRO ARRIBA (DM),ESCUELA PRIMARIA BARRO ARRIBA,CALLE JUAN RAMON DIAZ,BARRO ARRIBA,"0063,0064,0207"
AZUA,AZUA,BARRO ARRIBA (DM),ESCUELA PRIMARIA LA VEREDA,PARAJE LA VEREDA,LA VEREDA,202
AZUA,AZUA,PUERTO VIEJO-LOS NEGROS (DM),ESCUELA PRIMARIA RURAL,PARAJE LOS NEGROS,LOS NEGROS,"0079,0079A,0109,0176"
AZUA,AZUA,BARRERAS (DM),ESCUELA PRIMARIA RURAL,PARAJE BARRERA,BARRERAS,"0080,0081"
AZUA,AZUA,BARRERAS (DM),CENTRO EDUCATIVO VIDAL FIGUEREO,CALLE PRINCIPAL,BARRERAS,"0081A,0175,0206"
AZUA,AZUA,DOÑA EMMA BALAGUER VDA. VALLEJO(DM),ESCUELA PRIMARIA RURAL,PARAJE FINCA NO 6,FINCA NO. 6,"0142,0150,0157,0191"
AZUA,AZUA,LAS CLAVELLINAS (DM),ESCUELA PRIMARIA RURAL,PARAJE CLAVELLINA,CLAVELLINA,"0086,0105,0123,0177"
AZUA,AZUA,LAS CLAVELLINAS (DM),ESCUELA BASICA LOS TRAMOJOS,PARAJE LOS TRAMOJOS,LOS TRAMOJOS,"0161,0199"
AZUA,AZUA,LAS LOMAS (DM),ESCUELA PRIMARIA RURAL,PARAJE LAS LOMAS,LAS LOMAS,"0044,0059,0060"
AZUA,AZUA,LAS LOMAS (DM),ESCUELA PRIMARIA LAS YAYITAS,PARAJE LAS YAYITAS,LAS YAYITAS,"0148,0180"
AZUA,AZUA,LAS LOMAS (DM),ESCUELA EL CAÑO,PARAJE EL CAÑO,LAS LOMAS,"0156,0178"
AZUA,PADRE LAS CASAS,PADRE LAS CASAS,ESCUELA PRIMARIA URBANA FELIX MOTA,CALLE DUARTE NO. 6,ENTRADA DE LA CIU- DAD,"0005,0005A,0006,0007,0007A,0052"
AZUA,PADRE LAS CASAS,PADRE LAS CASAS,LICEO JOSE FRANCISCO BOBA- DILLA,CALLE CESAR EVERST CRISPIN NO. 05,LOS MAGINOS,"0001,0002,0003,0004,0039,0056"
AZUA,PADRE LAS CASAS,PADRE LAS CASAS,ESCUELA PRIMARIA EDERMIRO SEGURA,PARAJE LOS INDIOS,LOS INDIOS,"0024,0045"
AZUA,PADRE LAS CASAS,PADRE LAS CASAS,ESCUELA PRIMARIA CRISTOBAL ANTONIO MOREL GUTIERREZ,PARAJE EL SIGUAL,EL SIGUAL,36
AZUA,PADRE LAS CASAS,PADRE LAS CASAS,ESCUELA PRIMARIA BIENVENIDO VELOZ ALCANTARA,CALLE PERPETUO SOCORRO NO. 6,VILLA OCOA,"0040,0041,0059"
AZUA,PADRE LAS CASAS,PADRE LAS CASAS,ESCUELA ACTIVO 20-30,CALLE MATEO ADAMES NO. 33,OCOA NUEVO,"0051,0053"
AZUA,PADRE LAS CASAS,PADRE LAS CASAS,ESCUELA PRIMARIA EL HOYITO,PARAJE PALOMINO,PALOMINO,13
AZUA,PADRE LAS CASAS,PADRE LAS CASAS,ESCUELA PRIMARIA URBANA SANTA ANA,CALLE SANTA ANA #20,SANTA ANA,"0060,0063"
AZUA,PADRE LAS CASAS,LAS LAGUNAS (DM),ESCUELA PRIMARIA VALENTIN GARCIA,PARAJE LAS LAGUNAS,LAS LAGUNAS,"0014,0015,0054,0064"
AZUA,PADRE LAS CASAS,LAS LAGUNAS (DM),ESCUELA PRIMARIA TOMAS DEL- GADO DE LOS SANTOS,PARAJE GAJO DEL MONTE,GAJO DEL MONTE,"0008,0046"
AZUA,PADRE LAS CASAS,LAS LAGUNAS (DM),ESCUELA PRIMARIA RAMON MA- RIA FERRERAS,PARAJE LAS CAÑITAS,LAS CAÑITAS,"0011,0012,0065"
AZUA,PADRE LAS CASAS,LAS LAGUNAS (DM),ESCUELA PRIMARIA RURAL,PARAJE EL TETERO,EL TETERO,67
AZUA,PADRE LAS CASAS,LA SIEMBRA (DM),ESCUELA PRIMARIA EVANGELISTA VELOZ,PARAJE LA SIEMBRA,LA SIEMBRA,"0016,0043"
AZUA,PADRE LAS CASAS,LA SIEMBRA (DM),ESCUELA PRIMARIA FRANCISCO GALVAN,PARAJE PERIQUITO,PERIQUITO,"0017,0047"
AZUA,PADRE LAS CASAS,LA SIEMBRA (DM),ESCUELA PRIMARIA SANTIAGO LUCIANO,PARAJE LOS NARANJOS,LOS NARANJOS,57
AZUA,PADRE LAS CASAS,MONTE BONITO (DM),ESCUELA PRIMARIA CORNELIO MARTINEZ,PARAJE MONTE BONITO,MONTE BONITO,"0025,0042,0058"
AZUA,PADRE LAS CASAS,LOS FRIOS (DM),ESCUELA PRIMARIA JOSE ALTA- GRACIA FERRERAS,PARAJE EL MONTAZO,EL MONTAZO,"0009,0010"
AZUA,PADRE LAS CASAS,LOS FRIOS (DM),ESCUELA PRIMARIA HILARIO DE LOS SANTOS LEON,PARAJE MONTE FRIO,MONTE FRIO,"0038,0055,0066"
AZUA,PADRE LAS CASAS,LOS FRIOS (DM),ESCUELA PRIMARIA RURAL ROMA SALDAÑA,PARAJE LOS GUAYUYOS,LOS GUAYUYOS,61
AZUA,PADRE LAS CASAS,LOS FRIOS (DM),ESCUELA PRIMARIA RURAL NUES- TRA SEÑORA DE LOS REMEDIOS,PARAJE LA CUCARITA,LA CUCARITA,62
AZUA,GUAYABAL,GUAYABAL,CENTRO EDUCATIVO MARCELO TAVERAS,PARAJE ARROYO COROZO,ARROYO COROZO,22
AZUA,GUAYABAL,GUAYABAL,CENTRO EDUCATIVO EMILIANO CUSTODIO,PARAJE EL RECODO,EL RECODO,"0023,0037"
AZUA,GUAYABAL,GUAYABAL,CENTRO EDUCATIVO ALEJANDRO CABRAL,CALLE ALEJANDRO CABRAL,CENTRO DE LA CIUDAD,"0018,0019,0020"
AZUA,GUAYABAL,GUAYABAL,LICEO ANA MARIA ALCANTARA,CALLE MELLA NO. 98,CENTRO DE LA CIUDAD,"0001,0021,0048"
AZUA,GUAYABAL,GUAYABAL,CENTRO EDUCATIVO DEMETRIO MORILLO,PARAJE LA CANITA,LA CANITA,49
AZUA,PERALTA,PERALTA,ESCUELA PRIMARIA URBANA,BARRIO LOS JOBOS. CIUDAD,LOS JOBOS,"0007,0011,0017"
AZUA,PERALTA,PERALTA,ESCUELA PRIMARIA URBANA 19 DE MARZO,CIUDAD,CENTRO DE LA CIUDAD,"0001,0002,0003,0004,0005,0006,0014,0018"
AZUA,PERALTA,PERALTA,LICEO SECUNDARIO,BARRIO EL HIGUERO,EL HIGUERO,"0013,0015,0019"
AZUA,PERALTA,PERALTA,ESCUELA PRIMARIA RURAL,PARAJE EL CARRIZAL,EL CARIZAL,"0009,0016"
AZUA,PERALTA,PERALTA,ESCUELA PRIMARIA RURAL,PARAJE EL PINAL,EL PINAR,10
AZUA,PERALTA,PERALTA,ESCUELA PRIMARIA RURAL,PARAJE MAJAGUAL,MAJAGUAL,"0008,0012"
AZUA,SABANA YEGUA,SABANA YEGUA,ESCUELA PRIMARIA JOSE FRAN- CISCO BOBADILLA,CALLE INDEPENDENCIA S/N,CENTRO DE LA CIUDAD,"0091,0091A,0091B,0092,0092A,0157"
AZUA,SABANA YEGUA,SABANA YEGUA,LICEO FRANCISCO ANTONIO RAMIREZ,CALLE ANTONIO GUZMAN S/N,CENTRO DE LA CIUDAD,"0001,0093,0094,0094A,0107,0107A,0154"
AZUA,SABANA YEGUA,SABANA YEGUA,LICEO PROF. JUAN BOSCH,CALLE ANTONIO GUZMAN ESQ. INDEPENDENCIA,CENTRO DE LA CIUDAD,"0046,0046A,0150,0153,0159"
AZUA,SABANA YEGUA,PROYECTO #4 (DM),ESCUELA PRIMARIA SANTA TERE- SA DE JESUS,PARAJE EL PROYECTO NO. 4,EL PROYECTO NO. 4,"0084,0084A,0085,0085A,0110,0110A,0132"
AZUA,SABANA YEGUA,PROYECTO D-1 GANADERO (DM),ESCUELA PRIMARIA D-1 GANADE- RO,PARAJE PROYECTO D-1 GA- NADERO,PROYECTO D-1 GA- NADERO,"0141,0144,0149,0152,0155,0158"
AZUA,SABANA YEGUA,PROYECTO 2-C (DM),ESCUELA PRIMARIA JESUS MAE- STRO,PARAJE EL PROYECTO 2-C,PROYECTO 2-C,"0136,0136A,0151,0156"
AZUA,LAS YAYAS DE VIAJAMA,LAS YAYAS DE VIAJAMA,ESCUELA PRIMARIA URBANA,C/ DUARTE,LAS YAYAS,"0002,0003,0004,0005,0140"
AZUA,LAS YAYAS DE VIAJAMA,LAS YAYAS DE VIAJAMA,ESCUELA PRIMARIA RURAL,PARAJE VIAJAMA,VIAJAMA,"0115,0134"
AZUA,LAS YAYAS DE VIAJAMA,LAS YAYAS DE VIAJAMA,LICEO SECUNDARIO,CIUDAD,CENTRO DE LA CIUDAD,"0001,0036,0100,0119,0138"
AZUA,LAS YAYAS DE VIAJAMA,VILLARPANDO (DM),ESCUELA PRIMARIA RURAL,PARAJE ARROYO SALADO,ARROYO SALADO,35
AZUA,LAS YAYAS DE VIAJAMA,VILLARPANDO (DM),ESCUELA PRIMARIA RURAL,PARAJE BASTIDAS,BASTIDAS,"0034,0044"
AZUA,LAS YAYAS DE VIAJAMA,VILLARPANDO (DM),ESCUELA PRIMARIA RURAL,PARAJE LA CANOA,LA CANOA,"0031,0050"
AZUA,LAS YAYAS DE VIAJAMA,VILLARPANDO (DM),ESCUELA PRIMARIA RURAL,PARAJE VILLARPANDO,VILLARPANDO,"0032,0033,0049,0136,0139"
AZUA,LAS YAYAS DE VIAJAMA,HATO NUEVO CORTES (DM),ESCUELA PRIMARIA RURAL,PARAJE HATO NUEVO,HATO NUEVO,"0037,0038,0039"
AZUA,LAS YAYAS DE VIAJAMA,HATO NUEVO CORTES (DM),ESCUELA PRIMARIA RURAL,PARAJE MAGUEYAL,MAGUEYAL,"0116,0137"
AZUA,LAS YAYAS DE VIAJAMA,HATO NUEVO CORTES (DM),ESCUELA PRIMARIA RURAL,PARAJE OREGANO GRANDE,OREGANO GRANDE,117
AZUA,LAS YAYAS DE VIAJAMA,HATO NUEVO CORTES (DM),ESCUELA PRIMARIA RURAL,PARAJE EL CRUCE,Cruce de las yayas (Km 29 ),135
AZUA,TABARA ARRIBA,TABARA ARRIBA,ESCUELA PRIMARIA E INTERMEDIA,CALLE DUARTE NO. 2,CENTRO DE LA CIUDAD,"0001,0051,0052,0053,0141"
AZUA,TABARA ARRIBA,TABARA ARRIBA,LICEO SECUNDARIO ROQUE FELIZ,CALLE 3RA. S/N,CENTRO DE LA CIUDAD,"0106,0124,0138"
AZUA,TABARA ARRIBA,LOS TOROS (DM),ESCUELA PRIMARIA RURAL,PARAJE LAS GUANABANAS,LAS GUANABANAS,"0114,0118,0137"
AZUA,TABARA ARRIBA,LOS TOROS (DM),ESCUELA PRIMARIA RURAL,PARAJE LOS TOROS,LOS TOROS,"0055,0056,0108,0125"
AZUA,TABARA ARRIBA,LOS TOROS (DM),ESCUELA PRIMARIA RURAL,PARAJE SAJANOA,SAJANOA,"0054,0054A,0135"
AZUA,TABARA ARRIBA,LOS TOROS (DM),LICEO SECUNDARIO LOS TOROS,D.M. LOS TOROS,LOS TOROS,"0131,0136,0140"
AZUA,TABARA ARRIBA,AMIAMA GOMEZ (DM),ESCUELA INICIAL Y BASICA PROF. AMIAMA GOMEZ,PARAJE AMIAMA GOMEZ,AMIAMA GOMEZ,"0050,0050A,0101,0129"
AZUA,TABARA ARRIBA,TABARA ABAJO (DM),ESCUELA INICIAL Y BASICA ANA FRANCISCA CONCEPCION,PARAJE TABARA ABAJO,TABARA ABAJO,"0058,0058A,0130,0133"
AZUA,TABARA ARRIBA,TABARA ABAJO (DM),ESCUELA PRIMARIA RURAL,PARAJE OREGANO CHIQUITO,OREGANO CHIQUITO,"0057,0134"
AZUA,TABARA ARRIBA,TABARA ABAJO (DM),ESCUELA PRIMARIA RURAL,PARAJE KILOMETRO 15,KILOMETRO 15,"0132,0139"
AZUA,ESTEBANIA,ESTEBANIA,ESCUELA PRIMARIA URBANA,CALLE DON ANTONIO GUZMAN FERNANDEZ,CENTRO DE LA CIUDAD,"0001,0065,0066,0067,0102,0120,0121,0122"
AZUA,ESTEBANIA,ESTEBANIA,ESCUELA PRIMARIA RURAL,PARAJE RANCHO DEL PINO,RANCHO DEL PINO,40
AZUA,ESTEBANIA,ESTEBANIA,ESCUELA PRIMARIA RURAL,PARAJE EL MEMISO,EL MEMISO,62
AZUA,ESTEBANIA,ESTEBANIA,ESCUELA PRIMARIA RURAL,PARAJE LA CHINA,LA CHINA,61
AZUA,LAS CHARCAS,LAS CHARCAS,ESCUELA PRIMARIA JHON F. KENNEDY,CALLE FRANCISCO CAAMAÑO DEÑO,CENTRO DE LA CIUDAD,"0001,0068,0068A,0069,0069A,0103,0103A,0139"
AZUA,LAS CHARCAS,LAS CHARCAS,ESCUELA PRIMARIA RURAL JOSE NUñEZ DE CACERES,PARAJE HATILLO,HATILLO,"0135,0137,0141"
AZUA,LAS CHARCAS,LAS CHARCAS,ESCUELA LAS CHARCAS NUEVAS,CALLE NICOLAS MAÑÓN NO. 25,LOS MEMISEROS,140
AZUA,LAS CHARCAS,PALMAR DE OCOA (DM),ESCUELA PRIMARIA RURAL JUAN BAUTISTA CAMBIASO,PARAJE PALMAR DE OCOA,PALMAR DE OCOA,"0078,0078A,0136,0138"
AZUA,PUEBLO VIEJO,PUEBLO VIEJO,ESCUELA BASICA INICIAL EN- RIQUILLO,CALLE LAS MERCEDES,CENTRO DE LA CIUDAD,"0087,0088,0089,0090"
AZUA,PUEBLO VIEJO,PUEBLO VIEJO,ESCUELA PRIMARIA RURAL,PARAJE LAS TERRERAS,LAS TERRENAS,140
AZUA,PUEBLO VIEJO,PUEBLO VIEJO,LICEO CACIQUE ENRIQUILLO,CALLE LAS MERCEDES,CENTRO DE LA CIUDAD,"0001,0047,0133,0144"
AZUA,PUEBLO VIEJO,PUEBLO VIEJO,ESCUELA INICIAL BÁSICA JAVIER ANTONIO CASTILLO,PARAJE GUAYACANAL,GUAYACANAL,"0113,0113A,0139"
AZUA,PUEBLO VIEJO,EL ROSARIO (DM),ESCUELA PRIMARIA RURAL,PARAJE ROSARIO,ROSARIO,"0082,0083,0122,0141"
AZUA,PUEBLO VIEJO,EL ROSARIO (DM),ESCUELA PRIMARIA RURAL,LA CIENAGA,LA CIENAGA,"0137,0138,0143"
AZUA,PUEBLO VIEJO,EL ROSARIO (DM),ESCUELA BASICA NUEVO CURRO,PARAJE EL CURRO,EL NUEVO CURRO,142
BAHORUCO,NEYBA,NEYBA,ESCUELA BASICA CANDELARIO DARIO FLORIAN,CALLE SANCHEZ,EL TANQUE,"0008,0009,0053"
BAHORUCO,NEYBA,NEYBA,LICEO MANUEL DE JS. GALVAN,C/ CAPOTILLO ESQ. RODOLI BO. EL TEJAR. CIUDAD,EL TEJAR,"0007,0010,0052,0063,0077"
BAHORUCO,NEYBA,NEYBA,ESCUELA BASICA ARZOBISPO VALERA,AVENIDA 27 DE FEBRERO NO. 2,CENTRO DE LA CIUDAD,"0004,0005,0006,0040"
BAHORUCO,NEYBA,NEYBA,ESCUELA BASICA PROFESOR JUAN BOSCH,CALLE MELLA NO. 120,PUERTO PLATA,"0001,0002,0003,0003A,0073"
BAHORUCO,NEYBA,NEYBA,ESCUELA BASICA APOLINAR PERDOMO,PARAJE APOLINAR PERDOMO,APOLINAR PERDOMO,"0015,0047"
BAHORUCO,NEYBA,NEYBA,ESCUELA BASICA SOR JUANA INES DE LA CRUZ,PARAJE EL BOTAO,EL BOTAO,17
BAHORUCO,NEYBA,NEYBA,ESCUELA BASICA MINERVA AR- GENTINA MIRABAL,PARAJE EL COPEY,EL COPEY,"0016,0057"
BAHORUCO,NEYBA,NEYBA,ESCUELA BASICA PETRONILA CUEVAS VARGAS,PARAJE CACHON SECO,CACHON SECO,19
BAHORUCO,NEYBA,NEYBA,ESCUELA BASICA PROF. PAULINA MENDEZ HERASME,PARAJE EL ESTERO,EL ESTERO,"0018,0058"
BAHORUCO,NEYBA,NEYBA,ESCUELA PRIMARIA ANGUSTIO DIAZ,PARAJE EL AGUACATE,EL AGUACATE,"0012,0055"
BAHORUCO,NEYBA,NEYBA,ESCUELA BASICA ADRIANA HER- ASME,PARAJE EL MANGUITO,EL MANGUITO,"0014,0056"
BAHORUCO,NEYBA,NEYBA,ESCUELA BASICA OCTAVIO VASQUEZ GONZALEZ,PARAJE LOS GUINEOS,LOS GUINEOS,"0013,0054"
BAHORUCO,NEYBA,NEYBA,ESCUELA BASICA JOSE FRANCIS- CO PEÑA GOMEZ,PARAJE CERRO AL MEDIO,CERRO AL MEDIO,"0026,0027"
BAHORUCO,NEYBA,NEYBA,ESCUELA JHON ABRAHAM,BARRIO CAAMAÑO,CAAMAÑO,"0039,0043,0074"
BAHORUCO,NEYBA,NEYBA,ESCUELA BASICA ESTANILA FLORIAN,BARRIO LOS COCOS,LOS COCOS,"0051,0067,0070,0075"
BAHORUCO,NEYBA,NEYBA,ESCUELA ERNESTINA GONZALEZ,CALLE JUAN BOSCH,LA MARBINA,"0043A,0064,0065,0069,0076"
BAHORUCO,NEYBA,NEYBA,ESCUELA MARIA TRINIDAD SAN- CHEZ,C/ CAPOTILLO N0. 1,EL TEJAR,"0011,0044"
BAHORUCO,NEYBA,NEYBA,POLITECNICO SAN BARTOLOME APOSTOL FE Y ALEGRIA,AV. 27 DE FEBRERO N0. 6,CENTRO DE LA CIUDAD,"0049,0050,0068"
BAHORUCO,NEYBA,NEYBA,LICEO MATIAS RAMÓN MELLA,CALLE PROF. BARTOLOME VARGAS,CERRO AL MEDIO,"0027A,0066,0078"
BAHORUCO,NEYBA,EL PALMAR (DM),ESCUELA BASICA MAXIMO GOMEZ,PARAJE BATEY NO.2,BATEY NO. 2,"0033,0042,0042A"
BAHORUCO,NEYBA,EL PALMAR (DM),CENTRO EDUCATIVO GREGORIO LUPERON,PARAJE BATEY NO.4,BATEY NO. 4,"0035,0035A,0060,0071"
BAHORUCO,NEYBA,EL PALMAR (DM),ESCUELA BASICA ULISES FRAN- CISCO ESPAILLAT,PARAJE EL PALMAR,EL PALMAR,"0036,0061"
BAHORUCO,NEYBA,EL PALMAR (DM),CENTRO EDUCATIVO EUGENIO MARIA DE HOSTOS,CALLE PRINCIPAL,BATEY NO. 5,72
BAHORUCO,NEYBA,EL PALMAR (DM),ESCUELA CESAR NICOLAS PEN- SON,C/ PRINCIPAL BATEY 3,BATEY NO. 3,"0034,0046,0059"
BAHORUCO,NEYBA,EL PALMAR (DM),CENTRO EDUCATIVO DE NIVEL BASICO PEDRO MIR,PARAJE BATEY LA ISABELA,La Isabela,"0062,0079"
BAHORUCO,TAMAYO,TAMAYO,LICEO SECUNDARIO MARIA ANTO- NIA GOMEZ,CALLE DUARTE NO.43,CENTRO DE LA CIUDAD,2
BAHORUCO,TAMAYO,TAMAYO,ESCUELA PRIMARIA MARIA TERE- SA MIRABAL,PARAJE BARRANCA,BARRANCA,8
BAHORUCO,TAMAYO,TAMAYO,ESCUELA PRIMARIA MANUEL DE JESUS GALVAN,PARAJE VUELTA GRANDE,VUELTA GRANDE,7
BAHORUCO,TAMAYO,TAMAYO,ESCUELA PRIMARIA FRANCISCO ALBERTO CAAÑO,PARAJE HONDURAS,HONDURAS,23
BAHORUCO,TAMAYO,TAMAYO,ESCUELA PRIMARIA JUAN PABLO DUARTE,PARAJE HATO NUEVO,HATO NUEVO,"0021,0028"
BAHORUCO,TAMAYO,TAMAYO,ESCUELA PRIMARIA FRANCISCO HENRIQUEZ Y CARUJAL,PARAJE LA CUABA,LA CUABA,"0022,0036"
BAHORUCO,TAMAYO,TAMAYO,ESCUELA FRANCISCO GREGORIO BILLINI,CERRO DE SANTANA,VILLA LIBERACION,41
BAHORUCO,TAMAYO,TAMAYO,ESCUELA PRIMARIA APOLINAR PERDOMO,CALLE FABIAN MATOS NO. 50,CENTRO DE LA CIUDAD,"0004A,0042"
BAHORUCO,TAMAYO,TAMAYO,LICEO PROFESOR JUAN BOSCH,CALLE SANTA RITA,CENTRO DE LA CIUDAD,"0001,0003"
BAHORUCO,TAMAYO,TAMAYO,CASA DE LA CULTURA,"CALLE DUARTE NO.43, AL FRENTE",CENTRO DE LA CIUDAD,"0004,0035"
BAHORUCO,TAMAYO,TAMAYO,ESCUELA PRIMARIA ALEYRIS MAGDALENA,CALLE SANTA RITA,BARRIO LA ALTAGRACIA,"0025,0037"
BAHORUCO,TAMAYO,UVILLA (DM),ESCUELA PRIMARIA GREGORIO URBANO GILBERT,PARAJE EL JOBO,EL JOBO,"0009,0039"
BAHORUCO,TAMAYO,UVILLA (DM),OFICINA DE JUNTA MUNICIPAL AYUNTAMIENTO,CALLE PRINCIPAL,UVILLA,16
BAHORUCO,TAMAYO,UVILLA (DM),ESCUELA PRIMARIA CRECENCIO RODRIGUEZ,PARAJE UVILLA,UVILLA,38
BAHORUCO,TAMAYO,UVILLA (DM),LICEO GASTON FERNANDO DELIGNE,DISTRITO MUNICIPAL UVILLA,UVILLA,"0015,0026,0045"
BAHORUCO,TAMAYO,SANTANA (DM),ESCUELA PRIMARIA MAURICIO BAEZ,PARAJE BAYAHONDA,BAYAHONDA,"0032,0032A,0044"
BAHORUCO,TAMAYO,SANTANA (DM),ESCUELA PRIMARIA RURAL,PARAJE LOS CONUQUITOS,LOS CONUQUITOS,31
BAHORUCO,TAMAYO,SANTANA (DM),ESCUELA PRIMARIA JUAN BAUTIS- TA VICINI,PARAJE SAN RAMON,SAN RAMON,34
BAHORUCO,TAMAYO,SANTANA (DM),ESCUELA PRIMARIA SALOME HENRIQUEZ,ALTAMIRA,ALTAMIRA,"0033,0043"
BAHORUCO,TAMAYO,SANTANA (DM),LICEO LUCIA MEDINA VOLQUEZ,CALLE CENTRAL,SANTANA,"0010,0011,0012"
BAHORUCO,TAMAYO,MONSERRAT (DM),ESCUELA PRIMARIA LIDIA MARIA BELTRES,PARAJE MONSERRATE,MONSERRAT,"0013A,0014,0024"
BAHORUCO,TAMAYO,MONSERRAT (DM),AYUNTAMIENTO DEL DISTRITO MUNICIPAL MONSERRAT,D.M. MONSERRAT,MONSERRAT,13
BAHORUCO,TAMAYO,MONSERRAT (DM),CENTRO COMUNITARIO,CALLE PRINCIPAL,MONSERRAT,40
BAHORUCO,TAMAYO,CABEZA DE TORO (DM),ESCUELA PRIMARIA ANACAONA,PARAJE CABEZA DE TORO,CABEZA DE TORO,"0005,0005A"
BAHORUCO,TAMAYO,CABEZA DE TORO (DM),ESCUELA PRIMARIA CAONABO,PARAJE EL GRANADO,EL GRANADO,6
BAHORUCO,TAMAYO,CABEZA DE TORO (DM),ESCUELA PRIMARIA ENRIQUILLO,PARAJE GUANARATE,GUANARATE,29
BAHORUCO,TAMAYO,MENA (DM),ESCUELA PRIMARIA CRISTINO MATOS LEDESMA,PARAJE MENA ARRIBA,MENA ARRIBA,"0019,0020"
BAHORUCO,TAMAYO,MENA (DM),ESCUELA PRIMARIA RURAL,PARAJE MENA ABAJO,MENA ABAJO,"0030,0030A"
BAHORUCO,TAMAYO,SANTA BARBARA EL 6 (DM),ESCUELA PRIMARIA ERCILIA PEPIN ESTRELLA,PARAJE BATEY 6,BATEY 6,"0017,0018,0018A"
BAHORUCO,TAMAYO,SANTA BARBARA EL 6 (DM),LICEO FRANCISCO DEL ROSARIO SANCHEZ,CALLE FRANCISCO ALCAN- TARA NO. 4,BATEY 6,"0017A,0027"
BAHORUCO,VILLA JARAGUA,VILLA JARAGUA,ESCUELA PRIMARIA URBANA ANACAONA,CALLE 27 DE FEBRERO,CENTRO DE LA CIUDAD,"0001,0002,0003"
BAHORUCO,VILLA JARAGUA,VILLA JARAGUA,LICEO SECUNDARIO,CALLE 27 DE FEBRERO,CENTRO DE LA CIUDAD,"0004,0020,0028,0029"
BAHORUCO,VILLA JARAGUA,VILLA JARAGUA,OFICINAS MUNICIPALES,CALLE ENRIQUILLO,CENTRO DE LA CIUDAD,6
BAHORUCO,VILLA JARAGUA,VILLA JARAGUA,ESCUELA PRIMARIA RURAL,PARAJE PIE DE LA LOMA,PIE DE LA LOMA,16
BAHORUCO,VILLA JARAGUA,VILLA JARAGUA,ESCUELA EL PALENQUE,C/ DUARTE,PALENQUE,"0030,0031,0033"
BAHORUCO,VILLA JARAGUA,VILLA JARAGUA,ESCUELA BASICA MANUEL AURE- LIO TAVARES JUSTO,CALLE O,TUNAL ARRIBA,"0022,0022A"
BAHORUCO,VILLA JARAGUA,VILLA JARAGUA,ESCUELA BASICA FRANCISCO HENRIQUEZ Y CARVAJAL,CALLE 5TA. ESQ. AVE.CENTRAL,NUEVO,"0005,0008"
BAHORUCO,VILLA JARAGUA,VILLA JARAGUA,ESCUELA BASICA PROF. JOSE ALTAGRACIA FERRERAS,CALLE SANCHEZ S/N,EL HATO,"0007,0021"
BAHORUCO,VILLA JARAGUA,VILLA JARAGUA,CENTRO EDUCATIVO MARIE POUSSEPIN FE Y ALEGRIA,CALLE LA MADRE S/N,CENTRO DE LA CIUDAD,"0017,0025,0032,0034"
BAHORUCO,VILLA JARAGUA,VILLA JARAGUA,ESCUELA LOMA DE COLORADO,PARAJE LOMA DE COLORADO,COLORADO,15
BAHORUCO,LOS RIOS,LOS RIOS,ESCUELA PRIMARIA HERMANAS MIRABAL,C/ VISTA LAGO ENRIQUILLO S/N,CENTRO DE LA CIUDAD,1
BAHORUCO,LOS RIOS,LOS RIOS,ESCUELA PRIMARIA RURAL,PARAJE LOS MOSQUITOS,LOS MOSQUITOS,11
BAHORUCO,LOS RIOS,LOS RIOS,ESCUELA PRIMARIA JUAN PABLO DUARTE,CALLE ANTONIA SOSA ESQ. MAMBOY,CENTRO DE LA CIUDAD,"0010,0013,0014,0019,0033"
BAHORUCO,LOS RIOS,LOS RIOS,ESCUELA PRIMARIA JACINTO DE LA CONCHA,PARAJE EL HIGO DE LA CRUZ,EL HIGO DE LA CRUZ,12
BAHORUCO,LOS RIOS,LOS RIOS,LICEO DE EDUCACION MEDIA PROF. HUMBERTO RECIO,"CALLE MAMBOY, CENTRO DE LA CIUDAD",CENTRO DE LA CIUDAD,"0023,0026,0027,0031,0034"
BAHORUCO,LOS RIOS,LAS CLAVELLINAS (DM),ESCUELA PRIMARIA MAXIMO GOMEZ,DM LAS CLAVELLINAS,LAS CLAVELLINAS,"0009,0018,0030,0032"
BAHORUCO,GALVAN,GALVAN,CENTRO DE EDUCACION BASICA PROF. ULPINA GONZALEZ M,PARAJE EL MAMON,EL MAMON,"0011,0012,0013,0029"
BAHORUCO,GALVAN,GALVAN,CENTRO DE EDUCACION PRI- MARIA 13 MARZO,PARAJE EL RODEO,EL RODEO,18
BAHORUCO,GALVAN,GALVAN,CENTRO BASICO ROBERTINA MONTERO MORETA,PARAJE LAS TEJAS,LAS TEJAS,"0016,0017,0021"
BAHORUCO,GALVAN,GALVAN,CENTRO EDUCATIVO FRANCISCO HERASME,PARAJE MAJAGUAL,MAJAGUAL,"0014,0023"
BAHORUCO,GALVAN,GALVAN,CENTRO DE EDUCACION PRI- MARIA JOSE NUÑEZ DE CACERES,PARAJE LA SABILA,LA SABILA,"0007,0008,0030"
BAHORUCO,GALVAN,GALVAN,LICEO SECUNDARIO FERNANDO TAVERA,CALLE JOSE SANTANA #79,CENTRO DE LA CIUDAD,"0002,0005,0006,0025,0031"
BAHORUCO,GALVAN,GALVAN,ESCUELA ESPEJO,CALLE PADRE BILLINI,LOS COCOS,"0001,0003,0004,0024,0028"
BAHORUCO,GALVAN,EL SALADO (DM),CENTRO EDUCATIVO PRO. ADELCIDA PEÑA MENDEZ,PARAJE EL SALADO,EL SALADO,"0019,0020,0027"
BAHORUCO,GALVAN,EL SALADO (DM),CENTRO EDUCATIVO JOSE TITO SANTANA,PARAJE EL TAMARINDO,EL TAMARINDO,"0015,0026"
BARAHONA,BARAHONA,BARAHONA,ESCUELA PRIMARIA VIRGILIO PELAEZ,CALLE GRAL. CABRAL ESQ. DONANTE,VILLA ESTELA,"0024,0025,0026,0027,0028,0077,0081,0129"
BARAHONA,BARAHONA,BARAHONA,CATEDRAL NUESTRA SEÑORA DEL ROSARIO,CALLE NUESTRA DEL ROSARIO ESQ. DUVERGE,CENTRO DE LA CIUDAD,"0017,0018,0075,0140"
BARAHONA,BARAHONA,BARAHONA,ESCUELA PRIMARIA PARROQUIAL SAN JUAN BOSCO,CALLE LUIS PELAEZ MENDEZ NO. 14,CAMBOYA,"0082,0087,0115,0120,0132,0146"
BARAHONA,BARAHONA,BARAHONA,ESCUELA PRIMARIA PARROQUIAL LA ALTAGRACIA,CALLE B NO. 8,PUEBLO NUEVO,"0043,0043A,0071,0071A,0084,0084A,0108,0108A"
BARAHONA,BARAHONA,BARAHONA,ESCUELA PRIMARIA JAIME MOTA,PROLONGACION PADRE CAMI- LO BOESMAN,PALMARITO,"0040,0040A,0088,0088A,0126"
BARAHONA,BARAHONA,BARAHONA,ESCUELA PARROQUIAL PRIMARIA CRISTO REY,CALLE PADRE CAMILO BOES- MAN NO. 170,SAVICA,"0036,0037,0038,0039,0070,0070A,0110,0136"
BARAHONA,BARAHONA,BARAHONA,ESCUELA PRIMARIA CLUB LOS LEONES,CALLE VICTOR MATOS NO. 51,LAS FLORES,"0033,0034,0034A,0035,0113,0137"
BARAHONA,BARAHONA,BARAHONA,COLEGIO BARNEY N. MORGAN,CALLE URUGUAY NO. 76,CENTRO DE LA CIUDAD,"0011,0012,0013,0031,0032,0095"
BARAHONA,BARAHONA,BARAHONA,CONANI,SECUNDINO GOMEZ,ENRIQUILLO,"0044,0045,0046,0112"
BARAHONA,BARAHONA,BARAHONA,ESCUELA PRIMARIA BAITOITA,CALLE JUAN MIGUEL CUEVAS,BAITOITA,"0041,0041A,0042,0042A,0111"
BARAHONA,BARAHONA,BARAHONA,IGLESIA DEL NAZARENO,CALLE PROLONGACION DUAR- TE NO. 1,LA PLAYA,"0020,0097"
BARAHONA,BARAHONA,BARAHONA,POLICTECNICO DR. FEDERICO HENRIQUEZ Y CARVAJAL,"CALLE JOSE A. ROBERT NO. 1, ESQ. CASANDRA DAMIRON",SAVICA,"0014,0014A,0015,0016,0069,0109,0127,0138"
BARAHONA,BARAHONA,BARAHONA,ESCUELA PRIMARIA LEONOR FELTZ,AVENIDA LUPERON,EL ARCO,"0007,0008,0080,0085"
BARAHONA,BARAHONA,BARAHONA,SINDICATO DE ESTIBADORES DE CARGA PESADA,CALLE GRAL. SANTIAGO PEG- UERO NO.61,CENTRO DE LA CIUDAD,"0019,0021,0076"
BARAHONA,BARAHONA,BARAHONA,ESCUELA PRIMARIA SANTA ELENA,PARAJE SANTA ELENA,SANTA ELENA,"0063,0104"
BARAHONA,BARAHONA,BARAHONA,ESCUELA PRIMARIA MARIA AUXIL- IADORA,"CALLE TOMAS SUERO # 24, BARRIO ENRIQUILLO",ENRIQUILLO,"0099,0099A,0123,0142,0151"
BARAHONA,BARAHONA,BARAHONA,OFICINA DE CORREOS Y TELECO- MUNICACIONES,"C/NUESTRA SRA DEL ROSARIO ESQ. 30 DE MAYO, CENTRO DE CIUDAD",CENTRO DE LA CIUDAD,"0022,0023"
BARAHONA,BARAHONA,BARAHONA,INSTITUTO AGRARIO DOMINICANO (IAD),CARRETERA CASANDRA DAMIRON,ENTRADA BARAHONA,"0124,0144"
BARAHONA,BARAHONA,BARAHONA,ESCUELA PRIMARIA LOS LIRIOS,CALLE B NO. 20,PUEBLO NUEVO,"0121,0125,0128,0147"
BARAHONA,BARAHONA,BARAHONA,CAPILLA SAN DIEGO,CALLE DONANTE,VILLA ESTELA,"0029,0030,0098"
BARAHONA,BARAHONA,BARAHONA,CIUDAD UNIVERSITARIA (CUR- SO-UASD),AV. EN PROYECTO ESQ. LU- PERON,30 DE MAYO,"0094,0094A,0118,0148"
BARAHONA,BARAHONA,BARAHONA,ESCUELA PRIMARIA LISSANDRA APONTE,VICENTE PEREZ,IMBERT,149
BARAHONA,BARAHONA,BARAHONA,CAMPUS I CURSO-UASD,CALLE LUIS E. DEL MONTE N0. 1,CENTRO DE LA CIUDAD,"0009,0010,0074,0096,0143"
BARAHONA,BARAHONA,BARAHONA,LICEO DOMINGA SANLATE,CALLE JUAN MANUEL CUEVAS N0.20,ENRIQUILLO,"0086,0086A,0150"
BARAHONA,BARAHONA,EL CACHON (DM),ESCUELA PRIMARIA FIDEL MEDINA,CALLE SANTA LOURDES NO. 34,EL CACHON,"0061,0062,0103"
BARAHONA,BARAHONA,LA GUAZARA (DM),ESCUELA PRIMARIA PROF. FIDELI- NA FELIZ MATOS,PARAJE LA GUAZARA,LA GUAZARA,"0064,0064A,0141"
BARAHONA,BARAHONA,VILLA CENTRAL (DM),ESCUELA PRIMARIA ANAIMA TEJEDA,"BO. LA MONTAÑITA, BATEY CENTRAL",BATEY CENTRAL,"0093,0093A,0122,0135"
BARAHONA,BARAHONA,VILLA CENTRAL (DM),"PABELLON DE BALONCESTO, VILLA OLIMPICA",CALLE ANTONIO SUBERVI,BATEY CENTRAL,"0006,0073,0073A,0114,0131"
BARAHONA,BARAHONA,VILLA CENTRAL (DM),ESCUELA PRIMARIA MARIA MONTEZ,CALLE PRINCIPAL AL FINAL,LOS SOLARES DE MILTON,"0117,0130,0145,0152"
BARAHONA,BARAHONA,VILLA CENTRAL (DM),PABELLON DE ENTRENAMIENTO VILLA OLIMPICA,CALLE ANTONIO SUBERVI N0. 14,BATEY CENTRAL,"0005,0005A,0119,0133"
BARAHONA,BARAHONA,VILLA CENTRAL (DM),LICEO JOSE ALTAGRACIA ROBERT,CALLE PROLONGACION AVENI- DA ENRIQUILLO NO. 8,BATEY CENTRAL,"0003,0004,0092,0134,0153"
BARAHONA,BARAHONA,VILLA CENTRAL (DM),LICATEBA,CALLE PRIMERA,JUAN PABLO DUARTE,"0001,0002,0089,0091,0139"
BARAHONA,CABRAL,CABRAL,ESCUELA PRIMARIA TERESA PEÑA,BARRIO LA PEÑUELA,LA PEÑUELA,"0002,0003,0033,0041"
BARAHONA,CABRAL,CABRAL,ESCUELA PRIMARIA URB. CATALI- NA POU,CALLE PABLO URBAEZ,LA PEÑUELA,"0004,0037"
BARAHONA,CABRAL,CABRAL,ESC. PRIM. URBANA ALVARO OLIVERO,C/ GASTON F. DELIGNE,EL LLANO,"0007,0029,0036"
BARAHONA,CABRAL,CABRAL,LICEO SECUNDARIO FRANCISCO A. PEÑA,AVENIDA LIBERTAD,CENTRO DE LA CIUDAD,"0030,0034,0042"
BARAHONA,CABRAL,CABRAL,ESCUELA PRIMARIA RURAL,PARAJE LA LISTA,LA LISTA,31
BARAHONA,CABRAL,CABRAL,ESCUELA PRIMARIA RURAL,PARAJE EL NARANJO,EL NARANJO,16
BARAHONA,CABRAL,CABRAL,ESCUELA PRIMARIA RURAL,PARAJE TIERRA BLANCA,TIERRA BLANCA,"0014,0015,0039,0046"
BARAHONA,CABRAL,CABRAL,OFICINA DEL DISTRITO EDUCATI- VO 01-07,"C/ SAN ANDRES, BARRIO ABAJO",ABAJO,"0005,0035,0043"
BARAHONA,CABRAL,CABRAL,ESCUELA DE CONANI,JOSE MARIA CABRAL #39,LA PEÑUELA,40
BARAHONA,CABRAL,CABRAL,ESCUELA PRIMARIA RURAL MA- JAGUAL,PARAJE MAJAGUAL,EL MAJAGUAL,"0013,0038,0045"
BARAHONA,CABRAL,CABRAL,LICEO CARMEN MARTE DE NIN,CALLE PROYECTO BARRIO ARRIBA,ARRIBA,47
BARAHONA,CABRAL,CABRAL,CLUB CASINO NUEVO AMANECER,CALLE 16 DE AGOSTO,CENTRO DE LA CIUDAD,"0006,0044"
BARAHONA,CABRAL,CABRAL,ESCUELA DE INFORMATICA ELSA CELESTE FERNANDEZ,CALLE JAPONES SUAREZ,CENTRO DE LA CIUDAD,1
BARAHONA,CABRAL,CABRAL,ESCUELA PRIMARIA EL BRISAL,"PARAJE EL BRISAL, CARRET- ERA POLO",LA CUEVA,18
BARAHONA,ENRIQUILLO,ENRIQUILLO,ESCUELA PRIMARIA RURAL,PARAJE LOS COCOS,LOS COCOS,"0013,0015,0018"
BARAHONA,ENRIQUILLO,ENRIQUILLO,ESCUELA PRIMARIA RURAL,PARAJE CALETON,CALETON,14
BARAHONA,ENRIQUILLO,ENRIQUILLO,ESCUELA PRIMARIA RURAL,PARAJE LOS BLANCOS,LOS BLANCOS,"0016,0019"
BARAHONA,ENRIQUILLO,ENRIQUILLO,ESCUELA BASICA TATIANA RODRI- GUEZ,CALLE BENIGNO CUESTA,TAMAYO,"0001,0020,0022"
BARAHONA,ENRIQUILLO,ENRIQUILLO,ESCUELA BASICA ISMAEL MIRAN- DA,CALLE VENEZUELA NO. 29,LUPERON,"0002,0003,0012,0017,0021"
BARAHONA,ENRIQUILLO,ARROYO DULCE (DM),ESCUELA PRIMARIA RURAL,PARAJE ARROYO DULCE,ARROYO DULCE,"0010,0011"
BARAHONA,ENRIQUILLO,ARROYO DULCE (DM),ESCUELA PRIMARIA RURAL,PARAJE EL HIGUERO,EL HIGUERO,8
BARAHONA,ENRIQUILLO,ARROYO DULCE (DM),ESCUELA PRIMARIA RURAL,"PARAJE NARANJAL, NARANJAL",NARANJAL,9
BARAHONA,VICENTE NOBLE,VICENTE NOBLE,ESC. PRIMARIA ALTAGRACIA H. PERDOMO,CALLE PRIMERA NO. 1,GALINDO,"0015,0018,0024,0026,0028"
BARAHONA,VICENTE NOBLE,VICENTE NOBLE,LICEO TECNICO SAN JOSE,CALLE GASTON F. DELIGNE NO. 87,CENTRO DE LA CIUDAD,"0005,0006,0007,0008,0029"
BARAHONA,VICENTE NOBLE,VICENTE NOBLE,LICEO SECUNDARIO EL TREN,CALLE GASTON F. DELIGNE NO.87,CENTRO DE LA CIUDAD,"0002,0002A,0002B,0016,0016A,0017,0025"
BARAHONA,VICENTE NOBLE,VICENTE NOBLE,CENTRO DE CAPACITACION Y PROD. PROGRESANDO CON SOLIDARIDAD,"CALLE CAONABO N0. 2, ESQ. C/ JOSE A. ROBERT",BARRIO CENTRO,1
BARAHONA,VICENTE NOBLE,VICENTE NOBLE,ESCUELA JOSE NAVARRO,CALLE VIA ARROYO GRANDE,EL ERIZAL,"0003,0004,0004A,0033"
BARAHONA,VICENTE NOBLE,CANOA (DM),CENTRO EDUCATIVO EMETERIO VARGAS,"CALLE 24 DE MAYO, DM CANOA",BOMBITA,"0013,0014,0020,0020A"
BARAHONA,VICENTE NOBLE,CANOA (DM),CENTRO EDUCATIVO COPA,PARAJE BOMBITA,BOMBITA,"0021,0031"
BARAHONA,VICENTE NOBLE,QUITA CORAZA (DM),CENTRO EDUCATIVO MATIAS RAMON MELLA,"CALLE PRINCIPAL NO. 83, EL HIGUITO",EL HIGUITO,"0023,0032"
BARAHONA,VICENTE NOBLE,QUITA CORAZA (DM),CENTRO EDUCATIVO FRANCISCO QUEZADA,DISTRITO MUNICIPAL QUITA CORAZA,QUITA CORAZA,"0009,0010,0027"
BARAHONA,VICENTE NOBLE,FONDO NEGRO (DM),CENTRO EDUCATIVO JUAN LUCAS FELIZ,"CALLE LUPERON NO. 35, DM FONDO NEGRO",FONDO NEGRO,"0019A,0030"
BARAHONA,VICENTE NOBLE,FONDO NEGRO (DM),CENTRO EDUCATIVO FRANCISCO ALBERTO CAAMAÑO,"CALLE PRINCIPAL, ARROYO GRANDE",ARROYO GRANDE,22
BARAHONA,VICENTE NOBLE,FONDO NEGRO (DM),ESCUELA SALOME UREÐA,"CALLE MANOLO TAVARES JUS- TO, DM FONDO NEGRO",LAS AVEJAS,"0011,0012,0019,0034"
BARAHONA,PARAISO,PARAISO,CENTRO EDUCATIVO JOSE PEREZ RAMIREZ,C/ ENRIQUILLO,MEJORAMIENTO SOCIAL,"0006,0007,0017"
BARAHONA,PARAISO,PARAISO,AYUNTAMIENTO MUNICIPAL,C/ DUARTE NO.14,CENTRO CIUDAD,15
BARAHONA,PARAISO,PARAISO,ESCUELA PRIMARIA URBANA,C/ PADRE BILLINI,MEJORAMIENTO SOCIAL,"0004,0005,0011,0012,0018"
BARAHONA,PARAISO,PARAISO,"SALON PARROQUIAL, IGLESIA CATOLICA VIEJA",C/ DUARTE. CIUDAD,CENTRO CIUDAD,16
BARAHONA,PARAISO,PARAISO,ESCUELA PRIMARIA RURAL,PARAJE EL PLATON,EL PLATON,"0002,0013"
BARAHONA,PARAISO,PARAISO,ESCUELA PRIMARIA RURAL,PARAJE LEONARDO,LEONARDO,"0001,0003"
BARAHONA,PARAISO,PARAISO,ESCUELA PRIMARIA RURAL,PARAJE SAN RAFAEL,SAN RAFAEL,14
BARAHONA,PARAISO,PARAISO,ESCUELA IGNACIO ADONIS,BARRIO LA ALTAGRACIA,CENTRO CIUDAD,19
BARAHONA,PARAISO,PARAISO,ESCUELA JANEIRO MUÑOZ VASQUEZ,BARRIO EL PLAY,BARRIO EL PLAY,22
BARAHONA,PARAISO,PARAISO,ESCUELA JANEIRO MUÑOZ VASQUEZ,BARRIO EL PLAY,BARRIO EL PLAY,23
BARAHONA,PARAISO,LOS PATOS (DM),ESCUELA PRIMARIA RURAL,PARAJE OJEDA,OJEDA,"0010,0020"
BARAHONA,PARAISO,LOS PATOS (DM),ESCUELA PRIMARIA RURAL,PARAJE LOS PATOS,LOS PATOS,"0008,0009,0021"
BARAHONA,POLO,POLO,ESCUELA PRIMARIA URBANA,CIUDAD,CENTRO DE LA CIUDAD,"0001,0021,0022,0041"
BARAHONA,POLO,POLO,ESCUELA PRIMARIA RURAL,PARAJE EL FONDO,EL FONDO,"0023,0024,0040"
BARAHONA,POLO,POLO,ESCUELA PRIMARIA RURAL,PARAJE LOS ARROYOS,LOS ARROYOS,"0025,0026,0027"
BARAHONA,POLO,POLO,ESCUELA PRIMARIA RURAL,PARAJE LAS AUYAMAS,LAS AUYAMAS,"0019,0020,0039"
BARAHONA,POLO,POLO,ESCUELA PRIMARIA RURAL,PARAJE LOS CHARQUITOS,LOS CHARQUITOS,17
BARAHONA,EL PEÑON,EL PEÑON,ESCUELA PRIMARIA PROF. MARINA SEPULVEDA,C/ DUARTE,CENTRO DE LA CIUDAD,"0050,0051,0052,0053"
BARAHONA,EL PEÑON,EL PEÑON,LICEO SECUNDARIO EL PEÑÓN,CALLE SANTA LUCÍA NO. 3,CENTRO DE LA CIUDAD,"0001,0083,0101"
BARAHONA,FUNDACION,FUNDACION,ESCUELA PRIMARIA URBANA,C/ PROLONGACION SANTA LUCIA,CENTRO DE LA CIUDAD,"0001,0054,0102"
BARAHONA,FUNDACION,FUNDACION,ESCUELA PRIMARIA RURAL,PARAJE BATEY ALTAGRACIA,BATEY ALTAGRACIA,57
BARAHONA,FUNDACION,FUNDACION,LICEO ABELARDO PÉREZ CALDERÓN,CALLE PROLONGACIÓN SANTA LUClA,CENTRO DE LA CIUDAD,"0055,0056"
BARAHONA,FUNDACION,PESCADERIA (DM),ESCUELA PRIMARIA RURAL,PARAJE LA HOYA,LA HOYA,"0060,0060A"
BARAHONA,FUNDACION,PESCADERIA (DM),ESCUELA PRIMARIA RURAL,PARAJE PESCADERIA,PESCADERIA,"0059,0059A"
BARAHONA,FUNDACION,PESCADERIA (DM),ESCUELA PRIMARIA RURAL,PARAJE HABANERO,HABANERO,107
BARAHONA,FUNDACION,PESCADERIA (DM),ESCUELA PRIMARIA RURAL,PARAJE HATO VIEJO,HATO VIEJO,116
BARAHONA,FUNDACION,PESCADERIA (DM),LICEO RAMÓN MATlAS MELLA,PARAJE PESCADERlA,PESCADERIA,"0058,0058A"
BARAHONA,LAS SALINAS,LAS SALINAS,ESCUELA BASICA LAS SALINAS,CALLE PROF. VALENCIA MATOS DIAZ,CENTRO DE LA CIUDAD,"0008,0009,0010,0032"
BARAHONA,LAS SALINAS,LAS SALINAS,ESCUELA BASICA LOS SALADIL- LOS,PARAJE SALADILLO,SALADILLO,"0028,0033"
BARAHONA,LAS SALINAS,LAS SALINAS,LICEO SECUNDARIO PROF. VALEN- CIA MATOS DIAZ,"C/ CEILAN ALONZO TORRES, CIUDAD",CENTRO DE LA CIUDAD,"0001,0012,0034"
BARAHONA,LA CIENAGA,LA CIENAGA,ESCUELA BARRIO FUDECO,SALOME UREÑA #1,FUDECO,107
BARAHONA,LA CIENAGA,LA CIENAGA,LICEO LA CIÉNAGA,CALLE MARÍA TRINIDAD SÁN- CHEZ,CENTRO DE LA CIUDAD,"0001,0067,0068,0068A,0079,0111"
BARAHONA,LA CIENAGA,BAHORUCO (DM),ESCUELA PRIMARIA RURAL,PARAJE BAHORUCO,BAHORUCO,"0066,0072,0106,0109"
BARAHONA,LA CIENAGA,BAHORUCO (DM),ESCUELA PRIMARIA RURAL EL REFUGIO PARAJE EL ARROYO,PARAJE EL ARROYO,EL ARROYO,"0065,0110"
BARAHONA,LA CIENAGA,BAHORUCO (DM),ESCUELA PRIMARIA RURAL,PARAJE JUAN ESTEBAN,JUAN ESTEBAN,"0105,0108"
BARAHONA,JAQUIMEYES,JAQUIMEYES,CENTRO DE EDUCACION BASICA HILDA CELESTE RAMIREZ,CALLE GRACIA DE DIOS,CENTRO DE LA CIUDAD,"0001,0047,0048,0078,0100"
BARAHONA,JAQUIMEYES,PALO ALTO (DM),CENTRO DE EDUCACION BASICA FIAMETA GARCIA,PARAJE PALO ALTO,PALO ALTO,"0049,0090"
DAJABON,RESTAURACION,RESTAURACION,JUZGADO DE PAZ,AV. SAN JOSE NO.30,DUARTE,3
DAJABON,RESTAURACION,RESTAURACION,OFICINA DE AGRICULTURA,CALLE MAURO PAZ NO.9-A,DUARTE ABAJO,12
DAJABON,RESTAURACION,RESTAURACION,ESCUELA JOSE ANTONIO SAL- CEDO,C/ ENERIO HERNANDEZ,CENTRO DE LA CIUDAD,"0001,0014"
DAJABON,RESTAURACION,RESTAURACION,ESCUELA PRIMARIA RURAL,P. CRUZ DE CABRERA ABAJO,CRUZ DE CABRERA ABAJO,9
DAJABON,RESTAURACION,RESTAURACION,ESCUELA PRIMARIA RURAL,PARAJE LA GARRAPATA,LA GARRAPATA,4
DAJABON,RESTAURACION,RESTAURACION,ESCUELA PRIMARIA RURAL,PARAJE MARIANO CESTERO,MARIANO CESTERO,5
DAJABON,RESTAURACION,RESTAURACION,ESCUELA PRIMARIA RURAL,PARAJE KILOMETRO DOS,KILOMETRO 2,11
DAJABON,RESTAURACION,RESTAURACION,ESCUELA PRIMARIA RURAL,PARAJE TRINITARIA,TRINITARIA,10
DAJABON,RESTAURACION,RESTAURACION,ESCUELA PRIMARIA RURAL,PARAJE LAS ROSAS,LAS ROSAS,"0008,0013"
DAJABON,RESTAURACION,RESTAURACION,ESCUELA PRIMARIA RURAL,PARAJE BAUL,BAUL,6
DAJABON,RESTAURACION,RESTAURACION,ESCUELA PRIMARIA RURAL,PARAJE BERENJENA,BERENJENA,7
DAJABON,RESTAURACION,RESTAURACION,LICEO SAN JOSE,CALLE PROLONGACION DUAR- TE NO. 1,CENTRO DE LA CIUDAD,2
DAJABON,DAJABON,DAJABON,ANTIGUO LICEO SECUNDARIO,BELLER,MEJORAMIENTO SOCIAL,"0009,0010,0034"
DAJABON,DAJABON,DAJABON,AYUNTAMIENTO MUNICIPAL,PTE. HENRIQUEZ/27 FEBRERO,CENTRO DE LA CIUDAD,3
DAJABON,DAJABON,DAJABON,COLEGIO LOYOLA,DUARTE/EMILIO BATISTA 70,CENTRO DE LA CIUDAD,"0004,0005,0006,0058"
DAJABON,DAJABON,DAJABON,ESC. PRIM. SAN MARTIN DE PORRES,"CAPOTILLO NO.20, BO. BENITO MONCION",BENITO MONCION,"0031,0048"
DAJABON,DAJABON,DAJABON,ESCUELA PRIMARIA JOSE RAMON LOPEZ,PRESIDENTE HENRIQUEZ/ EMILIO BATISTA,CENTRO DE LA CIUDAD,"0007,0008,0036,0037,0049,0049A,0050"
DAJABON,DAJABON,DAJABON,ESCUELA PRIMARIA VILLA ALEGRE,BARRIO VILLA ALEGRE,VILLA ALEGRE,"0038,0054"
DAJABON,DAJABON,DAJABON,ESCUELA PRIMARIA RURAL,PARAJE COLONIA LA FE,COLONIA LA FE (BAR- RIO LA ESPERANZA),"0014,0014A,0035"
DAJABON,DAJABON,DAJABON,ESCUELA PRIMARIA RURAL,PARAJE CORRAL GRANDE,CORRAL GRANDE,"0015,0042"
DAJABON,DAJABON,DAJABON,ESCUELA PRIMARIA RURAL,PARAJE CLAVELLINA,CLAVELLINA,"0018,0047"
DAJABON,DAJABON,DAJABON,ESCUELA PRIMARIA RURAL,PARAJE LOS ARROYOS,LOS ARROYOS,"0017,0045,0046"
DAJABON,DAJABON,DAJABON,ESCUELA PRIMARIA RURAL,PARAJE SABANA SANTI- AGO(AVIACION),SABANA SANTIAGO (AVIACION),44
DAJABON,DAJABON,DAJABON,ESCUELA PRIMARIA RURAL,PARAJE SABANA LARGA,SABANA LARGA,"0019,0020"
DAJABON,DAJABON,DAJABON,ESCUELA PRIMARIA RURAL DE CHACUEY,PARAJE CHACUEY,CHACUEY,29
DAJABON,DAJABON,DAJABON,COLEGIO LA ALTAGRACIA,C/ DUARTE ESQ. SANCHEZ,CENTRO DE LA CIUDAD,"0001,0002,0003A,0032,0033,0055,0059"
DAJABON,DAJABON,DAJABON,ESCUELA DE EDUCACION ESPE- CIAL,CALLE SANCHEZ ESQ. SAN MARTIN DE PORRES,BENITO MONCION,"0051,0052,0056"
DAJABON,DAJABON,DAJABON,ESCUELA LOS MICHES,BARRIO LOS MICHES,MICHE,"0053,0060"
DAJABON,DAJABON,DAJABON,ESCUELA FRANCISCO JAVIER UREÑA CANELA,CALLE CORREDOR ESTUDIAN- TIL BRISAS DE LOYOLA,BENITO MONCION,"0048A,0057,0061"
DAJABON,DAJABON,DAJABON,ESCUELA PRIMARIA RURAL DE PALO BLANCO,PARAJE PALO BLANCO,PALO BLANCO,"0016,0043"
DAJABON,DAJABON,DAJABON,INSTITUTO DE ESTABILIZACION DE PRECIOS -INESPRE-,CARRETERA LA FE,COLONIA LA FE (BAR- RIO LA ESPERANZA),62
DAJABON,DAJABON,CAÑONGO (DM),ESCUELA PRIMARIA RURAL,PARAJE CAÑONGO,CAÑONGO,"0011,0013,0039"
DAJABON,DAJABON,CAÑONGO (DM),ESCUELA PRIMARIA RURAL,PARAJE LA VIGIA,LA VIGIA,"0012,0012A,0040,0041"
DAJABON,LOMA DE CABRERA,LOMA DE CABRERA,AYUNTAMIENTO MUNICIPAL,CALLE ALTAGRACIA,GREGORIO LUPERON,"0004,0044"
DAJABON,LOMA DE CABRERA,LOMA DE CABRERA,COLEGIO SIMON BOLIVAR,CALLE PROYECTO NO. 1,QUISQUEYA,3
DAJABON,LOMA DE CABRERA,LOMA DE CABRERA,ESCUELA VILLA OLIMPICA,CALLE ALTAGRACIA NO. 56,BO. GREGORIO LU- PERON,"0005,0006,0038,0042"
DAJABON,LOMA DE CABRERA,LOMA DE CABRERA,ESC. PRIMARIA RAFAEL DIAZ NIESE,CALLE RAFAEL DIAZ NIESE NO. 24,LEGION,"0032,0039,0041"
DAJABON,LOMA DE CABRERA,LOMA DE CABRERA,ESCUELA PRIMARIA DE LA PEÑITA ARRIBA,PARAJE PEÑITA ARRIBA,LA PEÑITA ARRIBA,30
DAJABON,LOMA DE CABRERA,LOMA DE CABRERA,ESCUELA PRIMARIA RURAL,PARAJE EL AGUACATE,EL AGUACATE,"0028,0029"
DAJABON,LOMA DE CABRERA,LOMA DE CABRERA,ESCUELA PRIMARIA RURAL,PARAJE EL CAJUIL,EL CAJUIL,"0026,0031"
DAJABON,LOMA DE CABRERA,LOMA DE CABRERA,ESCUELA PRIMARIA LA CEIBA,PARAJE LA CEIBA,LA CEYBA,"0027,0036"
DAJABON,LOMA DE CABRERA,LOMA DE CABRERA,ANTIGUA ESCUELA PRIMARIA DE EL COROZO,PARAJE COROZOS ARRIBA,COROZO ARRIBA,12
DAJABON,LOMA DE CABRERA,LOMA DE CABRERA,ESCUELA PRIMARIA PALO COLO- RADO,PARAJE PALO COLORADO,PALO COLORADO,13
DAJABON,LOMA DE CABRERA,LOMA DE CABRERA,ESCUELA PRIMARIA RURAL,PARAJE MONTE GRANDE,MONTE GRANDE,"0011,0033"
DAJABON,LOMA DE CABRERA,LOMA DE CABRERA,CASA DE LA CULTURA,CALLE DUARTE (CENTRO DE LA CIUDAD),CENTRO DE LA CIUDAD,"0037,0043"
DAJABON,LOMA DE CABRERA,LOMA DE CABRERA,ESCUELA QUISQUEYA,CALLE LIBERTAD NO. 53,QUISQUEYA,"0001,0002"
DAJABON,LOMA DE CABRERA,CAPOTILLO (DM),ESCUELA PRIMARIA DE CAPO- TILLO,PARAJE CAPOTILLO,CAPOTILLO,"0015,0040"
DAJABON,LOMA DE CABRERA,CAPOTILLO (DM),ESCUELA PRIMARIA DE LA PEÑITA ABAJO,PARAJE LA PEÑITA ABAJO,LA PEÑITA ABAJO,14
DAJABON,LOMA DE CABRERA,CAPOTILLO (DM),ESCUELA PRIMARIA RURAL,PARAJE HIPOLITO BILLINI,HIPOLITO BILLINI,"0016,0034"
DAJABON,LOMA DE CABRERA,SANTIAGO DE LA CRUZ (DM),ESCUELA PRIMARIA,PARAJE SANTIAGO DE LA CRUZ,SECTOR LA IGLESIA,"0008,0009,0010"
DAJABON,LOMA DE CABRERA,SANTIAGO DE LA CRUZ (DM),LOCAL ANTIGUA ESCUELA CAMPECHE,PARAJE CAMPECHE,CAMPECHE,7
DAJABON,PARTIDO,PARTIDO,ESCUELA PRIMARIA URBANA,PARTIDO,CENTRO DE LA CIUDAD,"0001,0002,0010,0013"
DAJABON,PARTIDO,PARTIDO,ESCUELA PRIMARIA RURAL,PARAJE AMINILLA,AMINILLA,"0007,0011"
DAJABON,PARTIDO,PARTIDO,ESCUELA PRIMARIA RURAL,PARAJE LA GORRA,LA GORRA,"0008,0009"
DAJABON,PARTIDO,PARTIDO,ESCUELA PRIMARIA RURAL,PARAJE PARTIDO ARRIBA,PARTIDO ARRIBA,"0006,0014"
DAJABON,PARTIDO,PARTIDO,ESCUELA PRIMARIA RURAL,PARAJE VACA GORDA,VACA GORDA,"0004,0005"
DAJABON,PARTIDO,PARTIDO,LICEO SECUNDARIO PADRE MAN- UEL GONZALES QUEVEDO,CALLE NICOLAS VALERIO #1,CENTRO DE LA CIUDAD,"0003,0012"
DAJABON,EL PINO,EL PINO,ESCUELA PRIMARIA RURAL,PARAJE EL RODEO,EL RODEO,"0017,0042"
DAJABON,EL PINO,EL PINO,ESCUELA PRIMARIA DE MATA DE LIMON,PARAJE MATA DE LIMON,MATA DE LIMON,18
DAJABON,EL PINO,EL PINO,LICEO SECUNDARIO,CIUDAD,CENTRO DE LA CIUDAD,"0001,0021,0035,0040"
DAJABON,EL PINO,EL PINO,ESCUELA PRIMARIA RURAL,C/ DUARTE,CENTRO DE LA CIUDAD,"0019,0020"
DAJABON,EL PINO,EL PINO,ESCUELA PLAN I,PARAJE PLAN I,PLAN I,"0041,0044"
DAJABON,EL PINO,MANUEL BUENO (DM),ESC. PRIMARIA RURAL DE PALOS BLANCOS,PARAJE PALOS BLANCOS,PALOS BLANCOS,"0023,0043"
DAJABON,EL PINO,MANUEL BUENO (DM),ESCUELA PRIMARIA DE MANUEL BUENO,PARAJE MANUEL BUENO,MANUEL BUENO,22
DAJABON,EL PINO,MANUEL BUENO (DM),ESCUELA PRIMARIA RURAL DE LA JAGUA,PARAJE LA JAGUA,LA JAGUA,"0024,0025"
DUARTE,SAN FRANCISCO DE MACORIS,SAN FRANCISCO DE MACORIS,ESCUELA FILOMENA GOMEZ,CALLE CAONABO 10,CIRUELILLO,"0012,0012A,0013,0264"
DUARTE,SAN FRANCISCO DE MACORIS,SAN FRANCISCO DE MACORIS,POLITECNICO VICENTE AQUINO SANTOS (ESCUELA VOCACIONAL),AV. CAONABO,CIRUELILLO,"0182,0182A,0220,0256,0286"
DUARTE,SAN FRANCISCO DE MACORIS,SAN FRANCISCO DE MACORIS,ESCUELA MANUEL MARIA CAS- TILLO,CALLE NINO RIZEK 53,EL CAPACITO,"0050,0051,0052,0053,0053B,0054,0055"
DUARTE,SAN FRANCISCO DE MACORIS,SAN FRANCISCO DE MACORIS,ESCUELA PRIMARIA PADRE BREA,CALLE NINO RIZEK,EL CAPACITO,"0044,0044A,0045,0046,0046A,0047,0048,0049"
DUARTE,SAN FRANCISCO DE MACORIS,SAN FRANCISCO DE MACORIS,PARROQUIA NUESTRA SEÑORA DE FATIMA,"CALLE JOSE REYES, ESQUI- NA #2, BARRIO HERMANAS MIRABAL",HERMANAS MIRABAL,"0030,0030A,0030B"
DUARTE,SAN FRANCISCO DE MACORIS,SAN FRANCISCO DE MACORIS,IGLESIA CRISTIANA CUERPO DE CRISTO,"CALLE 2, AL FINAL DE LA SALCEDO",HERMANAS MIRABAL,"0031,0031A"
DUARTE,SAN FRANCISCO DE MACORIS,SAN FRANCISCO DE MACORIS,ESCUELA JOSEFA EMILIA ORTEGA,BARRIO MADRIGAL,MADRIGAL,"0034,0034A,0172,0172A,0188,0248"
DUARTE,SAN FRANCISCO DE MACORIS,SAN FRANCISCO DE MACORIS,CAPILLA SAN PEDRO,CALLE GREGORIO RIVAS NUM. 203-A,SAN PEDRO,"0173,0173A"
DUARTE,SAN FRANCISCO DE MACORIS,SAN FRANCISCO DE MACORIS,CLUB DEPORTIVO Y CULTURAL SANTA ANA,C/ PILAR TAVERAS,SANTA ANA,203
DUARTE,SAN FRANCISCO DE MACORIS,SAN FRANCISCO DE MACORIS,ESCUELA SANTA ANA,CALLE INGENIERO GUZMAN,SANTA ANA,"0021,0022,0023,0024,0025,0025A,0221"
DUARTE,SAN FRANCISCO DE MACORIS,SAN FRANCISCO DE MACORIS,BIBLIOTECA PUBLICA HILMA CONTRERAS,CALLE COLON ESQ. RESTAU- RACION,CENTRO DE LA CIUDAD,"0020,0020A"
DUARTE,SAN FRANCISCO DE MACORIS,SAN FRANCISCO DE MACORIS,IGLESIA SANTA ROSA DE LIMA,CALLE LIBERTAD/BILLINI,PUEBLO NUEVO,"0014,0014A,0017,0017A"
DUARTE,SAN FRANCISCO DE MACORIS,SAN FRANCISCO DE MACORIS,OFICINAS DE OBRAS PUBLICAS,AV. FRANK GRULLON,JOBO BONITO,"0038,0039,0040"
DUARTE,SAN FRANCISCO DE MACORIS,SAN FRANCISCO DE MACORIS,ESCUELA SALVADOR THEN,"CALLE F,BARRIO 27 DE FEBRE- RO",27 DE FEBRERO,"0209,0209A,0214,0239,0257,0265,0288"
DUARTE,SAN FRANCISCO DE MACORIS,SAN FRANCISCO DE MACORIS,UASD-RECINTO SAN FRANCISCO,AV. LIBERTAD ESQ. DUARTE,CENTRO DE LA CIUDAD,"0006,0006A,0175,0175A,0266"
DUARTE,SAN FRANCISCO DE MACORIS,SAN FRANCISCO DE MACORIS,CLUB JUAN PABLO DUARTE,C.PADRE BREA ESQ.MELLA,LAS FLORES,"0181,0181A"
DUARTE,SAN FRANCISCO DE MACORIS,SAN FRANCISCO DE MACORIS,COLEGIO EPISCOPAL JESUS NAZARENO,CALLE ING. GUZMAN ABREU NUM. 24,CENTRO DE LA CIUDAD,"0018,0018A"
DUARTE,SAN FRANCISCO DE MACORIS,SAN FRANCISCO DE MACORIS,ESCUELA ABEL ARANDA OLIVER,LOS RIELES,LOS RIELES,"0193,0194,0195,0196,0197,0223,0223A"
DUARTE,SAN FRANCISCO DE MACORIS,SAN FRANCISCO DE MACORIS,ESCUELA BASICA GREGORIO LUPERON,CIUDAD,GREGORIO LUPERON,"0199,0200,0200A,0201"
DUARTE,SAN FRANCISCO DE MACORIS,SAN FRANCISCO DE MACORIS,ESCUELA PAULINA VALENZUELA VIUDA PARRA,"CALLE B NO. 61, BO. RIVERA DEL JAYA",RIVERA DEL JAYA,"0010,0010A,0011,0011A,0163,0163A,0176,0176A,0217,0242,0258,0269"
DUARTE,SAN FRANCISCO DE MACORIS,SAN FRANCISCO DE MACORIS,ESCUELA PRIMARIA DIVINA PROV- IDENCIA,ALTO DE LA JAVIELA,27 DE FEBRERO,"0161,0161A,0162,0162A,0243,0270"
DUARTE,SAN FRANCISCO DE MACORIS,SAN FRANCISCO DE MACORIS,IG.DE JESUCRISTO DE LOS S. DE LOS U.D.,CARRETERA LA CEJA,CARRETERA LA CEJA,"0208,0208A"
DUARTE,SAN FRANCISCO DE MACORIS,SAN FRANCISCO DE MACORIS,LICEO SEC. ERCILIA PEPIN,AV. LIBERTAD,ERCILIA PEPIN,"0170,0170A,0171,0171A,0215,0228,0251,0271"
DUARTE,SAN FRANCISCO DE MACORIS,SAN FRANCISCO DE MACORIS,PALACIO DE JUSTICIA,CALLE 27 DE FEBRERO,SAN MARTIN DE POR- RES,"0062,0062A,0179,0179A,0244"
DUARTE,SAN FRANCISCO DE MACORIS,SAN FRANCISCO DE MACORIS,CENTRO EDUCATIVO SANTA ROSA DE LIMA,AVENIDA LIBERTAD,DUARTE,"0035,0036,0036A,0037,0037A,0164,0164A,0189,0189A"
DUARTE,SAN FRANCISCO DE MACORIS,SAN FRANCISCO DE MACORIS,ESCUELA SAN MARTIN DE POR- RES,CALLE NINO RIZEK,SAN MARTIN DE POR- RES,"0056,0056B,0057,0057A,0058,0058A,0192,0192A"
DUARTE,SAN FRANCISCO DE MACORIS,SAN FRANCISCO DE MACORIS,ESCUELA EUGENIO CRUZ ALMAN- ZAR,CALLE CASTILLO,PUEBLO NUEVO,"0001,0002,0002A,0003,0004,0005,0005A,0027,0027A,0032,0032A,0033,0033A,0174"
DUARTE,SAN FRANCISCO DE MACORIS,SAN FRANCISCO DE MACORIS,CLUB ASOCIACION PRO MEJORA Y AYUDA MUTUA SAN ESTEBAN,C.TRES ESQ.GUZMAN ABREU,PUEBLO NUEVO,"0008,0008A"
DUARTE,SAN FRANCISCO DE MACORIS,SAN FRANCISCO DE MACORIS,ASOC. CATOLICA HNAS. MIRABAL,CALLE EMILIO PRUD HOMME,VENTURA GRULLON I,"0041,0042"
DUARTE,SAN FRANCISCO DE MACORIS,SAN FRANCISCO DE MACORIS,LOCAL DEL COMEDOR ECONOM- ICO,CALLE SALCEDO ESQ. COLON,EL CAPACITO,"0060,0061,0061A"
DUARTE,SAN FRANCISCO DE MACORIS,SAN FRANCISCO DE MACORIS,CENTRO DEPORTIVO OLIMPIA,"AV. CAONABO, SALIDA A TENARES",CIRUELILLO,"0016,0202,0202A,0202B"
DUARTE,SAN FRANCISCO DE MACORIS,SAN FRANCISCO DE MACORIS,ESCUELA PRIMARIA ALTAGRACIA GRULLON,PARAJE HATILLO,HATILLO,"0115,0116"
DUARTE,SAN FRANCISCO DE MACORIS,SAN FRANCISCO DE MACORIS,ESCUELA BASICA PEDRO PAULA VASQUEZ,PARAJE LA SEQUIA SECCION COLON,LA SEQUIA,"0165,0165A"
DUARTE,SAN FRANCISCO DE MACORIS,SAN FRANCISCO DE MACORIS,ESCUELA PRIMARIA ANA ANTONIA CRUZ,PARAJE MIRABEL,MIRABEL,"0117,0186"
DUARTE,SAN FRANCISCO DE MACORIS,SAN FRANCISCO DE MACORIS,ESCUELA BASICA JULIO PLATA DE LA ROSA,PARAJE GUIZA,GUIZA,"0144,0145,0146,0227"
DUARTE,SAN FRANCISCO DE MACORIS,SAN FRANCISCO DE MACORIS,ESCUELA PRIMARIA ERCILIO GAR- CIA BENCOSME,CARRETERA LA JOYA,LA JOYA,"0101,0102,0103,0261"
DUARTE,SAN FRANCISCO DE MACORIS,SAN FRANCISCO DE MACORIS,ESCUELA DE BASICA DR. ORLAN- DO ANTONIO GARCIA JIMENEZ,PARAJE LAS PAJAS,LOS ANONES,"0114,0114A"
DUARTE,SAN FRANCISCO DE MACORIS,SAN FRANCISCO DE MACORIS,ESCUELA PRIMARIA LOMA DE LA JOYA,PARAJE LOMA DE LA JOYA,LOMA DE LA JOYA,"0099,0100"
DUARTE,SAN FRANCISCO DE MACORIS,SAN FRANCISCO DE MACORIS,ESCUELA BASICA MATIAS RAMON MELLA (LA MALENA),PARAJE EL CIGUAL,EL CIGUAL,"0070,0071"
DUARTE,SAN FRANCISCO DE MACORIS,SAN FRANCISCO DE MACORIS,ESCUELA SALOME UREÑA HEN- RIQUEZ,PARAJE ARROYO DEL TORO,ARROYO DEL TORO,158
DUARTE,SAN FRANCISCO DE MACORIS,SAN FRANCISCO DE MACORIS,ESCUELA EDUCACION BASICA ALTOS DE LOS NARANJOS,PARAJE ATABALERO ARRIBA,ATABALERO ARRIBA,"0067,0068,0069"
DUARTE,SAN FRANCISCO DE MACORIS,SAN FRANCISCO DE MACORIS,ESCUELA PRIMARIA EL GAJO DE LA YUCA,PARAJE GAJO DE LA YUCA,GAJO DE LA YUCA,63
DUARTE,SAN FRANCISCO DE MACORIS,SAN FRANCISCO DE MACORIS,ESCUELA PRIMARIA EL GUINEAL,PARAJE EL GUINEAL,EL GUINEAL,"0065,0066"
DUARTE,SAN FRANCISCO DE MACORIS,SAN FRANCISCO DE MACORIS,ESCUELA RURAL BUENA VISTA,PARAJE BUENA VISTA,BUENA VISTA,64
DUARTE,SAN FRANCISCO DE MACORIS,SAN FRANCISCO DE MACORIS,ESCUELA PRIMARIA EUGENIO MARIA DE HOSTOS,PARAJE LAS GUAZUMAS,LAS GUAZUMAS,"0112,0112A,0113,0113A,0274"
DUARTE,SAN FRANCISCO DE MACORIS,SAN FRANCISCO DE MACORIS,ESCUELA BASICA MAXIMA TAVA- REZ UREÑA,PARAJE LOS ARROYOS,LOS ARROYOS,"0109,0110,0245"
DUARTE,SAN FRANCISCO DE MACORIS,SAN FRANCISCO DE MACORIS,ESCUELA BASICA PROF. FRANCIS- CO RODRIGUEZ AZCONA,PARAJE LA YAGUIZA,LA YAGUIZA,"0095,0096,0205,0226"
DUARTE,SAN FRANCISCO DE MACORIS,SAN FRANCISCO DE MACORIS,ESCUELA BASICA JUAN MARIA GOMEZ,PARAJE LOS BEJUCOS CAR- RETERA TENARES,BEJUCOS,"0097,0097A"
DUARTE,SAN FRANCISCO DE MACORIS,SAN FRANCISCO DE MACORIS,ESCUELA BASICA PATRIA MER- CEDES MIRABAL,PARAJE LOS CACAOS,LOS CACAOS,98
DUARTE,SAN FRANCISCO DE MACORIS,SAN FRANCISCO DE MACORIS,COLEGIO LA ALTAGRACIA,AV. DE LOS MARTIRES,PIÑA,"0026,0026A,0180,0222,0222A,0246,0252,0275,0282"
DUARTE,SAN FRANCISCO DE MACORIS,SAN FRANCISCO DE MACORIS,ESCUELA BASICA SAN FRANCIS- CO,BARRIO SAN JUAN ALBERTO ESPANIOLA,JUAN ALBERTO ES- PINOLA I,"0211,0212,0247,0253,0276,0284"
DUARTE,SAN FRANCISCO DE MACORIS,SAN FRANCISCO DE MACORIS,CAPILLA LA MILAGROSA,"BO. VENTURA GRULLON, SE- GUNDA ETAPA. CIUDAD",VENTURA GRULLON II,218
DUARTE,SAN FRANCISCO DE MACORIS,SAN FRANCISCO DE MACORIS,CAPILLA SAN PABLO,"C/ CASTILLO, BARRIO SAN PEDRO",SAN PEDRO,219
DUARTE,SAN FRANCISCO DE MACORIS,SAN FRANCISCO DE MACORIS,ESCUELA JUAN PABLO DUARTE,AVE. CAONABO. BO. CIRUE- LILLO,CIRUELILLO,"0198,0198A,0198B,0198C,0198D,0216,0277,0299"
DUARTE,SAN FRANCISCO DE MACORIS,SAN FRANCISCO DE MACORIS,CENTRO COMUNAL NUEVA LUZ,C/ FRANCISCO ALBERTO CAMAÑO #20,VENTURA GRULLON I,"0191,0191A"
DUARTE,SAN FRANCISCO DE MACORIS,SAN FRANCISCO DE MACORIS,CLUB DE LA LIGA ERCILIA PEPIN,C/ CRISTINO ZENO ESQ. MELLA,PUEBLO NUEVO,"0009,0009A"
DUARTE,SAN FRANCISCO DE MACORIS,SAN FRANCISCO DE MACORIS,CLUB DEPOTIVO Y CULTURAL HERMANAS MIRABAL,"C/ JOSE REYES # 205, BARRIO HERMANAS MIRABAL",HERMANAS MIRABAL,"0028,0028A,0029,0029A"
DUARTE,SAN FRANCISCO DE MACORIS,SAN FRANCISCO DE MACORIS,ESCUELA PRIMARIA LOS ALGO- DONES,PARAJE LOS ALGODONES SECCION LOS BEJUCOS,LOS ALGODONES,94
DUARTE,SAN FRANCISCO DE MACORIS,SAN FRANCISCO DE MACORIS,ESCUELA BASICA LUIS D. YANGUELA,CALLE VIA FERREA LOS RIELES ABAJO,LOS RIELES ABAJO,"0178,0229"
DUARTE,SAN FRANCISCO DE MACORIS,SAN FRANCISCO DE MACORIS,SALON PARROQUIAL SANTA ROSA DE LIMA,C/PAPI OLIVER ESQ.HOSTOS,PUEBLO NUEVO,"0007,0007A,0015,0015A"
DUARTE,SAN FRANCISCO DE MACORIS,SAN FRANCISCO DE MACORIS,SALON PARROQUIAL IGLESIA SAN MARTIN DE PORRES,C/27 DE FEBRERO,EL CAPACITO,"0059,0059A"
DUARTE,SAN FRANCISCO DE MACORIS,SAN FRANCISCO DE MACORIS,UASD-RECINTO SAN FRANCISCO,AVE. LIBERTAD,SALIDA DE NAGUA,"0234,0290"
DUARTE,SAN FRANCISCO DE MACORIS,SAN FRANCISCO DE MACORIS,ESC. PRIM. PROFESOR PORFIRIO JEREZ,BARRIO LA ALTAGRACIA,LA ALTAGRACIA,"0233,0254,0278,0285"
DUARTE,SAN FRANCISCO DE MACORIS,SAN FRANCISCO DE MACORIS,ESC. PRIM. JUAN PABLO SEGUN- DO,C/ MELLA PARTE ARRIBA,CENTRO DE LA CIUDAD,"0231,0300"
DUARTE,SAN FRANCISCO DE MACORIS,SAN FRANCISCO DE MACORIS,ESC. PRIM. MARIA ALTAGRACIA PAULA,SECTOR VILLA VERDE,VILLA VERDE,"0190,0190A,0230,0255,0279,0291"
DUARTE,SAN FRANCISCO DE MACORIS,SAN FRANCISCO DE MACORIS,SALON PARROQUIAL SAN FRAN- CISCO DE ASIS,AVE. CAONABO,CIRUELILLO,"0232,0235,0262,0280"
DUARTE,SAN FRANCISCO DE MACORIS,SAN FRANCISCO DE MACORIS,CLUB MAXIMO GOMEZ,C/ CRISTINO ZENO ESQ. MELLA,PUEBLO NUEVO,238
DUARTE,SAN FRANCISCO DE MACORIS,SAN FRANCISCO DE MACORIS,COLEGIO SAN MIGUEL,"CALLE LA CRUZ ESQ. PAPI OL- IVIER, CENTRO DE LA CIUDAD",CENTRO DE LA CIUDAD,"0177,0177A"
DUARTE,SAN FRANCISCO DE MACORIS,SAN FRANCISCO DE MACORIS,CONSULTORIO MEDICO HERMAN- AS MIRABAL,"CALLE JOSE REYES NO. 227, PARTE ALTA DE LA CIUDAD",HERMANAS MIRABAL,"0043,0043A"
DUARTE,SAN FRANCISCO DE MACORIS,SAN FRANCISCO DE MACORIS,CAPILLA SAN MIGUEL,"CALLE D, S/N",ABREU,263
DUARTE,SAN FRANCISCO DE MACORIS,SAN FRANCISCO DE MACORIS,LICEO PEDRO HENRIQUEZ UREÑA,VISTA DEL VALLE,VISTA DEL VALLE,"0241,0250,0268,0283,0292,0301"
DUARTE,SAN FRANCISCO DE MACORIS,SAN FRANCISCO DE MACORIS,LICEO SUR (DR. JOSE FRANCISCO PEÑA GOMEZ),LOS RIELES,LOS RIELES,"0240,0249,0267,0287,0294"
DUARTE,SAN FRANCISCO DE MACORIS,SAN FRANCISCO DE MACORIS,ESCUELA BASICA DE VISTA DEL VALLE,ALTO MANHATTAN,ALTO MANHATTAN,295
DUARTE,SAN FRANCISCO DE MACORIS,SAN FRANCISCO DE MACORIS,ESCUELA FARRELL M. ROMERO,VISTA LINDA,VISTA LINDA,296
DUARTE,SAN FRANCISCO DE MACORIS,SAN FRANCISCO DE MACORIS,ESCUELA ROBERTO DUVERGE MEJIA,SANTA LUISA,SANTA LUISA,297
DUARTE,SAN FRANCISCO DE MACORIS,SAN FRANCISCO DE MACORIS,LICEO CORONEL FERNANDEZ DOMINGUEZ,BARRIO JUAN ALBERTO ES- PINOLA,JUAN ALBERTO ES- PINOLA,298
DUARTE,SAN FRANCISCO DE MACORIS,SAN FRANCISCO DE MACORIS,ESCUELA CRISTO REY,BARRIO LOS JARDINES,LOS JARDINES,302
DUARTE,SAN FRANCISCO DE MACORIS,SAN FRANCISCO DE MACORIS,ESCUELA NIVEL BASICO GETSE- MANI (LORENZO BURGOS),CARRETERA A VILLA TAPIA,MONSEÑOR JESUS MA- RIA DE JESUS MOYA,303
DUARTE,SAN FRANCISCO DE MACORIS,SAN FRANCISCO DE MACORIS,CLUB ESPERANZA,CALLE SAN FRANCISCO ESQUI- NA RESTAURACION,CENTRO DE LA CIUDAD,"0019,0019A,0304"
DUARTE,SAN FRANCISCO DE MACORIS,SAN FRANCISCO DE MACORIS,CLUB EL MAYORISTA,AVE. ANTONIO GUZMAN FERNANDEZ KM. 3 1/2 SALIDA SANTO DOMINGO,NEFTALY,305
DUARTE,SAN FRANCISCO DE MACORIS,LA PEÑA (DM),ESCUELA BASICA FELIPE FER- REIRA,PARAJE DEMAJAGUAL ARRIBA,DEMAJAGUAL ARRIBA,139
DUARTE,SAN FRANCISCO DE MACORIS,LA PEÑA (DM),ESCUELA BASICA PEDRO HEN- RIQUEZ UREÑA,PARAJE DEMAJAGUAL ABAJO,DEMAJAGUAL ABAJO,138
DUARTE,SAN FRANCISCO DE MACORIS,LA PEÑA (DM),ESCUELA BASICA JOSE GABRIEL GARCIA,PARAJE DICHOSO,DICHOSO,136
DUARTE,SAN FRANCISCO DE MACORIS,LA PEÑA (DM),ESCUELA BASICA FRANCISCA VALENZUELA,PARAJE PATAO,PATAO,"0140,0141"
DUARTE,SAN FRANCISCO DE MACORIS,LA PEÑA (DM),ESCUELA BASICA CONCEPCION BONA,PARAJE RAMONAL,RAMONAL,"0137,0167"
DUARTE,SAN FRANCISCO DE MACORIS,LA PEÑA (DM),ESCUELA BASICA JOSE MARTI,PARAJE LA MESA,LA MESA,142
DUARTE,SAN FRANCISCO DE MACORIS,LA PEÑA (DM),ESCUELA BASICA MAXIMO GOMEZ,PARAJE MATA LARGA,MATA LARGA,"0143,0143A,0273"
DUARTE,SAN FRANCISCO DE MACORIS,LA PEÑA (DM),CENTRO EDUCATIVO ALEJANDRI- NA GLASS VENTURA,PARAJE AZLOR,AZLOR,"0090,0091"
DUARTE,SAN FRANCISCO DE MACORIS,LA PEÑA (DM),ESCUELA BASICA EUSEBIO MANZUETA,PARAJE CUEVAS,CUEVAS,"0086,0224"
DUARTE,SAN FRANCISCO DE MACORIS,LA PEÑA (DM),ESCUELA BASICA RAFAEL EDUAR- DO VALERIO REYES,PARAJE EL CERCADO,EL CERCADO,"0082,0083,0084,0085"
DUARTE,SAN FRANCISCO DE MACORIS,LA PEÑA (DM),ESCUELA BASICA FELIX LOPEZ (FELIPE),PARAJE HERRERA DE CUABA,HERRERA DE CUABA,"0088,0089"
DUARTE,SAN FRANCISCO DE MACORIS,LA PEÑA (DM),ESCUELA BASICA MANOLO TAVA- REZ JUSTO,PARAJE LA PEÑA,LA PEÑA,"0092,0093,0185,0225"
DUARTE,SAN FRANCISCO DE MACORIS,LA PEÑA (DM),ESCUELA BASICA SEFERINO THEN,PARAJE LOS BRACITOS,LOS BRASITOS,"0087,0159"
DUARTE,SAN FRANCISCO DE MACORIS,LA PEÑA (DM),ESCUELA BASICA ANGELA MARTE,PARAJE CHINGUELO,CHINGUELO,107
DUARTE,SAN FRANCISCO DE MACORIS,LA PEÑA (DM),ESCUELA BASICA PROF. CARMEN GARCIA GARCIA,PARAJE LA BAJADA,LA BAJADA,"0104,0105,0106"
DUARTE,SAN FRANCISCO DE MACORIS,LA PEÑA (DM),ESCUELA BASICA JOSE MARIA CABRAL Y BAEZ,PARAJE LAGUNA DE COTO,LAGUNA DE COTO,108
DUARTE,SAN FRANCISCO DE MACORIS,LA PEÑA (DM),ESCUELA PRIMARIA JOSE CASTIL- LO REYES,PARAJE PONTON,PONTON,"0149,0149A"
DUARTE,SAN FRANCISCO DE MACORIS,CENOVI (DM),ESCUELA GASTON FERNANDEZ DELIGNE,PARAJE LA AMARGA,La Amarga( Reforma Agraria),"0166,0166A"
DUARTE,SAN FRANCISCO DE MACORIS,CENOVI (DM),ESCUELA PRIMARIA EMILIO PRUD HOMME,PARAJE BANDERA,BANDERA,"0121,0121A"
DUARTE,SAN FRANCISCO DE MACORIS,CENOVI (DM),ESCUELA ANGELICA GARCIA MOYA,PARAJE COLON,COLON,120
DUARTE,SAN FRANCISCO DE MACORIS,CENOVI (DM),ESCUELA BASICA MARIA DEL CONSUELO GARRIDO,PARAJE CRUZ DE CENOVI,LA CRUZ DE CENOVI,"0126,0127,0128,0129"
DUARTE,SAN FRANCISCO DE MACORIS,CENOVI (DM),ESCUELA PRIMARIA ANTONIO MENA PANTALEON- LOS INDIOS DE CENOV,PARAJE LOS INDIOS DE CENOVI,LOS INDIOS DE CENOVI,"0130,0131,0183"
DUARTE,SAN FRANCISCO DE MACORIS,CENOVI (DM),ESCUELA PRIMARIA LA ROSA DE CENOVI,PARAJE ROSA DE CENOVI,LA ROSA DE CENOVI,"0210,0236"
DUARTE,SAN FRANCISCO DE MACORIS,CENOVI (DM),CENTRO EDUCATIVO LAS CAOBAS,PARAJE PORQUERO,Porquero Arriba,"0160,0160A"
DUARTE,SAN FRANCISCO DE MACORIS,CENOVI (DM),ESCUELA MARIA TRINIDAD SAN- CHEZ,PARAJE GENIMILLO,GENIMILLO,"0204,0204A"
DUARTE,SAN FRANCISCO DE MACORIS,CENOVI (DM),ESCUELA DE JORNADA EXTENDI- DA PEDRO MIR,PARAJE LA BOCA,LA BOCA,237
DUARTE,SAN FRANCISCO DE MACORIS,CENOVI (DM),ESCUELA PRIMARIA DURGES MARIA VARGAS,PARAJE DULCE NOMBRE (MAL NOMBRE),MAL NOMBRE,281
DUARTE,SAN FRANCISCO DE MACORIS,CENOVI (DM),ESCUELA CAMILA HENRIQUEZ,PARAJE BOMBA CENOVI,BOMBA DE CENOVI,"0132,0132A,0133,0133A,0134,0135"
DUARTE,SAN FRANCISCO DE MACORIS,CENOVI (DM),LICEO MAX HENRIQUEZ UREÑA,DISTRITO MUNICIPAL DE CENOVI,CENOVI,293
DUARTE,SAN FRANCISCO DE MACORIS,CENOVI (DM),ESCUELA ONESIMO JIMENEZ,"PARAJE LA REFORMA, DM CENOVI",LA REFORMA,306
DUARTE,SAN FRANCISCO DE MACORIS,CENOVI (DM),ESCUELA JUAN ANTONIO ALIX,"PARAJE LOS ARROYOS, DM CENOVI",LOS ARROYOS,307
DUARTE,SAN FRANCISCO DE MACORIS,CENOVI (DM),CENTRO EDUCATIVO CESAR NICOLAS PENSON,PARAJE EL CAIMITO,EL CAIMITO,"0123,0123A,0124,0125"
DUARTE,SAN FRANCISCO DE MACORIS,JAYA (DM),ESCUELA BASICA NARANJO DULCE ABAJO,PARAJE NARANJO DULCE ABAJO,NARANJO DULCE,"0079,0080,0081"
DUARTE,SAN FRANCISCO DE MACORIS,JAYA (DM),ESCUELA BASICA TEOFILO OVAL- LE DURAN,PARAJE HOYO DE JAYA,HOYO DE JAYA (JAYA JAYA),"0077,0078,0078A,0260"
DUARTE,SAN FRANCISCO DE MACORIS,JAYA (DM),ESCUELA PRIMARIA LOMA DE JAYA,PARAJE LOMA DE JAYA,LOMA DE JAYA,"0074,0075,0076"
DUARTE,SAN FRANCISCO DE MACORIS,JAYA (DM),ESCUELA PRIMARIA BASICA CRUCE DE LOS BASILIOS,PARAJE LOS BASILIOS,CRUCE DE LOS BASIL- IOS,72
DUARTE,SAN FRANCISCO DE MACORIS,JAYA (DM),ESCUELA CECILIO DE LA CRUZ,PARAJE SONADOR SECCION JAYA,SOÑADOR,73
DUARTE,SAN FRANCISCO DE MACORIS,JAYA (DM),ESCUELA BASICA AMADOR JIMENEZ (PIÑA I),PARAJE LA PIÑA,LA PIÑA,"0111,0111A"
DUARTE,SAN FRANCISCO DE MACORIS,DON ANTONIO GUZ- MAN FERNANDEZ (DM),ESCUELA PRIMARIA ANA CELESTE FERNANDEZ,PARAJE LA GUAMA,LA GUAMA,"0118,0119,0272"
DUARTE,SAN FRANCISCO DE MACORIS,DON ANTONIO GUZ- MAN FERNANDEZ (DM),ESCUELA BASICA LICENCIADO OTACILLO A. DE PEÑA PAEZ,PARAJE PROYECTO AGRARIO DON ANTONIO GUZMAN,PROYECTO AGRARIO DON ANTONIO GUZMAN,"0168,0168A,0169,0169A,0259,0289"
DUARTE,SAN FRANCISCO DE MACORIS,DON ANTONIO GUZ- MAN FERNANDEZ (DM),ESCUELA DE EDUCACION BASICA SALOME UREÑA,PARAJE GENIMO,GENIMO,"0147,0147A,0148,0148A"
DUARTE,PIMENTEL,PIMENTEL,ESCUELA PRIMARIA AGUSTIN F. PEREZ,CALLE FELIPE DE CASTRO,CENTRO DE LA CIUDAD,"0001,0002,0003,0004,0005"
DUARTE,PIMENTEL,PIMENTEL,LICEO AGUSTIN BONILLA,CALLE AGUSTIN BONILLA,CENTRO DE LA CIUDAD,"0006,0007,0008,0009,0025,0030,0031,0034"
DUARTE,PIMENTEL,PIMENTEL,ESCUELA PRIMARIA SAN FELIPE ABAJO,PARAJE SAN FELIPE ABAJO,SAN FELIPE ABAJO,14
DUARTE,PIMENTEL,PIMENTEL,ESCUELA PRIMARIA SAN FELIPE,PARAJE SAN FELIPE,SAN FELIPE ARRIBA,"0012,0013"
DUARTE,PIMENTEL,PIMENTEL,ESCUELA PRIMARIA BUENA VISTA,PARAJE BUENA VISTA,BUENA VISTA,11
DUARTE,PIMENTEL,PIMENTEL,ESCUELA PRIMARIA LA JAGUA,PARAJE LA JAGUA,LA JAGUA,10
DUARTE,PIMENTEL,PIMENTEL,ESCUELA PRIMARIA CAOBETE,PARAJE CAOBETE,CAOBETE ARRIBA,"0015,0017,0032"
DUARTE,PIMENTEL,PIMENTEL,ESCUELA PRIMARIA LOS LIMONES,PARAJE LOS LIMONES,LOS LIMONES,"0016,0026,0033"
DUARTE,PIMENTEL,PIMENTEL,ESCUELA PRIMARIA CASA DE ALTO,PARAJE CASA DE ALTO,CASA DE ALTO,"0018,0019"
DUARTE,PIMENTEL,PIMENTEL,ESCUELA PRIMARIA RURAL,PARAJE EL EXCAVACION,LA EXCAVACION,20
DUARTE,PIMENTEL,PIMENTEL,ESCUELA PRIMARIA LA ESTANCIA,PARAJE LA ESTANCIA,LA ESTANCIA,"0021,0027"
DUARTE,PIMENTEL,PIMENTEL,LICEO SALOME UREÑA,CARRETERA PIMENTEL-VILLA LA MATA,CUABA ABAJO,"0022,0023,0024,0028,0029"
DUARTE,VILLA RIVA,VILLA RIVA,ESCUELA PRIMARIA LUIS MOLINA,CALLE 27 DE FEBRERO,CIUDAD NUEVA,"0003,0046,0051,0051A,0078,0081"
DUARTE,VILLA RIVA,VILLA RIVA,LICEO JUAN PABLO DUARTE,CALLE 27 DE FEBRERO,CIUDAD NUEVA,"0001,0002,0065,0077,0082"
DUARTE,VILLA RIVA,VILLA RIVA,ESCUELA PRIMARIA CLEOTILDE HERRERA SANTANA (BOCA DE CEVICOS),PARAJE BOCA DE CEVICOS,BOCA DE CEVICOS,"0044,0053"
DUARTE,VILLA RIVA,VILLA RIVA,ESCUELA BASICA JUNCO VERDE,PARAJE JUNCO VERDE,LAS VERDES,"0041,0052"
DUARTE,VILLA RIVA,VILLA RIVA,ESCUELA PRIMARIA REVENTAZON,PARAJE REVENTAZON,REVENTAZON,"0042,0043,0076"
DUARTE,VILLA RIVA,VILLA RIVA,ESCUELA PRIMARIA MAJAGUAL,PARAJE MAJAGUAL,MAJAGUAL,63
DUARTE,VILLA RIVA,VILLA RIVA,ESCUELA PRIMARIA CHIRINGO,PARAJE CHIRINGO,CHIRINGO,"0013,0014"
DUARTE,VILLA RIVA,VILLA RIVA,ESCUELA PRIMARIA ALTO DE BULULO,PARAJE EL MANGUITO,EL MANGUITO,"0019,0054"
DUARTE,VILLA RIVA,AGUA SANTA DEL YUNA (DM),ESCUELA BASICA AGUA SANTA DEL YUMA #2,PARAJE CALLEJON DE TILO,CALLEJON DE TILO,"0034,0055"
DUARTE,VILLA RIVA,AGUA SANTA DEL YUNA (DM),ESCUELA PRIMARIA LA REFORMA,LIMON DEL YUNA,LIMON DEL YUNA,"0032,0033,0066,0083"
DUARTE,VILLA RIVA,AGUA SANTA DEL YUNA (DM),CENTRO EDUCATIVO PARAGUAY,PARAJE PARAGUAY,PARAGUAY,"0064,0068"
DUARTE,VILLA RIVA,AGUA SANTA DEL YUNA (DM),ESCUELA PRIMARIA LAGUNA CRISTAL,PARAJE CRISTAL SECCION PARAGUAY,CRISTAL,72
DUARTE,VILLA RIVA,CRISTO REY DE GUARAGUAO (DM),ESCUELA BASICA LOS GUARA- GUAOS,PARAJE GUARAGUAO,GUARAGUAO,"0035,0036,0037,0056,0070"
DUARTE,VILLA RIVA,CRISTO REY DE GUARAGUAO (DM),ESCUELA PRIMARIA LOS PEYNA- DOS (TU LO VERAS),PARAJE LOS PEYNADOS,LOS PEYNADOS,40
DUARTE,VILLA RIVA,CRISTO REY DE GUARAGUAO (DM),ESCUELA PRIMARIA LOS CON- TRERAS,PARAJE LOS CONTRERAS SEC- CION LOS PEYNADOS,LOS CONTRERAS,71
DUARTE,VILLA RIVA,LAS TARANAS (DM),ESCUELA PRIMARIA MARIA ALE- JANDRINA PICHARDO,PARAJE EL ABANICO,ABANICO,"0009,0010,0067,0080"
DUARTE,VILLA RIVA,LAS TARANAS (DM),CENTRO EDUCATIVO GUARINA AMPARO,PARAJE LAS TARANAS,LAS TARANAS,"0007,0008,0069"
DUARTE,VILLA RIVA,LAS TARANAS (DM),ESCUELA PRIMARIA EL INDIO,PARAJE EL INDIO,EL INDIO,"0006,0058"
DUARTE,VILLA RIVA,LAS TARANAS (DM),CENTRO EDUCATIVO JOBOBAN,PARAJE JOJOBAN,JOJOBAN,"0004,0005,0075"
DUARTE,VILLA RIVA,LAS TARANAS (DM),CENTRO EDUCATIVO GREGORIO ANTIGUA MERCEDES,PARAJE JUANA RODRIGUEZ SECCION YAIBA,JUANA RODRIGUEZ,31
DUARTE,VILLA RIVA,LAS TARANAS (DM),ESCUELA PRIMARIA ADELAIDA MOLINA,PARAJE EL BOMBILLO,EL BOMBILLO,"0027,0028,0073"
DUARTE,VILLA RIVA,LAS TARANAS (DM),ESCUELA BASICA BOMBA DE YAIBA,PARAJE BOMBA DE YAIBA,BOMBA DE YAIBA,"0029,0030,0074"
DUARTE,VILLA RIVA,BARRAQUITO (DM),ESCUELA BASICA BARRAQUITOS,CALLE DUARTE,SABANA DEL CERCADO,"0038,0039,0050,0057"
DUARTE,VILLA RIVA,BARRAQUITO (DM),ESCUELA BASICA ANGELA ESPINAL,"PARAJE LA PISTA, LA PISTA",LA PISTA,79
DUARTE,CASTILLO,CASTILLO,LICEO TECNICO MARIA PAULINO VIUDA PEREZ,SOTERO AMPARO/LA RAZON,RABO DE CHIVO,"0005,0006,0007,0045,0046"
DUARTE,CASTILLO,CASTILLO,ESCUELA PRIM. OLEGARIO TENARES,GRAL. OLEGARIO TENARES,LAS MERCEDES,"0001,0002,0003,0033,0049"
DUARTE,CASTILLO,CASTILLO,AYUNTAMIENTO MUNICIPAL,CALLE SANCHEZ NO.42,CENTRO DE LA CIUDAD,4
DUARTE,CASTILLO,CASTILLO,ESCUELA PRIMARIA LOS CAFES,PARAJE LOS CAFES,LOS CAFES,"0018,0041"
DUARTE,CASTILLO,CASTILLO,ESCUELA PRIMARIA JUANA DIAZ ARRIBA,PARAJE JUANA DIAZ ABAJO,JUANA DIAZ ARRIBA,"0016,0037"
DUARTE,CASTILLO,CASTILLO,ESCUELA PRIMARIA EL RUCIO,PARAJE EL RUCIO,EL RUCIO,"0023,0050"
DUARTE,CASTILLO,CASTILLO,ESCUELA PRIMARIA OLIMPIA VIU- DA TAVERAS (LOS CACHONES),SECCION LOS CACHONES,LOS CACHONES,"0024,0025,0043"
DUARTE,CASTILLO,CASTILLO,ESCUELA PRIMARIA CRUCE DE MAGUA,PARAJE CRUCE DE MAGUA,CRUCE DE MAGUA,"0015,0056"
DUARTE,CASTILLO,CASTILLO,ESCUELA PRIMARIA LA JAGUITA,PARAJE LA JAGUITA,LA JAGUITA,12
DUARTE,CASTILLO,CASTILLO,ESCUELA BASICA LOS LANOS,PARAJE LOS LANOS,LOS LANOS,"0014,0036"
DUARTE,CASTILLO,CASTILLO,ESCUELA PRIMARIA LOS NARAN- JOS,PARAJE LOS NARANJOS,LOS NARANJOS,"0013,0042"
DUARTE,CASTILLO,CASTILLO,ESCUELA PRIMARIA EL FIRME,PARAJE EL FIRME,EL FIRME,"0008,0035"
DUARTE,CASTILLO,CASTILLO,ESCUELA PRIMARIA LAS CAOBAS,PARAJE LAS CAOBAS,LAS CAOBAS,11
DUARTE,CASTILLO,CASTILLO,ESCUELA PRIMARIA RINCON HONDO,PARAJE RINCON HONDO,RINCON HONDO,"0009,0010"
DUARTE,CASTILLO,CASTILLO,ESCUELA PRIMARIA YAIBA ABAJO,PARAJE YAIBA ABAJO,YAIBA ABAJO (PUEBLO VIEJO),"0017,0019,0021,0022"
DUARTE,CASTILLO,CASTILLO,ESCUELA PRIMARIA LA JAGUA,SECCION RINCON HONDO,LA JAGUA,47
DUARTE,CASTILLO,CASTILLO,ESCUELA PRIMARIA NUESTRA SEÑORA DEL CARMEN,BARRIO EL PLAY,EL PLAY,"0040,0051"
DUARTE,CASTILLO,CASTILLO,CENTRO COMUNAL DR. JUAN AQUINO,CENTRO DE LA CIUDAD,CENTRO DE LA CIUDAD,34
DUARTE,CASTILLO,CASTILLO,JUZGADO DE PAZ,"C/ JOSE VICTORIO, ESQ. GRAL OLEGARIO TENARES",CENTRO DE LA CIUDAD,52
DUARTE,CASTILLO,CASTILLO,ESCUELA BASICA LOMA VIEJA,PARAJE LOMA VIEJA,LOMA VIEJA,53
DUARTE,CASTILLO,CASTILLO,ESCUELA CRUCE DE LOS LANOS,PARAJE CRUCE DE LOS LANOS,CRUCE DE LOS LANOS,54
DUARTE,CASTILLO,CASTILLO,ESCUELA PRIMARIA JUANA DIAZ ABAJO,PARAJE JUANA DIAZ ABAJO,JUANA DIAZ ABAJO,55
DUARTE,CASTILLO,CASTILLO,CLUB SANTA ANA,CALLE SANTA ANA,PUERTO RICO,57
DUARTE,CASTILLO,CASTILLO,CENTRO COMUNAL GRAL. OLE- GARIO TENARES,PARAJE YAIBA ABAJO,YAIBA ABAJO (PUEBLO VIEJO),20
DUARTE,EUGENIO MARIA DE HOSTOS,EUGENIO MARIA DE HOSTOS,AYUNTAMIENTO MUNICIPAL,C/ SAN JOSE ESQ. GASTON FERNANDO DELIGNE,CENTRO DE LA CIUDAD,1
DUARTE,EUGENIO MARIA DE HOSTOS,EUGENIO MARIA DE HOSTOS,CENTRO COMUNAL EUGENIO M. DE HOSTOS,CALLE SAN JOSE #85,CENTRO DE LA CIUDAD,26
DUARTE,EUGENIO MARIA DE HOSTOS,EUGENIO MARIA DE HOSTOS,ESCUELA LUIS A. WEBER,C/ LIBERTAD ESQ. PROYECTO,CENTRO DE LA CIUDAD,"0027,0038,0048"
DUARTE,EUGENIO MARIA DE HOSTOS,EUGENIO MARIA DE HOSTOS,ESCUELA PRIMARIA ACICATE,SECCION ACICATE,ACICATE,28
DUARTE,EUGENIO MARIA DE HOSTOS,EUGENIO MARIA DE HOSTOS,ESCUELA PRIMARIA CERREJON,SECCION CERREJON,CERREJON,31
DUARTE,EUGENIO MARIA DE HOSTOS,EUGENIO MARIA DE HOSTOS,ESCUELA PRIMARIA LA ISLETA,PARAJE LA ISLETA,LA ISLETA,"0032,0039"
DUARTE,EUGENIO MARIA DE HOSTOS,SABANA GRANDE (DM),ESCUELA PRIMARIA SABANA GRANDE,PARAJE SABANA GRANDE,SABANA GRANDE,"0029,0030,0044,0049"
DUARTE,ARENOSO,ARENOSO,ESCUELA PRIMARIA SALOME UREÑA,CIUDAD,CENTRO DE LA CIUDAD,"0001,0004,0005"
DUARTE,ARENOSO,ARENOSO,LICEO SEC. EUGENO MARIA DE HOSTOS,CIUDAD,CENTRO DE LA CIUDAD,"0002,0003"
DUARTE,ARENOSO,ARENOSO,ESCUELA PRIMARIA LOS PLATAN- ITOS,PARAJE LOS PLATANITOS,LOS PLATANITOS,10
DUARTE,ARENOSO,ARENOSO,POLIDEPORTIVO,CALLE ANTONIO CORDOBA,CENTRO DE LA CIUDAD,28
DUARTE,ARENOSO,ARENOSO,CENTRO COMUNAL,CALLE ANTONIO CORDOBA,PUEBLO NUEVO,23
DUARTE,ARENOSO,LAS COLES (DM),ESCUELA PRIMARIA RURAL,PARAJE EL GUAYABO,EL GUAYABO,"0020,0027"
DUARTE,ARENOSO,LAS COLES (DM),ESCUELA PRIMARIA RURAL,PARAJE EL JOBO,EL JOBO,14
DUARTE,ARENOSO,LAS COLES (DM),ESCUELA PRIMARIA LAS GARZA,PARAJE LA GARZA,LA GARZA,"0011,0012,0013"
DUARTE,ARENOSO,LAS COLES (DM),ESCUELA PRIMARIA LA RAYA,PARAJE LA RAYA,LA RAYA,"0008,0009"
DUARTE,ARENOSO,LAS COLES (DM),ESCUELA PRIMARIA LAS COLES,PARAJE LAS COLES,LOS COLES,"0015,0016"
DUARTE,ARENOSO,LAS COLES (DM),ESCUELA PRIMARIA RURAL,PARAJE LAS CARRERAS,LAS CARRERAS,"0017,0018,0019"
DUARTE,ARENOSO,EL AGUACATE (DM),ESCUELA PRIMARIA EL AGUACATE,PARAJE EL AGUACATE,EL AGUACATE,"0006,0007,0022,0026"
DUARTE,ARENOSO,EL AGUACATE (DM),ESCUELA PRIMARIA CIENAGA VIEJA,PARAJE CIENAGA VIEJA,CIENAGA VIEJA,24
DUARTE,ARENOSO,EL AGUACATE (DM),ESCUELA PRIMARIA YABACOA,PARAJE YABACOA,YABACOA,"0021,0025"
DUARTE,LAS GUARANAS,LAS GUARANAS,ESCUELA BASICA FRANCISCO DEL ROSARIO SANCHEZ,C/ PRINCIPAL NO. 02,AGUA VIVA,"0001,0209"
DUARTE,LAS GUARANAS,LAS GUARANAS,ESCUELA BASICA AGUSTIN CHAL- JUB BUARY,PARAJE LA GINA SECCION LA ENEA,LA ENEA,"0122,0122A,0206"
DUARTE,LAS GUARANAS,LAS GUARANAS,ESCUELA PRIMARIA DARIO AN- TONIO,CALLE PRINCIPAL,CENTRO DE LA CIUDAD,"0151,0152,0152A,0153,0153A,0154"
DUARTE,LAS GUARANAS,LAS GUARANAS,ESCUELA BASICA JUAN SANCHEZ RAMIREZ,CALLE JOSE GENAO #03,LOS JARDINES,"0156,0156A,0157,0157A"
DUARTE,LAS GUARANAS,LAS GUARANAS,ESCUELA DE EDUCACION BASICA BUENA VENTURA GRULLON,PARAJE MONTE NEGRO,MONTE NEGRO,150
DUARTE,LAS GUARANAS,LAS GUARANAS,LICEO PROF. FLERIDA HERNAN- DEZ,CALLE PRINCIPAL,CENTRO DE LA CIUDAD,"0154A,0155,0155A,0184,0184A,0207,0207A"
DUARTE,LAS GUARANAS,LAS GUARANAS,ESCUELA DE EDUCACION BASICA LOS RIVERA,PARAJE LOS RIVERA,LOS RIVERA,208
DUARTE,LAS GUARANAS,LAS GUARANAS,ESCUELA BASICA NUESTRA SEÑORA DE LAS MERCEDES,CALLE EL CUARTEL S/N,LAS MERCEDES,210
EL SEIBO,EL SEIBO,EL SEIBO,CLUB DE DOMINO DE LA MANIC- ERA,CALLE FCO. BOBADILLA BO. RESTAURACION,LA MANICERA,"0011,0084"
EL SEIBO,EL SEIBO,EL SEIBO,COLEGIO DEL ROSARIO,CALLE HERMANOS MERCEDES NO.2,INDEPENDENCIA,"0006,0006A,0006B,0107"
EL SEIBO,EL SEIBO,EL SEIBO,AYUNTAMIENTO MUNICIPAL,CALLE MANUELA DIEZ JIMENEZ,LOS HOYITOS,"0004,0012,0013"
EL SEIBO,EL SEIBO,EL SEIBO,CENTRO PARROQUIAL (LA CAP- ILLA),CALLE ASONANTE,LOS HOYITOS,5
EL SEIBO,EL SEIBO,EL SEIBO,EDIFICIO DEL CUERPO DE BOMB- EROS CIVILES,CALLE RAFAEL B. ZORRILLA,ZORRILLA,10
EL SEIBO,EL SEIBO,EL SEIBO,ESCUELA PRIMARIA MANUELA DIEZ JIMENEZ,CALLE RAFAEL B. ZORRILLA,ZORRILLA,"0008,0009,0070"
EL SEIBO,EL SEIBO,EL SEIBO,GOBERNACION PROVINCIAL,CALLE MANUELA DIEZ JIMENEZ,MIRADOR SUR,"0014,0015"
EL SEIBO,EL SEIBO,EL SEIBO,LICEO SECUNDARIO SERGIO AUGUSTO BERAS,CALLE MANUELA DIEZ JIMENEZ,EL PRADO,"0007,0071,0071A,0074,0074A,0108"
EL SEIBO,EL SEIBO,EL SEIBO,OFICINA DE CORREOS,CALLE NICHES,CENTRO DE LA CIUDAD,1
EL SEIBO,EL SEIBO,EL SEIBO,ESCUELA PRIMARIA RURAL,PARAJE ARROYO GRANDE,ARROYO GRANDE,"0026,0027"
EL SEIBO,EL SEIBO,EL SEIBO,ESCUELA PRIMARIA RURAL,PARAJE EL LLANO,EL LLANO,34
EL SEIBO,EL SEIBO,EL SEIBO,ESCUELA PRIMARIA RURAL,PARAJE ARROYO LUCAS,ARROYO LUCAS CAMPO,66
EL SEIBO,EL SEIBO,EL SEIBO,ESCUELA PRIMARIA RURAL,PARAJE BATEY HOZARO,HOZARO,67
EL SEIBO,EL SEIBO,EL SEIBO,ESCUELA PRIMARIA RURAL,PARAJE BATEY LECHUGAS,BATEY LECHUGAS,"0068,0078"
EL SEIBO,EL SEIBO,EL SEIBO,ESCUELA PRIMARIA RURAL,PARAJE EL BATEY PLUMITAS,BATEY PLUMITAS,"0064,0065"
EL SEIBO,EL SEIBO,EL SEIBO,ESCUELA PRIMARIA RURAL,PARAJE EL PALMAR,EL PALMAR,37
EL SEIBO,EL SEIBO,EL SEIBO,ESCUELA PRIMARIA RURAL,PARAJE HIGUA,HIGUA,36
EL SEIBO,EL SEIBO,EL SEIBO,ESCUELA PRIMARIA RURAL,PARAJE JOBO DULCE,JOBO DULCE,"0040,0041"
EL SEIBO,EL SEIBO,EL SEIBO,ESCUELA PRIMARIA RURAL,PARAJE SABANAS DEL CUEY,SABANA DEL CUEY,"0035,0038,0039"
EL SEIBO,EL SEIBO,EL SEIBO,ESCUELA PRIMARIA RURAL,PARAJE EL SOPAIPO,EL SOPAIPO,"0048,0049"
EL SEIBO,EL SEIBO,EL SEIBO,ESCUELA PRIMARIA RURAL,PARAJE LAS PALMILLAS,LAS PALMILLAS,50
EL SEIBO,EL SEIBO,EL SEIBO,ESCUELA PRIMARIA RURAL,PARAJE LOS CERRITOS,LOS CERRITOS,51
EL SEIBO,EL SEIBO,EL SEIBO,ESCUELA PRIMARIA RURAL,PARAJE LOS CORAZONES,LOS CORAZONES,47
EL SEIBO,EL SEIBO,EL SEIBO,ESCUELA PRIMARIA RURAL,PARAJE COAMO ARRIBA,COAMO ARRIBA,25
EL SEIBO,EL SEIBO,EL SEIBO,ESCUELA PRIMARIA RURAL,PARAJE EL CABAO,EL CABAO,33
EL SEIBO,EL SEIBO,EL SEIBO,ESCUELA PRIMARIA RURAL,PARAJE LAS CUCHILLAS,LAS CUCHILLAS,"0031,0032"
EL SEIBO,EL SEIBO,EL SEIBO,ESCUELA PRIMARIA RURAL,PARAJE EL BEJUCAL,EL BEJUCAL,"0042,0094"
EL SEIBO,EL SEIBO,EL SEIBO,ESCUELA PRIMARIA RURAL,PARAJE JOBO DULCE AFUERA,JOBO DULCE AFUERA,43
EL SEIBO,EL SEIBO,EL SEIBO,ESCUELA PRIMARIA RURAL,PARAJE LAS LAJAS,LAS LAJAS,46
EL SEIBO,EL SEIBO,EL SEIBO,ESCUELA PRIMARIA RURAL,PARAJE PEÑA BLANCA AFUERA,PEÑA BLANCA AFUERA,"0044,0045"
EL SEIBO,EL SEIBO,EL SEIBO,ESCUELA PRIMARIA RURAL,PARAJE PIEDRA GRANDE,ALEMAN,"0061,0101"
EL SEIBO,EL SEIBO,EL SEIBO,ESCUELA PRIMARIA RURAL,PARAJE CAÑADA DEL AGUA,CAÑADA DEL AGUA,"0063,0063A"
EL SEIBO,EL SEIBO,EL SEIBO,ESCUELA PRIMARIA RURAL,PARAJE LA GUAZUMA,LA GUAZUMA,60
EL SEIBO,EL SEIBO,EL SEIBO,ESCUELA PRIMARIA RURAL,PARAJE ALEMAN,PIEDRA GRANDE,62
EL SEIBO,EL SEIBO,EL SEIBO,CENTRO CAMPESINO AUGUSTO PELEGRIN,"CALLE SANCHEZ ESQ, CALLE NUESTRA SEÑORA DEL RO- SARIO",LOS HOYITOS,"0082,0098"
EL SEIBO,EL SEIBO,EL SEIBO,ESCUELA ELOINA CONSTANZO,BO. MIRADOR SUR,MIRADOR SUR,"0083,0093"
EL SEIBO,EL SEIBO,EL SEIBO,GIMNASIO DE BOXEO,C/PROLONGACION CASI ESQ. 16 DE AGOSTO. LA CRUZ,LA CRUZ,3
EL SEIBO,EL SEIBO,EL SEIBO,CANCHA CLUB,C/ 15,GINANDIANA,"0096,0109"
EL SEIBO,EL SEIBO,EL SEIBO,ESCUELA PRIMARIA URBANA,CALLE PRINCIPAL,VILLA GUERRERO,"0097,0102"
EL SEIBO,EL SEIBO,EL SEIBO,CENTRO DE CAPACITACION,"AV. CENTRAL MANUELA DIEZ, ESQ. GASTON F. DELIGNE",LA CRUZ,"0002,0075,0081,0085,0099"
EL SEIBO,EL SEIBO,EL SEIBO,ESCUELA PRIMARIA URBANA LEONIDAS MEDINA,CALLE PRINCIPAL,SAN MARTIN,100
EL SEIBO,EL SEIBO,EL SEIBO,CANCHA CLUB LOS HOYITOS,CALLE HERMANOS MERCEDES,LOS HOYITOS,"0088,0110"
EL SEIBO,EL SEIBO,EL SEIBO,ESCUELA NUEVA PROF. SILVIA CERDA DE MOTA,CALLE GENERAL ANTONIO RAMIREZ,GINANDIANA,"0072,0072A,0072B,0076"
EL SEIBO,EL SEIBO,EL SEIBO,LOGIA CONCORDIA,AV. MANUELA DIEZ JIMENEZ,ENRIQUILLO,"0081A,0111"
EL SEIBO,EL SEIBO,EL SEIBO,ESCUELA PRIMARIA LUISA NOLAS- CO DE MICHEL,CALLE CLODOMIRO SANTIN,LAS QUINIENTAS,104
EL SEIBO,EL SEIBO,EL SEIBO,RADIO SEIBO,CALLE LIBERTAD NO.9,LOS HOYITOS,73
EL SEIBO,EL SEIBO,PEDRO SANCHEZ (DM),ESCUELA PRIMARIA RURAL,PARAJE LA GINA,LA GINA,21
EL SEIBO,EL SEIBO,PEDRO SANCHEZ (DM),ESCUELA PRIMARIA RURAL,PARAJE COLONIA DE PEDRO SANCHEZ,PEDRO SANCHEZ,"0023,0024"
EL SEIBO,EL SEIBO,PEDRO SANCHEZ (DM),ESCUELA PRIMARIA RURAL,PARAJE LA MAJAGUA,MAJAGUA,22
EL SEIBO,EL SEIBO,PEDRO SANCHEZ (DM),ESCUELA PRIMARIA RURAL,PARAJE LOS CAFESES,LOS CAFESES,"0029,0030"
EL SEIBO,EL SEIBO,PEDRO SANCHEZ (DM),LICEO DEL DISTRITO MUNICIPAL PEDRO SANCHEZ,D.M. PEDRO SANCHEZ,PEDRO SANCHEZ,"0086,0103"
EL SEIBO,EL SEIBO,SAN FRANCISCO-VI- CENTILLO (DM),ESCUELA PRIMARIA RURAL,PARAJE EL CERCADO,EL CERCADO,"0019,0089"
EL SEIBO,EL SEIBO,SAN FRANCISCO-VI- CENTILLO (DM),ESCUELA PRIMARIA RURAL,PARAJE EL RANCHO NUM.2,EL RANCHO NO. 2,"0018,0095"
EL SEIBO,EL SEIBO,SAN FRANCISCO-VI- CENTILLO (DM),ESCUELA PRIMARIA RURAL,PARAJE LAS GUAJABAS,LAS GUAJABAS,20
EL SEIBO,EL SEIBO,SAN FRANCISCO-VI- CENTILLO (DM),ESCUELA PRIMARIA RURAL,PARAJE VIVIANA,VIVIANA,69
EL SEIBO,EL SEIBO,SAN FRANCISCO-VI- CENTILLO (DM),ESCUELA PRIMARIA RURAL,PARAJE VICENTILLO,VICENTILLO,"0016,0017,0092"
EL SEIBO,EL SEIBO,SANTA LUCIA-LA HIGUERA (DM),ESCUELA PRIMARIA RURAL,BATEY 35,EL TREINTA Y CINCO,"0058,0059"
EL SEIBO,EL SEIBO,SANTA LUCIA-LA HIGUERA (DM),ESCUELA PRIMARIA RURAL,PARAJE ALTOS DE PEGUERO,BATEY 91,"0054,0090"
EL SEIBO,EL SEIBO,SANTA LUCIA-LA HIGUERA (DM),ESCUELA PRIMARIA RURAL,PARAJE EL PINTADO,EL PINTADO,"0056,0057,0087,0112"
EL SEIBO,EL SEIBO,SANTA LUCIA-LA HIGUERA (DM),ESCUELA PRIMARIA RURAL,PARAJE KILOMETRO 8,KM. 8,"0055,0091,0113"
EL SEIBO,EL SEIBO,SANTA LUCIA-LA HIGUERA (DM),ESCUELA PRIMARIA RURAL,PARAJE LA HIGUERA,LA HIGUERA,"0052,0053,0077,0114"
EL SEIBO,EL SEIBO,SANTA LUCIA-LA HIGUERA (DM),ESCUELA PRIMARIA RURAL SANTA RITA,CARRETERA EL SEIBO-HIGUEY,SANTA LUCIA KLM. 3,105
EL SEIBO,EL SEIBO,SANTA LUCIA-LA HIGUERA (DM),LICEO JUAN PABLO DUARTE,SANTA LUCIA,LA HIGUERA,106
EL SEIBO,MICHES,MICHES,COLEGIO PADRE DANIEL,CALLE JOHN F. KENNEDY,CENTRO DE LA CIUDAD,"0005,0024,0029"
EL SEIBO,MICHES,MICHES,DISTRITO ESCOLAR,CALLE GASPAR POLANCO,EL HOSPITAL,"0003,0004,0004A,0019,0023"
EL SEIBO,MICHES,MICHES,ESCUELA PRIMARIA RURAL,PARAJE LOS MAMEYES,LOS MAMEYES,"0009,0031"
EL SEIBO,MICHES,MICHES,ESCUELA PRIMARIA RURAL,PARAJE MANUEL CHIQUITO (KM 10),MANUEL CHIQUITO,10
EL SEIBO,MICHES,MICHES,ESCUELA PRIMARIA LUCAS GUIBBES,SALIDA CARRETERA MICH- ES-HIGUEY,SALIDA HIGUEY,"0001,0001A,0002,0006,0028"
EL SEIBO,MICHES,MICHES,LICEO PADRE DANIEL,CARRETERA MICHES - BAVARO,CENTRO DE LA CIUDAD,34
EL SEIBO,MICHES,MICHES,ESCUELA PRIMARIA RURAL LOS FRANCESES,BARRIO LOS FRANCESES,LOS FRANCESES,"0011,0021,0030"
EL SEIBO,MICHES,EL JOVERO (EL CEDRO) (DM),ESCUELA PRIMARIA RURAL,PARAJE HICACOS BLANCOS,HICACOS BLANCOS,"0014,0027"
EL SEIBO,MICHES,EL JOVERO (EL CEDRO) (DM),ESCUELA PRIMARIA RURAL,PARAJE LOS CUATRO CAMI- NOS,LOS CUATRO CAMINOS,"0015,0025"
EL SEIBO,MICHES,EL JOVERO (EL CEDRO) (DM),ESCUELA PRIMARIA RURAL,PARAJE EL CEDRO,EL CEDRO,"0012,0013,0020"
EL SEIBO,MICHES,EL JOVERO (EL CEDRO) (DM),ESCUELA PRIMARIA RURAL,PARAJE SABANA DE NISIBON,SABANA DE NISIBON,"0018,0022,0035"
EL SEIBO,MICHES,EL JOVERO (EL CEDRO) (DM),LICEO LEOVIGILDO MAURICIO LINARES,D.M. EL CEDRO,EL CEDRO,33
EL SEIBO,MICHES,LA GINA (DM),ESCUELA PRIMARIA RURAL,PARAJE LA GINA,LA GINA,"0007,0007A,0008"
EL SEIBO,MICHES,LA GINA (DM),ESCUELA PRIMARIA RURAL,PARAJE LA CULEBRA,LA CULEBRA,32
EL SEIBO,MICHES,LA GINA (DM),ESCUELA BASICA LA GINA,PUEBLO NUEVO,PUEBLO NUEVO,"0008A,0036"
ELIAS PIÑA,BANICA,BANICA,ESCUELA PRIMARIA EVA MA. PELLERANO,CIUDAD,CENTRO DE LA CIUDAD,"0001,0002"
ELIAS PIÑA,BANICA,BANICA,LICEO SEC. OFICIAL SAN FCO. DE ASIS,CIUDAD,CENTRO DE LA CIUDAD,"0013,0015"
ELIAS PIÑA,BANICA,BANICA,ESCUELA PRIMARIA RURAL,PARAJE LAS CAÑITAS,LAS CAÑITAS,"0008,0009"
ELIAS PIÑA,BANICA,SABANA CRUZ (DM),ESCUELA PRIMARIA RURAL,PARAJE GUAYABAL,GUAYABAL,"0005,0006"
ELIAS PIÑA,BANICA,SABANA CRUZ (DM),ESCUELA PRIMARIA RURAL LUIS MILCIADES ESPICHICOQUEZ,SABANA CRUZ,SABANA CRUZ,"0003,0004,0017"
ELIAS PIÑA,BANICA,SABANA HIGUERO (DM),ESCUELA PRIMARIA RURAL,PARAJE HIGUERITO,HIGUERITO,"0012,0014"
ELIAS PIÑA,BANICA,SABANA HIGUERO (DM),ESCUELA PRIMARIA RURAL,PARAJE LOS YAREYES,LOS YAREYES,7
ELIAS PIÑA,BANICA,SABANA HIGUERO (DM),ESCUELA PRIMARIA RURAL,PARAJE SABANA MULA,SABANA MULA,"0010,0011,0016"
ELIAS PIÑA,COMENDADOR,COMENDADOR,LICEO SECUNDARIO GASTON F. DELIGNE,CAMBRONAL 19,LAS DELICIAS,"0005,0006,0006A,0007,0028"
ELIAS PIÑA,COMENDADOR,COMENDADOR,ESCUELA PRIMARIA JUAN P. DUARTE,CALLE MELLA NO.2,PARTE NORTE DE LA CIUDAD,"0001,0002"
ELIAS PIÑA,COMENDADOR,COMENDADOR,ESCUELA PRIMARIA DEL PINO,PARAJE EL PINO,EL PINO,19
ELIAS PIÑA,COMENDADOR,COMENDADOR,ESCUELA PRIMARIA DE CARRIZAL,PARAJE EL CARRIZAL,EL CARRIZAL,"0021,0060"
ELIAS PIÑA,COMENDADOR,COMENDADOR,ESCUELA PRIMARIA LOS COROC- ITOS,PARAJE LOS COROCITOS,LOS COROCITOS,"0022,0057"
ELIAS PIÑA,COMENDADOR,COMENDADOR,ESCUELA PRIMARIA LA PATILLA,PARAJE LA PATILLA,LAS PATILLAS,23
ELIAS PIÑA,COMENDADOR,COMENDADOR,ESCUELA PRIMARIA LOS RINCON- CITOS,PARAJE LOS RINCONCITOS,LOS RINCONCITOS,"0009,0010"
ELIAS PIÑA,COMENDADOR,COMENDADOR,ESCUELA PRIMARIA RAUL JIMENEZ CAIRO,PARAJE MACASIAS,MACASIAS,8
ELIAS PIÑA,COMENDADOR,COMENDADOR,ESCUELA PRIMARIA HERMANOS PINZON,PARAJE PINZON,PINZON,"0013,0014"
ELIAS PIÑA,COMENDADOR,COMENDADOR,ESCUELA PRIMARIA HERMANOS PUELLO,PARAJE PUELLO,PUELLO,"0011,0012"
ELIAS PIÑA,COMENDADOR,COMENDADOR,CENTRO EDUCATIVO CAOBAL,PARAJE CAOBAL,CAOBAL,20
ELIAS PIÑA,COMENDADOR,COMENDADOR,LICEO TECNICO SAGRADO CORA- ZON DE JESUS,CALLE SANTA TERESA NO. 76,CENTRO DE LA CIUDAD,"0003,0004,0053,0054,0055,0058"
ELIAS PIÑA,COMENDADOR,COMENDADOR,CENTRO EDUCATIVO LAVADOR,CARRETERA SANCHEZ KM 1,LOS MANGOS,59
ELIAS PIÑA,COMENDADOR,COMENDADOR,PABELLON DE COMBATE ANGEL SANTANA MARTINEZ,CALLE 27 DE FEBRERO,CENTRO DE LA CIUDAD,61
ELIAS PIÑA,COMENDADOR,COMENDADOR,ESCUELA ANA PATRIA MARTÍNEZ,CALLE ROSA TERRERO,LAS DELICIAS,"0050,0051,0052"
ELIAS PIÑA,COMENDADOR,SABANA LARGA (DM),ESCUELA PRIMARIA DE ANGOS- TURA,PARAJE ANGOSTURA,ANGOSTURA,17
ELIAS PIÑA,COMENDADOR,SABANA LARGA (DM),ESCUELA PRIMARIA HATO VIEJO,PARAJE HATO VIEJO,HATO VIEJO,18
ELIAS PIÑA,COMENDADOR,SABANA LARGA (DM),CENTRO EDUCATIVO SABANA LARGA,PARAJE SABANA LARGA,SABANA LARGA,"0015,0016"
ELIAS PIÑA,COMENDADOR,SABANA LARGA (DM),ESCUELA PRIMARIA POTROSO,PARAJE POTROSO,POTROSO,30
ELIAS PIÑA,COMENDADOR,GUAYABO (DM),CENTRO EDUCATIVO GUAZUMAL,PARAJE GUAZUMAL,GUAZUMAL,49
ELIAS PIÑA,COMENDADOR,GUAYABO (DM),ESCUELA PRIMARIA ISIDRO MARTINEZ,PARAJE ISIDRO MARTINEZ,ISIDRO MARTINEZ,29
ELIAS PIÑA,COMENDADOR,GUAYABO (DM),CENTRO EDUCATIVO ANDRÉS TOLENTINO,ENTRADA CARRETERA LAS MESETAS,GUAYABO,"0024,0025,0026,0056"
ELIAS PIÑA,PEDRO SANTANA,PEDRO SANTANA,ESCUELA BASICA ANTONIO DUVERGE,ZONA URBANA,CENTRO DE LA CIUDAD,"0001,0010,0014"
ELIAS PIÑA,PEDRO SANTANA,PEDRO SANTANA,ESCUELA BASICA MARIA ESPER- ANZA RODRIGUEZ,PARAJE GUAYAJAYUCO,GUAYAJAYUCO,3
ELIAS PIÑA,PEDRO SANTANA,PEDRO SANTANA,ESCUELA BASICA ALFONSO AGUSTIN BORDAS,PARAJE ARROYO GRANDE,ARROYO GRANDE,9
ELIAS PIÑA,PEDRO SANTANA,PEDRO SANTANA,ESCUELA BASICA MANUEL POMPEYO GUERRERO,PARAJE LA PALMA,LA PALMA,8
ELIAS PIÑA,PEDRO SANTANA,PEDRO SANTANA,ESCUELA BASICA JESUS BERNAR- DA CONTRERAS,PARAJE LA YAMAYA,LA YAMAYA,7
ELIAS PIÑA,PEDRO SANTANA,RIO LIMPIO (DM),ESCUELA BASICA ELPIDIO OVIEDO MEDINA,PARAJE BELLIGUIN,BELLIGUIN,"0004,0005"
ELIAS PIÑA,PEDRO SANTANA,RIO LIMPIO (DM),ESCUELA BASICA TOMAS CON- TRERAS DE LOS SANTOS,PARAJE LA SIERRECITA,SIERRECITA,6
ELIAS PIÑA,PEDRO SANTANA,RIO LIMPIO (DM),ESCUELA BASICA RIO LIMPIO,PARAJE RIO LIMPIO,RIO LIMPIO,"0002,0011,0013"
ELIAS PIÑA,HONDO VALLE,HONDO VALLE,ESC. PRIMARIA URBANA MATIAS RAMON MELLA,CIUDAD,CENTRO DE LA CIUDAD,"0008,0009,0010,0015"
ELIAS PIÑA,HONDO VALLE,HONDO VALLE,ESCUELA PRIMARIA RURAL BEN- JAMIN ENCARNACION,PARAJE LOS RINCONES,LOS RINCONES,"0004,0005,0019"
ELIAS PIÑA,HONDO VALLE,HONDO VALLE,LICEO SECUNDARIO FATIMA,"CIUDAD, CENTRO DE LA CIUDAD",CENTRO DE LA CIUDAD,"0011,0018,0020,0021"
ELIAS PIÑA,HONDO VALLE,RANCHO DE LA GUARDIA (DM),ESCUELA PRIMARIA RURAL PEDRO MONTERO MORILLO,PARAJE LOS GUINEOS,LOS GUINEOS (SA- JONADA),"0003,0016"
ELIAS PIÑA,HONDO VALLE,RANCHO DE LA GUARDIA (DM),ESCUELA PRIMARIA RURAL DULCE MARIA FELIX,PARAJE RANCHO DE LA GUARDIA,RANCHO DE LA GUAR- DIA,"0001,0002,0017"
ELIAS PIÑA,EL LLANO,EL LLANO,ESCUELA JOSE JOAQUIN PUELLO,CIUDAD,CENTRO DE LA CIUDAD,"0004,0005,0006"
ELIAS PIÑA,EL LLANO,EL LLANO,ESCUELA BASICA VENANCIO,PARAJE PALO SECO,PALO SECO,"0003,0011"
ELIAS PIÑA,EL LLANO,EL LLANO,ESCUELA LOS MOLINOS,PARAJE REBOSO,REBOSO,"0002,0010"
ELIAS PIÑA,EL LLANO,EL LLANO,LICEO SECUNDARIO EL LLANO,CALLE MAXIMILIANO BAUTISTA,CENTRO DE LA CIUDAD,"0012,0013,0015"
ELIAS PIÑA,EL LLANO,GUANITO (DM),ESCUELA PRIMARIA DE GUANITO,PARAJE GUANITO,GUANITO,"0007,0014"
ELIAS PIÑA,EL LLANO,GUANITO (DM),ESCUELA BASICA MULTIGRADO EL VALLE,PARAJE EL VALLE,EL VALLE,1
ELIAS PIÑA,EL LLANO,GUANITO (DM),ESCUELA PRIMARIA BASICA LOS ARROYOS,PARAJE LOS ARROYOS,LOS ARROYOS,"0008,0009"
ELIAS PIÑA,EL LLANO,GUANITO (DM),CENTRO EDUCATIVO NIVEL BASI- CO EL GUANITO,PARAJE GUANITO,GUANITO,16
ELIAS PIÑA,JUAN SANTIAGO,JUAN SANTIAGO,ESCUELA PRIMARIA RURAL,PARAJE SABANA DE LA LOMA,SABANA DE LA LOMA,7
ELIAS PIÑA,JUAN SANTIAGO,JUAN SANTIAGO,ESCUELA PRIMARIA MARIA TRINI- DAD SANCHEZ,CIUDAD,CENTRO DE LA CIUDAD,"0001,0012,0012A"
ELIAS PIÑA,JUAN SANTIAGO,JUAN SANTIAGO,LA PLAZA,CALLE DUARTE NO. 50,CENTRO DE LA CIUDAD,"0013,0013A"
ELIAS PIÑA,JUAN SANTIAGO,JUAN SANTIAGO,ESCUELA PRIMARIA RURAL,PARAJE MONTE MAYOR,MONTE MAYOR,6
ELIAS PIÑA,JUAN SANTIAGO,JUAN SANTIAGO,CLINICA RURAL DE JUAN SANTI- AGO,CALLE REMIGIO LORA,CENTRO DE LA CIUDAD,"0014,0015"
ELIAS PIÑA,JUAN SANTIAGO,JUAN SANTIAGO,ESCUELA PROFESOR JUAN BOSCH,CALLE DUARTE,SABANA DE CHEN,16
ESPAILLAT,MOCA,MOCA,CLUB OBRERO,CALLE CENTRAL NO.2,JOSE HORACIO RODRI- GUEZ,"0017,0017A"
ESPAILLAT,MOCA,MOCA,LICEO FRANCISCO ANTONIO ARIAS (ANTIGUA ESC. VALENTIN MICHEL),AV. PUERTO RICO NO.2,NUEVO PUERTO RICO,"0001,0001A,0002,0251,0278"
ESPAILLAT,MOCA,MOCA,AYUNTAMIENTO MUNICIPAL,CALLE INDEPENDENCIA NO.25,CENTRO DE LA CIUDAD,"0005,0005A,0006,0006A,0233"
ESPAILLAT,MOCA,MOCA,CLUB DEPORTIVO (LA CANCHA),CALLE COLON NO.24,SAL SI PUEDES,"0019,0019A,0020"
ESPAILLAT,MOCA,MOCA,COMEDOR ECONOMICO,JOSE REYES/CORAZON DE JS.,JOSE HORACIO RODRI- GUEZ,"0012,0012A,0154A,0220"
ESPAILLAT,MOCA,MOCA,COLEGIO DON BOSCO,CALLE SANCHEZ,PUEBLO ARRIBA,"0014B,0014C,0026,0027,0155,0155A,0155B,0155C,0252,0307"
ESPAILLAT,MOCA,MOCA,LIC. SEC. DOMINGO F. SARMIENTO,CALLE DUARTE NO.47,MEJORAMIENTO SOCIAL,"0030,0031,0031A,0159,0235,0276,0283,0295"
ESPAILLAT,MOCA,MOCA,LOGIA PERSEVERANCIA NO.13,INDEPENDENCIA NO.63,PUEBLO ARRIBA,"0168,0168A,0185"
ESPAILLAT,MOCA,MOCA,ESCUELA JUAN CRISOSTOMO ESTRELLA,C/NUESTRA SEÑORA DEL ROSARIO 136,MEJORAMIENTO SOCIAL,"0021,0021A,0022,0022A,0022B,0028,0029,0200,0200A,0236"
ESPAILLAT,MOCA,MOCA,ESCUELA PRIMARIA ANDRES BELLO,C/CAYETANO GERMOSEN NO.50,JOSE HORACIO RODRI- GUEZ,"0007,0008,0008A,0009,0009A,0010,0011,0213"
ESPAILLAT,MOCA,MOCA,CUERPO DE BOMBEROS CIVILES,CALLE SANCHEZ NO.47,CENTRO DE LA CIUDAD,"0014,0014A,0014D,0237"
ESPAILLAT,MOCA,MOCA,ESCUELA PRIMARIA SIXTO PAS- TOR HERNANDEZ,PARAJE GUAUCI ABAJO,GUAUCI ABAJO,"0095,0095A,0096,0097,0205,0239,0277,0284"
ESPAILLAT,MOCA,MOCA,ESCUELA JUAN MARIA JIMENEZ,PARAJE LA PLAYA,LA PLAYA,"0139,0196,0272"
ESPAILLAT,MOCA,MOCA,ESCUELA PRIMARIA BIENVENIDO SERRANO.,PARAJE ALGARROBO,ALGARROBO,"0115,0116"
ESPAILLAT,MOCA,MOCA,CENTRO EDUCATIVO EL COROZO,PARAJE EL COROZO,EL COROZO,"0132,0132A,0133,0245"
ESPAILLAT,MOCA,MOCA,ESCUELA PRIMARIA SOR PURA CAAMAÑO ALVARES,PARAJE LA ISLETA,LA ISLETA,"0137,0183"
ESPAILLAT,MOCA,MOCA,ESCUELA PRIMARIA LOS HILARIOS,PARAJE LLENAS,LLENAS (HINCHAS),"0138,0153,0223"
ESPAILLAT,MOCA,MOCA,ESCUELA PRIMARIA SANTA ROSA,PARAJE SANTA ROSA,SANTA ROSA,"0134,0135,0136,0195,0224"
ESPAILLAT,MOCA,MOCA,ESCUELA PRIMARIA MELIDA PE- REZ RODRIGUEZ,PARAJE ESTANCIA NUEVA ARRIBA,ESTANCIA NUEVA ARRIBA,"0072,0073,0074,0075,0189,0254"
ESPAILLAT,MOCA,MOCA,ESCUELA PRIMARIA LA ERMITA,PARAJE LA ERMITA,LA ERMITA,"0067,0068,0176,0225,0280"
ESPAILLAT,MOCA,MOCA,ESCUELA PRIMARIA JOSE MARIA RAMIREZ,PARAJE PASO DE MOCA,PASO DE MOCA (EL FONDO),"0065,0066,0188,0226,0296"
ESPAILLAT,MOCA,MOCA,ESCUELA PRIMARIA RURAL,PARAJE SAN FRANCISCO ARRIBA,SAN FRANCISCO ARRIBA,"0069,0152,0246"
ESPAILLAT,MOCA,MOCA,ESCUELA PRIMARIA LA SOLEDAD DE SAN JUAN BOSCO,PARAJE CACIQUE ABAJO,CACIQUE ABAJO,"0109,0162"
ESPAILLAT,MOCA,MOCA,ESCUELA PRIMARIA RURAL,PARAJE EL CAIMITO,EL CAIMITO,"0110,0111,0181,0227"
ESPAILLAT,MOCA,MOCA,ESCUELA PRIMARIA PEDRO JOSE HENRIQUEZ,PARAJE JABABA,JABABA,"0107,0108,0197"
ESPAILLAT,MOCA,MOCA,ESCUELA PRIMARIA JOSE LUIS GOMEZ,PARAJE QUEBRADA HONDA,QUEBRADA HONDA,"0103,0104,0179,0228,0309"
ESPAILLAT,MOCA,MOCA,ESCUELA PRIMARIA LORENZO CONFESOR HICIANO,PARAJE SAN LUIS,SAN LUIS,"0105,0147,0194,0281"
ESPAILLAT,MOCA,MOCA,ESCUELA PRIMARIA JOSE RODRI- GUEZ BENCOSME,PARAJE ROSA DE MOCA,LA ROSA DE MOCA,"0131,0297"
ESPAILLAT,MOCA,MOCA,ESCUELA PRIMARIA RURAL,PARAJE SOLEDAD,LA SOLEDAD,"0124,0125,0247"
ESPAILLAT,MOCA,MOCA,ESCUELA PRIMARIA LUIS RAMON GOMEZ LIZARDO,PARAJE ZAFARRAYA,ZAFARRAYA,"0126,0127,0128,0255"
ESPAILLAT,MOCA,MOCA,OFICINA DE CORREOS,C/ CORAZON DE JESUS,PUEBLO ARRIBA,171
ESPAILLAT,MOCA,MOCA,CLUB DE SOFTBALL,INOCENCIO REYES,JOSE HORACIO RODRI- GUEZ,"0170,0170A,0229"
ESPAILLAT,MOCA,MOCA,ESCUELA PRIMARIA PEDRO ANTO- NIO GARCIA RUIZ,PARAJE LOS CERCADOS,LOS CERCADOS,117
ESPAILLAT,MOCA,MOCA,ESCUELA DE SORDO MUDO,CALLE INOCENCIO REYES,JOSE HORACIO RODRI- GUEZ,"0154,0249"
ESPAILLAT,MOCA,MOCA,OFICINA CORAAMOCA,CALLE SANCHEZ,CENTRO DE LA CIUDAD,"0013,0211,0250"
ESPAILLAT,MOCA,MOCA,COLEGIO PORFIRIO MORALES,CALLE IMBERT #25,CENTRO DE LA CIUDAD,"0025,0187,0230"
ESPAILLAT,MOCA,MOCA,CONANI,CALLE INDEPENDENCIA NO. 23,CENTRO DE LA CIUDAD,"0003,0004"
ESPAILLAT,MOCA,MOCA,ESCUELA PRIMARIA LOS LOPEZ,BARRIO LOS LOPEZ,LOS LOPEZ,"0002A,0169,0169A,0231,0261,0292"
ESPAILLAT,MOCA,MOCA,ESCUELA PRIMARIA JUAN PABLO SANCHEZ GARCIA,PARAJE ROSA DE MOCA,LA ROSA DE MOCA,"0129,0130,0257"
ESPAILLAT,MOCA,MOCA,UNIVERSIDAD O&M,"AUTOPISTA RAMON CACERES, KM 1",LOS MAESTROS,"0282,0298"
ESPAILLAT,MOCA,MOCA,LICEO EL COROZO,CALLE PRINCIPAL JENNY MARIA II,JENNY MARIA II,"0290,0299"
ESPAILLAT,MOCA,MOCA,UNIVERSIDAD UTESA,CALLE DUARTE NO. 5,CENTRO DE LA CIUDAD,"0018,0018A,0018B,0234,0300"
ESPAILLAT,MOCA,MOCA,POLITECNICO PROFESOR AR- QUIDES CALDERON,CALLE DUARTE,CENTRO DE LA CIUDAD,"0015,0016,0023,0024,0024A,0212,0221,0293"
ESPAILLAT,MOCA,MOCA,ESCUELA CENTRO EDUCATIVO EL CAIMITO - LA ROSARIO,"PARAJE EL CAIMITO, BARRIO PULÚ",EL CAIMITO,301
ESPAILLAT,MOCA,MOCA,ESCUELA BRUNILDA DE LA CRUZ,PARAJE RINCON DE LOS JIMENEZ,RINCON DE LOS JIMENEZ,305
ESPAILLAT,MOCA,MOCA,ESCUELA VALENTIN MICHEL (NUE- VO LOCAL),CALLE CAYETANO GERMOSEN ESQUINA CALLE ROSARIO,NUEVO PUERTO RICO,306
ESPAILLAT,MOCA,JOSE CONTRERAS (DM),EDIFICIO DE OFICINAS PUBLICAS,CALLE IMBERT NO.35,JOSE CONTRERAS,"0044,0045,0157,0202"
ESPAILLAT,MOCA,JOSE CONTRERAS (DM),ESCUELA PRIMARIA RICARDO DOMINGUEZ ALBINO,PARAJE RANCHO DE LOS PLATANOS,RANCHO DE LOS PLA- TANOS,"0042,0150"
ESPAILLAT,MOCA,JOSE CONTRERAS (DM),ESCUELA PRIMARIA LOS GUAYUY- OS,PARAJE LOS GUAYUYOS,LOS GUAYUYOS,"0056,0057"
ESPAILLAT,MOCA,JOSE CONTRERAS (DM),ESCUELA PRIMARIA MANUEL DE JESUS RODRIGUEZ,PARAJE LOS BUEYES,LOS BUEYES,38
ESPAILLAT,MOCA,JOSE CONTRERAS (DM),ESCUELA PRIMARIA PALMA HER- RADA,PARAJE PALMA HERRADA,PALMA HERRADA,"0039,0151"
ESPAILLAT,MOCA,JOSE CONTRERAS (DM),LICEO JUAN MIGUEL VICENTE MARTIN,CALLE PRIMERO DE JUNIO,JOSE CONTRERAS,273
ESPAILLAT,MOCA,JOSE CONTRERAS (DM),CASA FAMILIAR,PARAJE LOS RINCONES,LOS RINCONES,"0040,0041"
ESPAILLAT,MOCA,JUAN LOPEZ ABAJO (EL MAMEY) (DM),ESCUELA PRIMARIA DE LOS TEJADAS,PARAJE LOS TEJADAS,LOS TEJADAS,"0100,0156,0279"
ESPAILLAT,MOCA,JUAN LOPEZ ABAJO (EL MAMEY) (DM),ESCUELA PRIMARIA TEOLINDA BENCOSME,PARAJE JUAN LOPEZ ARRIBA,JUAN LOPEZ ARRIBA,"0087,0088,0089,0160,0160A,0160B,0275"
ESPAILLAT,MOCA,JUAN LOPEZ ABAJO (EL MAMEY) (DM),ESCUELA PRIMARIA JOSE GREGO- RIO DE LEON,PARAJE GUAUCI ARRIBA,GUAUCI ARRIBA,"0093,0094,0240"
ESPAILLAT,MOCA,JUAN LOPEZ ABAJO (EL MAMEY) (DM),ESCUELA PRIMARIA AURA ESTELA NUÑEZ,PARAJE LA CURACAO,LA CURACAO (JUAN LOPEZ ABAJO),"0090,0091,0092,0178,0178A,0192,0215,0241,0258"
ESPAILLAT,MOCA,JUAN LOPEZ ABAJO (EL MAMEY) (DM),ESCUELA PRIMARIA JOSEFA RA- MONA GONZALEZ R.,PARAJE EL SALITRE,EL SALITRE,"0085,0086,0201"
ESPAILLAT,MOCA,JUAN LOPEZ ABAJO (EL MAMEY) (DM),ESCUELA PRIMARIA TOMAS RO- DRIGUEZ,PARAJE POZO DE PALMA,POZO DE LA PALMA,218
ESPAILLAT,MOCA,JUAN LOPEZ ABAJO (EL MAMEY) (DM),ESCUELA LOS ROBLES DE JUAN LOPEZ,CALLE PRINCIPAL LOS ROBLES DE JUAN LOPEZ,JUAN LOPEZ ABAJO,289
ESPAILLAT,MOCA,JUAN LOPEZ ABAJO (EL MAMEY) (DM),LICEO AURORA TAVAREZ BEL- LIARD,CARRETERA JUAN LOPEZ,JUAN LOPEZ ABAJO,294
ESPAILLAT,MOCA,LAS LAGUNAS ABA- JO (DM),ESCUELA PRIMARIA RURAL,PARAJE BOCA FERREA,Boca Ferrea Abajo,"0081,0082,0083,0084,0238"
ESPAILLAT,MOCA,LAS LAGUNAS ABA- JO (DM),ESCUELA PRIMARIA RURAL,PARAJE AGUACATE ABAJO,AGUACATE ABAJO,"0148,0191,0270"
ESPAILLAT,MOCA,LAS LAGUNAS ABA- JO (DM),ESCUELA PRIMARIA ANGELICA ANTONIA MOLINO SANTOS,PARAJE LAS CRUCES,LAS CRUCES,"0101,0102,0214"
ESPAILLAT,MOCA,LAS LAGUNAS ABA- JO (DM),ESCUELA PRIMARIA MARIA MER- CEDES RODRIGUEZ VERAS,PARAJE LAS LAGUNAS ABAJO,LAS LAGUNAS ABAJO,"0098,0099,0161,0193,0216,0242,0271,0285"
ESPAILLAT,MOCA,LAS LAGUNAS ABA- JO (DM),ESCUELA PRIMARIA RURAL,PARAJE CACIQUE ARRIBA,CACIQUE ARRIBA,"0106,0180,0264"
ESPAILLAT,MOCA,LAS LAGUNAS ABA- JO (DM),ESCUELA BERNABÉ FELIX,PARAJE BOCA FERREA,Boca Ferrea Abajo,302
ESPAILLAT,MOCA,LAS LAGUNAS ABA- JO (DM),LICEO JULIO JAIME JULIA,PARAJE AGUACATE ABAJO,AGUACATE ABAJO,303
ESPAILLAT,MOCA,LAS LAGUNAS ABA- JO (DM),LICEO LUIS RAMON BENCOSME,CARRETERA PRINCIAL DEL DISTRITO LAS LAGUNAS,LAS LAGUNAS ABAJO,310
ESPAILLAT,MOCA,HIGUERITO (DM),ESCUELA PRIMARIA AQUILINA DE JESUS OVILLES,PARAJE EL HIGUERITO,EL HIGUERITO,"0118,0119,0182,0198,0209,0253,0287"
ESPAILLAT,MOCA,HIGUERITO (DM),ESCUELA PRIMARIA RAMON VAR- GAS VERAS,PARAJE LAS GUAZUMAS,LAS GUAZUMAS,"0122,0123,0164,0199"
ESPAILLAT,MOCA,HIGUERITO (DM),ESCUELA PRIMARIA EULALIA DE JESUS JIMENEZ BELDERA,PARAJE BONAGUA,BONAGUA,"0217,0256,0291"
ESPAILLAT,MOCA,HIGUERITO (DM),ESCUELA PRIMARIA DE TIERRA DURA,PARAJE TIERRA,TIERRA DURA,"0219,0262"
ESPAILLAT,MOCA,HIGUERITO (DM),LICEO PROF.FABIA DOLORES CÁCERES(AQUILINA DE J.OVALLES),PARAJE EL HIGUERITO,EL HIGUERITO,304
ESPAILLAT,MOCA,MONTE DE LA JAG- UA (DM),ESCUELA PRIMARIA GRANADA,PARAJE MONTE DE LA JAGUA,MONTE DE LA JAGUA,"0112,0113,0114,0163,0163A,0222,0259"
ESPAILLAT,MOCA,MONTE DE LA JAG- UA (DM),ESCUELA PRIMARIA LAS COLINAS,D.M. MONTE DE LA JAGUA,MONTE DE LA JAGUA,286
ESPAILLAT,MOCA,ORTEGA (DM),ESCUELA PRIMARIA ORTEGA,PARAJE ORTEGA,ORTEGA,"0120,0120A,0121,0248,0288"
ESPAILLAT,MOCA,CANCA LA REYNA (DM),ESCUELA PRIMARIA RAMON ANTO- NIO RODRIGUEZ CRUZ,PARAJE LICEY AL MEDIO DE MOCA,SAN JOSE (LICEY AL MEDIO),"0078,0079,0080,0190,0207"
ESPAILLAT,MOCA,CANCA LA REYNA (DM),ESCUELA PRIMARIA JOSEFA ROSARIO,PARAJE CANCA LA REYNA,CANCA LA REYNA,"0076,0077,0177,0204,0268,0308"
ESPAILLAT,MOCA,CANCA LA REYNA (DM),ESCUELA PRIMARIA ONESIMO POLANCO,PARAJE CANCAS REPARA- CIONES,CANCA REPARACION,"0055,0269"
ESPAILLAT,MOCA,CANCA LA REYNA (DM),ESCUELA PRIMARIA RURAL,PARAJE SAN FRANCISCO ABAJO,SAN FRANCISCO ABAJO,"0070,0071,0071A,0210,0266"
ESPAILLAT,GASPAR HERNAN- DEZ,GASPAR HERNAN- DEZ,ESC. PRIMARIA LUIS C. DEL CASTILLO,CALLE MANUEL CARABALLO,EL CANDOR,"0021,0025,0031,0042,0051,0068"
ESPAILLAT,GASPAR HERNAN- DEZ,GASPAR HERNAN- DEZ,LICEO SEC. GREGORIO LUPERON,CALLE MELLA,CENTRO DE LA CIUDAD,"0002,0003,0004,0044,0064,0073,0075"
ESPAILLAT,GASPAR HERNAN- DEZ,GASPAR HERNAN- DEZ,OFICINA AGRICULTURA,AVENIDA DUARTE,CENTRO DE LA CIUDAD,1
ESPAILLAT,GASPAR HERNAN- DEZ,GASPAR HERNAN- DEZ,SALON DEL HONORABLE AYUNTA- MIENTO,CALLE SANCHEZ,CENTRO DE LA CIUDAD,43
ESPAILLAT,GASPAR HERNAN- DEZ,GASPAR HERNAN- DEZ,CENTRO EDUCATIVO LA HOYA ABAJO,"CALLE FRANCISCO JOLINGER, LA HOYA ABAJO",LA HOYA ABAJO,"0009,0010,0046,0046A,0066"
ESPAILLAT,GASPAR HERNAN- DEZ,GASPAR HERNAN- DEZ,ESCUELA PRIMARIA RURAL,PARAJE LOMA AL MEDIO,LOMA AL MEDIO,54
ESPAILLAT,GASPAR HERNAN- DEZ,GASPAR HERNAN- DEZ,ESCUELA PRIMARIA RURAL,PARAJE MATA DE GUANABANO,MATA DE GUANABANO,"0005,0060"
ESPAILLAT,GASPAR HERNAN- DEZ,GASPAR HERNAN- DEZ,ESCUELA PRIMARIA RURAL,PARAJE PALO COLORAO,PALO COLORADO,57
ESPAILLAT,GASPAR HERNAN- DEZ,GASPAR HERNAN- DEZ,ESCUELA PRIMARIA RURAL,PARAJE RIO PIEDRA,RIO PIEDRA,8
ESPAILLAT,GASPAR HERNAN- DEZ,GASPAR HERNAN- DEZ,ESCUELA PRIMARIA INTERMEDIA,PARAJE EL JOBO,EL JOBO,"0019,0020"
ESPAILLAT,GASPAR HERNAN- DEZ,GASPAR HERNAN- DEZ,ESCUELA PRIMARIA RURAL,PARAJE CASERIO OJO DE AGUA,OJO DE AGUA,"0022,0023,0024,0048"
ESPAILLAT,GASPAR HERNAN- DEZ,GASPAR HERNAN- DEZ,ESCUELA PRIMARIA RURAL,"PARAJE ANON ARRIBA, LA CEIBA",EL ANON,17
ESPAILLAT,GASPAR HERNAN- DEZ,GASPAR HERNAN- DEZ,ESCUELA PRIMARIA RURAL,"PARAJE EL CAIMAN, EL CAIMAN",EL ANON,"0018,0050"
ESPAILLAT,GASPAR HERNAN- DEZ,GASPAR HERNAN- DEZ,ESCUELA PRIMARIA FELIPE MONTES,CALLE DUARTE,EL CANDOR,78
ESPAILLAT,GASPAR HERNAN- DEZ,GASPAR HERNAN- DEZ,ESCUELA PRIMARIA RURAL LA NUEVA ERMITA,PARAJE LA NUEVA ERMITA,LA ERMITA,58
ESPAILLAT,GASPAR HERNAN- DEZ,GASPAR HERNAN- DEZ,LICEO SECUNDARIO BEJUCO BLANCO,PARAJE CASERIO BEJUCO BLANCO,BEJUCO BLANCO,"0006,0007,0045"
ESPAILLAT,GASPAR HERNAN- DEZ,JOBA ARRIBA (DM),ESCUELA PRIMARIA RURAL,PARAJE JAGUA CLARA,JAGUA CLARA,"0011,0039"
ESPAILLAT,GASPAR HERNAN- DEZ,JOBA ARRIBA (DM),ESCUELA PRIMARIA RURAL,PARAJE LA VEREDA,LA VEREDA,40
ESPAILLAT,GASPAR HERNAN- DEZ,JOBA ARRIBA (DM),ESCUELA PRIMARIA RURAL,PARAJE CASERIO JOBA ARRIBA,JOBA ARRIBA,"0013,0014,0015,0072"
ESPAILLAT,GASPAR HERNAN- DEZ,JOBA ARRIBA (DM),ESCUELA PRIMARIA RURAL,PARAJE ARROYO BLANCO,ARROYO BLANCO,12
ESPAILLAT,GASPAR HERNAN- DEZ,JOBA ARRIBA (DM),ESCUELA PRIMARIA RURAL,PARAJE EL HIGUERO,EL HIGUERO,38
ESPAILLAT,GASPAR HERNAN- DEZ,JOBA ARRIBA (DM),ESCUELA PRIMARIA INTERMEDIA,PARAJE CASERIO LA PIRAGUA,CASERIO DE PIRAGUA,"0016,0047"
ESPAILLAT,GASPAR HERNAN- DEZ,VERAGUA (DM),ESCUELA PRIMARIA RURAL,PARAJE BATEY GINEBRA,BATEY GINEBRA,"0041,0053,0053A,0053B,0067,0076"
ESPAILLAT,GASPAR HERNAN- DEZ,VERAGUA (DM),ESCUELA PRIMARIA INTERMEDIA,PARAJE VERAGUA,VENU ( VERAGUA ),"0027,0028,0029,0063,0077"
ESPAILLAT,GASPAR HERNAN- DEZ,VERAGUA (DM),ESCUELA PRIMARIA RURAL,PARAJE ALTO GRANDE,ALTO GRANDE,26
ESPAILLAT,GASPAR HERNAN- DEZ,VERAGUA (DM),ESCUELA PRIMARIA RURAL,PARAJE LA PIÑA,LA PIÑA,55
ESPAILLAT,GASPAR HERNAN- DEZ,VERAGUA (DM),ESCUELA PRIMARIA RURAL,PARAJE LAS CANAS,LAS CANAS,32
ESPAILLAT,GASPAR HERNAN- DEZ,VERAGUA (DM),ESCUELA PRIMARIA RURAL,PARAJE RINCON DE VERAGUA,RINCON DE VERAGUA,"0030,0070"
ESPAILLAT,GASPAR HERNAN- DEZ,VERAGUA (DM),ESCUELA PRIMARIA RURAL,PARAJE LAS MARIAS,LAS MARIAS,"0062,0071"
ESPAILLAT,GASPAR HERNAN- DEZ,VERAGUA (DM),ESCUELA PRIMARIA RURAL,"PARAJE CAÑO DULCE, CAÑO DULCE",CAÑO DULCE,"0049,0069"
ESPAILLAT,GASPAR HERNAN- DEZ,VERAGUA (DM),LICEO SECUNDARIO VILLA PRO- GRESO,PARAJE VENU( VERAGUA) FRENTE AL AYUNTAMIENTO,VENU ( VERAGUA ),"0056,0056A,0056B,0061,0065,0074"
ESPAILLAT,GASPAR HERNAN- DEZ,VILLA MAGANTE (DM),ESCUELA PRIMARIA INTERMEDIA,PARAJE LA YAGUA,LAS YAGUAS,"0033,0035,0059"
ESPAILLAT,GASPAR HERNAN- DEZ,VILLA MAGANTE (DM),ESCUELA PRIMARIA RURAL,PARAJE CANTERA,LA CANTERA,37
ESPAILLAT,GASPAR HERNAN- DEZ,VILLA MAGANTE (DM),ESCUELA PRIMARIA RURAL,PARAJE TRES CEIBAS,TRES CEIBAS,52
ESPAILLAT,GASPAR HERNAN- DEZ,VILLA MAGANTE (DM),ESCUELA PRIMARIA RURAL,PARAJE VEREDA AL MEDIO,VEREDA AL MEDIO,36
ESPAILLAT,GASPAR HERNAN- DEZ,VILLA MAGANTE (DM),LICEO SECUNDARIO TRES CEIBAS,PARAJE TRES CEIBAS,TRES CEIBAS,34
ESPAILLAT,CAYETANO GER- MOSEN,CAYETANO GER- MOSEN,ESCUELA ISABEL LA CATOLICA,C/BALBINA R. DE VERAS,CENTRO DE LA CIUDAD,"0001,0002,0008,0010,0017"
ESPAILLAT,CAYETANO GER- MOSEN,CAYETANO GER- MOSEN,ESCUELA PRIMARIA RURAL,PARAJE HATO VIEJO,HATO VIEJO,"0003,0004,0012"
ESPAILLAT,CAYETANO GER- MOSEN,CAYETANO GER- MOSEN,ESCUELA PRIMARIA RURAL,PARAJE LA GUAMA DE GUA- NABANO,LA GUAMA DE GUA- NABANO,"0005,0006,0007,0018"
ESPAILLAT,CAYETANO GER- MOSEN,CAYETANO GER- MOSEN,CENTRO COMUNAL LA GUAMA,PARAJE LA GUAMA DE GUA- NABANO,LA GUAMA DE GUA- NABANO,13
ESPAILLAT,CAYETANO GER- MOSEN,CAYETANO GER- MOSEN,LICEO VESPERTINO DE CAYETANO GERMOCEN,"CIUDAD, CENTRO DE LA CIUDAD",CENTRO DE LA CIUDAD,"0009,0011,0015"
ESPAILLAT,CAYETANO GER- MOSEN,CAYETANO GER- MOSEN,ESCUELA PRIMARIA RURAL,PARAJE EL CARRIL,EL CARRIL,16
ESPAILLAT,CAYETANO GER- MOSEN,CAYETANO GER- MOSEN,CENTRO EDUCATIVO ISABEL ROSA DE PEÑA,PARAJE NIBAJE,NIBAJE,14
ESPAILLAT,JAMAO AL NORTE,JAMAO AL NORTE,ESCUELA PRIMARIA RURAL,PARAJE HOJAS ANCHAS,HOJA ANCHA,32
ESPAILLAT,JAMAO AL NORTE,JAMAO AL NORTE,ESCUELA PRIMARIA RURAL,PARAJE LAS CAOBAS,LAS CAOBAS,"0035,0036,0208"
ESPAILLAT,JAMAO AL NORTE,JAMAO AL NORTE,ESCUELA PRIMARIA URBANA,CIUDAD,CENTRO DE LA CIUDAD,"0033,0034,0172,0203"
ESPAILLAT,JAMAO AL NORTE,JAMAO AL NORTE,ESCUELA PRIMARIA RURAL,PARAJE ARROYO DEL GATO,ARROYO EL GATO,37
ESPAILLAT,JAMAO AL NORTE,JAMAO AL NORTE,ESCUELA PRIMARIA RURAL,PARAJE LAS ESPINAS,LAS ESPINAS,166
ESPAILLAT,JAMAO AL NORTE,JAMAO AL NORTE,ESCUELA PRIMARIA RURAL,PARAJE LOS BRAZOS,LOS BRAZOS,"0165,0165A,0206"
ESPAILLAT,JAMAO AL NORTE,JAMAO AL NORTE,ESCUELA PRIMARIA VILLA IVAN GUZMAN,PARAJE VILLA IVAN GUZMAN,VILLA IVAN GUZMAN,204
ESPAILLAT,JAMAO AL NORTE,JAMAO AL NORTE,ESCUELA BASICA DE PALO ROTO,PARAJE PALO ROTO,PALO ROTO,205
ESPAILLAT,JAMAO AL NORTE,JAMAO AL NORTE,LICEO JAMAO AL NORTE,CALLE DUARTE NO. 79,CENTRO DE LA CIUDAD,"0001,0207"
ESPAILLAT,SAN VICTOR,SAN VICTOR,ESCUELA PRIMARIA RURAL,PARAJE LAS CANGREJERAS,CANGREJERA,43
ESPAILLAT,SAN VICTOR,SAN VICTOR,ESCUELA PROFESOR ANIBAL MEDINA DIAZ,PARAJE SAN VICTOR ABAJO,SAN VICTOR ABAJO,"0061,0062,0063,0064,0064A,0243,0274,0276"
ESPAILLAT,SAN VICTOR,SAN VICTOR,ESCUELA ROSALIA NUÑEZ HICIANO,PARAJE SAN VICTOR ARRIBA,SAN VICTOR ARRIBA,"0058,0167,0244"
ESPAILLAT,SAN VICTOR,SAN VICTOR,ESCUELA PRIMARIA LUIS NAPO- LEON NUÑEZ MOLINA,PARAJE CEYBA DE MADERA,LA CEIBA DE MADERA,"0052,0053,0054,0174,0208,0260,0277"
ESPAILLAT,SAN VICTOR,SAN VICTOR,ESCUELA PRIMARIA RURAL,PARAJE ALTO DE LOS POZOS,PUESTO GRANDE,"0186,0267"
ESPAILLAT,SAN VICTOR,SAN VICTOR,ESCUELA PRIMARIA PUESTO GRANDE,PARAJE EL CAIMITO,EL CAIMITO,"0047,0158"
ESPAILLAT,SAN VICTOR,SAN VICTOR,ESCUELA PRIMARIA LA CUMBRE,PARAJE LA CUMBRE,LA CUMBRE,"0048,0049"
ESPAILLAT,SAN VICTOR,SAN VICTOR,ESCUELA PRIMARIA LOS VEINTI- UNO,PARAJE LOS VEINTIUNO,LOS VEINTIUNO,46
ESPAILLAT,SAN VICTOR,SAN VICTOR,ESCUELA PRIMARIA PUESTO GRANDE,PARAJE PUESTO GRANDE,PUESTO GRANDE,"0050,0051,0173"
ESPAILLAT,SAN VICTOR,SAN VICTOR,ESCUELA PRIMARIA ONESIMO GRULLON,PARAJE CUERO DURO,CUERO DURO,"0059,0060,0265"
ESPAILLAT,SAN VICTOR,SAN VICTOR,LICEO ONESIMO POLANCO,PARAJE SAN VICTOR ABAJO,SAN VICTOR ABAJO,"0001,0064B,0175,0206,0232,0263,0275"
ESPAILLAT,SAN VICTOR,SAN VICTOR,ESCUELA DE LOS AMACEYES,PARAJES LOS AMACEYES,AMACEYES ARRIBA,149
HATO MAYOR,HATO MAYOR,HATO MAYOR,COLEGIO NUESTRA SEÑORA DEL CARMEN,CALLE SAN ANTONIO NO. 70,CENTRO DE LA CIUDAD,"0006,0006A,0015,0016,0061,0061A"
HATO MAYOR,HATO MAYOR,HATO MAYOR,ESCUELA PRIMARIA BERNARDO PICHARDO,CALLE DUARTE,PUERTO RICO,"0017,0018,0055,0066,0077,0091"
HATO MAYOR,HATO MAYOR,HATO MAYOR,ESCUELA PRIMARIA JUAN PABLO DUARTE,BARRIO ONDINA,ONDINA,"0072,0072A,0072B,0072C,0075,0078,0084,0085"
HATO MAYOR,HATO MAYOR,HATO MAYOR,ESCUELA PRIMARIA URBANA,BARRIO GUALEY,GUALEY,"0001,0001A,0001B,0002"
HATO MAYOR,HATO MAYOR,HATO MAYOR,LICEO SECUNDARIO CESAR NICO- LAS PENSON,CALLE PEDRO GUILLERMO/ PALO HINCADO,ONDINA,"0009,0009A,0010,0011,0012,0054,0054A,0054B"
HATO MAYOR,HATO MAYOR,HATO MAYOR,PALACIO MUNICIPAL,CARRET. SABANA DE LA MAR,ONDINA,"0007,0008"
HATO MAYOR,HATO MAYOR,HATO MAYOR,ESCUELA PRIMARIA RURAL,PARAJE BATEY LAS PAJAS,BATEY LAS PAJAS,"0038,0070"
HATO MAYOR,HATO MAYOR,HATO MAYOR,ESCUELA PRIMARIA RURAL,PARAJE CAPOTE,CAPOTE,31
HATO MAYOR,HATO MAYOR,HATO MAYOR,ESCUELA PRIMARIA RURAL,PARAJE DOÑA ANA,DOÑA ANA,36
HATO MAYOR,HATO MAYOR,HATO MAYOR,ESCUELA PRIMARIA RURAL,PARAJE LA SIERRA,LA SIERRA,33
HATO MAYOR,HATO MAYOR,HATO MAYOR,ESCUELA PRIMARIA RURAL,PARAJE LOS COCOS,LOS COCOS,32
HATO MAYOR,HATO MAYOR,HATO MAYOR,ESCUELA PRIMARIA RURAL,PARAJE PALMA ESPINO,PALMA ESPINO,37
HATO MAYOR,HATO MAYOR,HATO MAYOR,ESCUELA PRIMARIA RURAL,KILOMETRO 15,KM. 15,25
HATO MAYOR,HATO MAYOR,HATO MAYOR,ESCUELA PRIMARIA RURAL,PARAJE DOÑA ANA ADENTRO,DOÑA ANA ADENTRO,26
HATO MAYOR,HATO MAYOR,HATO MAYOR,ESCUELA PRIMARIA RURAL,PARAJE GUAMIRA,GUAMIRA,27
HATO MAYOR,HATO MAYOR,HATO MAYOR,ESCUELA PRIMARIA RURAL,PARAJE LAS PALMILLAS,LAS PALMILLAS,"0029,0030,0069"
HATO MAYOR,HATO MAYOR,HATO MAYOR,ESCUELA PRIMARIA RURAL,PARAJE MANCHADO,MANCHADO,"0028,0068"
HATO MAYOR,HATO MAYOR,HATO MAYOR,CRUZ ROJA,PADRE PEÑA NO.30,CENTRO DE LA CIUDAD,"0062,0074"
HATO MAYOR,HATO MAYOR,HATO MAYOR,CLUB 21 DE ENERO,SANTO DOMINGO NO. 9,CENTRO DE LA CIUDAD,"0005,0005A"
HATO MAYOR,HATO MAYOR,HATO MAYOR,COLEGIO LA TRINIDAD,BARRIO ONDINA,ONDINA,"0060,0060A,0060B"
HATO MAYOR,HATO MAYOR,HATO MAYOR,ESCUELA PRIMARIA RURAL BATEY CONSTRUCCION,PARAJE BATEY HOYON,BATEY HOYON,34
HATO MAYOR,HATO MAYOR,HATO MAYOR,ESCUELA PUNTA DE GARZA,PARAJE PUNTA DE GARZA,PUNTA GARZA,"0013,0014,0063,0082,0093"
HATO MAYOR,HATO MAYOR,HATO MAYOR,CLUB DE LEONES,CALLE DUARTE BARRIO PUER- TO RICO,ONDINA,"0019,0056"
HATO MAYOR,HATO MAYOR,HATO MAYOR,ESCUELA PRIMARIA URBANA,CARRETERA HATO MAYOR-VI- CENTILLO,VILLA ORTEGA,"0083,0090,0094,0097"
HATO MAYOR,HATO MAYOR,HATO MAYOR,ESCUELA PRIMARIA URBANA LAS CHINAS,BARRIO LAS CHINAS,LAS CHINAS,"0089,0095,0098"
HATO MAYOR,HATO MAYOR,HATO MAYOR,POLITECNICO CESAR NICOLAS PENSON,EUGENIO MICHES ESQ. PEDRO GUILLERMO,ONDINA,"0059,0059A,0086"
HATO MAYOR,HATO MAYOR,HATO MAYOR,ESCUELA BASICA FRANCISCO DEL ROSARIO SANCHEZ,SECTOR LOS POLANCOS,LOS POLANCO,99
HATO MAYOR,HATO MAYOR,HATO MAYOR,ESCUELA PRIMARIA URB. PROF. JULIO MATEO,CALLE PROLONGACIÓN COLÓN,GUALEY,"0003,0004,0076,0079"
HATO MAYOR,HATO MAYOR,HATO MAYOR,POLIDEPORTIVO HÉCTOR “EL VIKINGO” MONEGRO,CALLE MERCHOR CONTIN AL- FAU ESQUINA CALLE MELLA,LINDO,"0057,0058"
HATO MAYOR,HATO MAYOR,YERBA BUENA (DM),ESCUELA PRIMARIA,PARAJE GUAYABAL,GUAYABAL,23
HATO MAYOR,HATO MAYOR,YERBA BUENA (DM),ESCUELA PRIMARIA,PARAJE SAN NICOLAS,SAN NICOLAS,"0022,0022A"
HATO MAYOR,HATO MAYOR,YERBA BUENA (DM),ESCUELA PRIMARIA RURAL,PARAJE EL MAMON,EL MAMON,24
HATO MAYOR,HATO MAYOR,YERBA BUENA (DM),ESCUELA PRIMARIA RURAL,PARAJE LAS CLARAS,LAS CLARAS,21
HATO MAYOR,HATO MAYOR,YERBA BUENA (DM),ESCUELA PRIMARIA RURAL,PARAJE MUÑAGORRA,MUÑAGORRA,20
HATO MAYOR,HATO MAYOR,MATA PALACIO (DM),ESCUELA PRIMARIA RURAL,PARAJE BEJUCAL,BEJUCAL,51
HATO MAYOR,HATO MAYOR,MATA PALACIO (DM),ESCUELA PRIMARIA RURAL,PARAJE BENITO,LOS VASQUEZ,"0047,0073"
HATO MAYOR,HATO MAYOR,MATA PALACIO (DM),ESCUELA PRIMARIA RURAL,PARAJE EL COCO,EL COCO,45
HATO MAYOR,HATO MAYOR,MATA PALACIO (DM),ESCUELA PRIMARIA RURAL,PARAJE LA PLAZA,LA PLAZA,52
HATO MAYOR,HATO MAYOR,MATA PALACIO (DM),ESCUELA PRIMARIA RURAL,PARAJE MAGUA,MAGUA,46
HATO MAYOR,HATO MAYOR,MATA PALACIO (DM),ESCUELA PRIMARIA RURAL,PARAJE MIRADOR ARRIBA,MIRADOR ARRIBA,48
HATO MAYOR,HATO MAYOR,MATA PALACIO (DM),ESCUELA PRIMARIA RURAL,PARAJE MONTE COCA,MONTE COCA,53
HATO MAYOR,HATO MAYOR,MATA PALACIO (DM),ESCUELA PRIMARIA RURAL,PARAJE MORQUECHO,MORQUECHO,"0049,0050,0071"
HATO MAYOR,HATO MAYOR,MATA PALACIO (DM),ESCUELA PRIMARIA RURAL,PARAJE BATEY PRINGAMOSA,PRINGAMOSA,100
HATO MAYOR,HATO MAYOR,GUAYABO DULCE (DM),ESCUELA PRIMARIA RURAL,PARAJE LAS ESPINAS,LAS ESPINAS,43
HATO MAYOR,HATO MAYOR,GUAYABO DULCE (DM),ESCUELA PRIMARIA RURAL,PARAJE LOS ALGARROBOS,LOS ALGARROBOS,"0041,0080"
HATO MAYOR,HATO MAYOR,GUAYABO DULCE (DM),ESCUELA PRIMARIA RURAL,PARAJE LOS HATILLOS,LOS HATILLOS,"0064,0067,0067A,0081"
HATO MAYOR,HATO MAYOR,GUAYABO DULCE (DM),ESCUELA PRIMARIA RURAL,PARAJE LOS RANCHOS,LOS RANCHOS,44
HATO MAYOR,HATO MAYOR,GUAYABO DULCE (DM),ESCUELA PRIMARIA RURAL,PARAJE PASO CIBAO,PASO CIBAO,"0039,0092"
HATO MAYOR,HATO MAYOR,GUAYABO DULCE (DM),LICEO CESAR CACERES CASTILLO,PARAJE LOS HATILLOS,LOS HATILLOS,"0087,0096"
HATO MAYOR,HATO MAYOR,GUAYABO DULCE (DM),CENTRO EDUCATIVO EL BUEN SAMARITANO,PARAJE JALONGA,JALONGA,"0042,0065,0088"
HATO MAYOR,HATO MAYOR,GUAYABO DULCE (DM),SALON DE LA COOPERATIVA AG- ROPECUARIA DE GANADEROS,ENTRADA LOS HATILLOS CAR- RETERA HATO MAYOR,LAS GUARANAS,40
HATO MAYOR,SABANA DE LA MAR,SABANA DE LA MAR,CENTRO EDUCATIVO SRTA. ELUPI- NA CORDERO,16 DE AGOSTO ESQ. NICOME- DES CALCAÑO,PAJARITO,"0003,0004,0029"
HATO MAYOR,SABANA DE LA MAR,SABANA DE LA MAR,ESCUELA PRIMARIA URBANA,CALLE ELISEO DEMORISI NO.1,SABANA DEL TANQUE,"0008,0026"
HATO MAYOR,SABANA DE LA MAR,SABANA DE LA MAR,CASA DE INSPECCION DE EDU- CACION,AV. DE LOS HEROES NO.52,CENTRO DE LA CIUDAD,17
HATO MAYOR,SABANA DE LA MAR,SABANA DE LA MAR,CLUB NOVIA DE LA BAHIA,DIEGO DE LIRA/ELEUTERIO DE LEON NO.160,CENTRO DE LA CIUDAD,10
HATO MAYOR,SABANA DE LA MAR,SABANA DE LA MAR,ESCUELA DE LA CARRET. DE MICHES,BARRIO LA PISTA,LA PISTA,"0027,0033"
HATO MAYOR,SABANA DE LA MAR,SABANA DE LA MAR,ESCUELA PRIMARIA ABIGAIL MEJIA,C/ DIEGO DE LIRA/ AVE. DE LOS HEROES,CENTRO DE LA CIUDAD,"0006,0009,0032"
HATO MAYOR,SABANA DE LA MAR,SABANA DE LA MAR,LICEO SECUNDARIO VIRGINIA POU,"AV. DE LOS HEROES, ESQ. CALLE PROYECTO",CENTRO DE LA CIUDAD,"0021,0030,0034"
HATO MAYOR,SABANA DE LA MAR,SABANA DE LA MAR,CASA ESCUELA,PARAJE CUBA LIBRE,CUBA LIBRE,"0012,0023"
HATO MAYOR,SABANA DE LA MAR,SABANA DE LA MAR,ESCUELA PRIMARIA RURAL,PARAJE LOMA AL 4,LOMA DEL CUATRO,22
HATO MAYOR,SABANA DE LA MAR,SABANA DE LA MAR,ESCUELA PRIMARIA URB. PROF. CELEDONIA DOLORES FDEZ.,"CALLE ELICEO DE MORIZIS, BARRIO PAJARITO",CENTRO DE LA CIUDAD,"0018,0028"
HATO MAYOR,SABANA DE LA MAR,SABANA DE LA MAR,ESCUELA PROFESORA NORMA PUIG,"CALLE/LUPERON ESQ. SEIBO, BARRIO CATAREY",CENTRO DE LA CIUDAD,"0007,0019,0031"
HATO MAYOR,SABANA DE LA MAR,SABANA DE LA MAR,ESCUELA PRIMARIA INMACULADA CONCEPCION,"CALLE CARMEN SALLES NO. 23, CENTRO DE LA CIUDAD",CENTRO DE LA CIUDAD,11
HATO MAYOR,SABANA DE LA MAR,SABANA DE LA MAR,CENTRO EDUCATIVO DULCE M. NERIO DE LEON,CALLE LUPERON NO. 1. PUEB- LO ABAJO,PUEBLO ABAJO,"0001,0002"
HATO MAYOR,SABANA DE LA MAR,SABANA DE LA MAR,CENTRO EDUCATIVO PEDRO TAVAREZ FRIAS,CALLE PROYECTO S/N. SAN CARLOS,SAN CARLOS AFUERA,5
HATO MAYOR,SABANA DE LA MAR,SABANA DE LA MAR,ESCUELA PROYECTO CAÑO HONDO,CARRETERA CAÐO HONDO,CENTRO DE LA CIUDAD,20
HATO MAYOR,SABANA DE LA MAR,ELUPINA CORDERO DE LAS CAÑITAS (DM),ESCUELA PRIMARIA RURAL,PARAJE CAPITAN,CAPITAN,13
HATO MAYOR,SABANA DE LA MAR,ELUPINA CORDERO DE LAS CAÑITAS (DM),ESCUELA PRIMARIA RURAL,PARAJE LAS CAÑITAS,LAS CAÑITAS,"0014,0024,0035"
HATO MAYOR,SABANA DE LA MAR,ELUPINA CORDERO DE LAS CAÑITAS (DM),CASA ESCUELA,PARAJE LA LOMA (PARADERO DE LA LOMA),LA LOMA O PARADERO DE LA LOMA,16
HATO MAYOR,SABANA DE LA MAR,ELUPINA CORDERO DE LAS CAÑITAS (DM),CASA ESCUELA,PARAJE MAGUA,MAGUA,"0015,0025,0036"
HATO MAYOR,EL VALLE,EL VALLE,ESCUELA PRIMARIA URBANA,CALLE PROYECTO/JOHN F. KENNEDY,BELLA VISTA,"0003,0011,0012"
HATO MAYOR,EL VALLE,EL VALLE,ESCUELA BENITO GONZALEZ,CIUDAD,CENTRO DE LA CIUDAD,"0005,0010,0017"
HATO MAYOR,EL VALLE,EL VALLE,JUZGADO DE PAZ,CALLE MARIA TRINIDAD SAN- CHEZ NO. 122,CENTRO DE LA CIUDAD,2
HATO MAYOR,EL VALLE,EL VALLE,LOCAL DEL AYUNTAMIENTO,MARIA TRINIDAD SANCHEZ,CENTRO DE LA CIUDAD,4
HATO MAYOR,EL VALLE,EL VALLE,ESCUELA PRIMARIA RURAL,PARAJE ARENITAS,ARENITAS,1
HATO MAYOR,EL VALLE,EL VALLE,ESCUELA PRIMARIA RURAL,PARAJE ALTOS DE LA PIEDRA,RIO CHIQUITO,6
HATO MAYOR,EL VALLE,EL VALLE,ESCUELA PRIMARIA RURAL,PARAJE EL CABAO,EL CABAO,7
HATO MAYOR,EL VALLE,EL VALLE,ESCUELA PRIMARIA RURAL,PARAJE KILOMETRO 20,KILOMETRO 20,"0008,0013"
HATO MAYOR,EL VALLE,EL VALLE,ESCUELA PRIMARIA RURAL,PARAJE MANGO EL LIMPIO,MANGO EL LIMPIO,9
HATO MAYOR,EL VALLE,EL VALLE,LICEO SECUNDARIO EL VALLE,RESTAURACION NO. 1,CENTRO DE LA CIUDAD,"0005A,0015"
HATO MAYOR,EL VALLE,EL VALLE,ESCUELA PRIMARIA BARRIO SANO,C/ JHON F. KENNEDY ESQ. REVERENDO CARLOS LEON,EL SANO,14
HATO MAYOR,EL VALLE,EL VALLE,ESCUELA PRIMARIA URBANA,"PROL. GASTON FDO. DELIGNE, ESQ. CLETO CORNELIO",BARRIO LINDO,16
INDEPENDENCIA,DUVERGE,DUVERGE,ESCUELA JOSE CABRERA,C/PROLONGACION DUARTE,SAN JOSE,"0004,0005,0006,0035"
INDEPENDENCIA,DUVERGE,DUVERGE,ESCUELA PRIMARIA FELIX MA. DEL MONTE,C/ 16 DE AGOSTO,PLACER BONITO,"0001,0024,0034,0039"
INDEPENDENCIA,DUVERGE,DUVERGE,ESCUELA BASICA LAS MERCEDES,CALLE ARZOBISPO MERIÑO S/N,LAS MERCEDES,"0007,0008,0038"
INDEPENDENCIA,DUVERGE,DUVERGE,ESCUELA PRIMARIA RURAL,PARAJE PUERTO ESCONDIDO,PUERTO ESCONDIDO,"0022,0036"
INDEPENDENCIA,DUVERGE,DUVERGE,MERCADO MUNICIPAL,"CALLE DUARTE ESQ. ARZ. MERIÑO , CENTRO DE LA CIUDAD",CENTRO DE LA CIUDAD,27
INDEPENDENCIA,DUVERGE,DUVERGE,ESCUELA BASICA NUESTRA SEÑORA DEL CARMEN,C/ MUSSOLINE MENDEZ ESQ. MARIA TRINIDAD SANCHEZ,CENTRO DE LA CIUDAD,"0002,0003,0010,0026"
INDEPENDENCIA,DUVERGE,DUVERGE,ESCUELA PRIMARIA FIDELINA AN- DINO MOQUETE (NUEVO LOCAL),CALLE NUESTRA SEÑORA DEL CARMEN ESQ. CALLE EL NUMERO,ISIDRO,"0009,0025,0033"
INDEPENDENCIA,DUVERGE,VENGAN A VER (DM),ESCUELA PRIMARIA RURAL,PARAJE VENGAN A VER,VENGA A VER,"0020,0021,0030,0037"
INDEPENDENCIA,DUVERGE,VENGAN A VER (DM),ESCUELA PRIMARIA RURAL,PARAJE LAS BAITOAS,LAS BAITOAS,32
INDEPENDENCIA,LA DESCUBIERTA,LA DESCUBIERTA,ESCUELA BASICA QUICA ALTA- GRACIA MENDEZ,CALLE CRISTO VIENE,EL PALMITO,"0011,0015"
INDEPENDENCIA,LA DESCUBIERTA,LA DESCUBIERTA,AYUNTAMIENTO MUNICIPAL,C/ PADRE BILLINI,CENTRO DE LA CIUDAD,10
INDEPENDENCIA,LA DESCUBIERTA,LA DESCUBIERTA,ESCUELA PROF. JOVINA MEDINA FERRERAS,CALLE PADRE BILLINI,CENTRO DE LA CIUDAD,"0002,0003"
INDEPENDENCIA,LA DESCUBIERTA,LA DESCUBIERTA,LICEO SEC. JUAN R. POLANCO,PADRE BILLINI,CENTRO DE LA CIUDAD,"0001,0008,0014"
INDEPENDENCIA,LA DESCUBIERTA,LA DESCUBIERTA,ESCUELA MEREGIRDA CUEVAS MATEO,PARAJE ANGEL FELIZ,ANGEL FELIZ,9
INDEPENDENCIA,LA DESCUBIERTA,LA DESCUBIERTA,CENTRO EDUCATIVO DEL NIVEL BASICO PILAR MENDEZ,PARAJE BARTOLOME,BARTOLOME,"0007,0013"
INDEPENDENCIA,LA DESCUBIERTA,LA DESCUBIERTA,ESCUELA PRIMARIA ALTAGRACIA BIENVENIDA PEÑA,PARAJE LOS PINOS DEL EDEN,LOS PINOS DEL EDEN,6
INDEPENDENCIA,LA DESCUBIERTA,LA DESCUBIERTA,ESCUELA JULIAN FERRERAS,CALLE PADRE BILLINI,CENTRO DE LA CIUDAD,"0003A,0012"
INDEPENDENCIA,JIMANI,JIMANI,ESC. PRIMARIA URB. ANTONIO DUVERGE,CALLE ARZOBISPO MERIÑO NO. 01,JIMANI NUEVO,"0001,0002,0003"
INDEPENDENCIA,JIMANI,JIMANI,ESCUELA BASICA PROFESOR LEONOR NOVAS VOLQUEZ,"C/ GASPAR POLANCO, BO. JIMANI VIEJO",JIMANI VIEJO,"0013,0014,0017,0019"
INDEPENDENCIA,JIMANI,JIMANI,LICEO MÁXIMO PÉREZ FLORIAN,CALLE MELLA NO. 9,CENTRO DE LA CIUDAD,"0008,0012,0016"
INDEPENDENCIA,JIMANI,EL LIMON (DM),ESCUELA PRIMARIA RURAL,"CALLE PRINCIPAL, DM EL LIMON",EL LIMON,"0006,0007"
INDEPENDENCIA,JIMANI,EL LIMON (DM),LICEO POLITÉCNICO MÁXIMO GÓMEZ,CALLE EL PROYECTO AGRARIO NUMERO 1,EL LIMON,"0011,0015"
INDEPENDENCIA,JIMANI,BOCA DE CACHON (DM),ESCUELA PRIMARIA RURAL,PARAJE TIERRA NUEVA,TIERRA NUEVA,"0004,0009"
INDEPENDENCIA,JIMANI,BOCA DE CACHON (DM),ESCUELA BASICA CORNELIA FLORIAN,CALLE JUAN PABLO DUARTE NO. 01,BOCA DE CACHON,"0005,0010,0018"
INDEPENDENCIA,POSTRER RIO,POSTRER RIO,ESCUELA PRIMARIA RURAL,PARAJE LOS BOLOS,LOS BOLOS,3
INDEPENDENCIA,POSTRER RIO,POSTRER RIO,ESCUELA PRIMARIA URBANA,CALLE 30 DE MAYO DEL 1852,CENTRO DE LA CIUDAD,"0001,0002,0005,0008,0010,0012"
INDEPENDENCIA,POSTRER RIO,POSTRER RIO,ESCUELA BASICA CRISTINA BATIS- TA TAPI,BARRIO EL MOGOTE,EL MOGOTE,"0011,0013"
INDEPENDENCIA,POSTRER RIO,GUAYABAL (DM),ESCUELA PRIMARIA RURAL,PARAJE EL MANIEL,EL MANIEL,6
INDEPENDENCIA,POSTRER RIO,GUAYABAL (DM),ESCUELA PRIMARIA RURAL,PARAJE GUAYABAL,GUAYABAL,"0004,0007,0009"
INDEPENDENCIA,MELLA,MELLA,ESCUELA BASICA PROF. DOMINI- CANA ALTAGRACIA MOQUETE,C/ JUAN MATOS NO. 26,CENTRO DE LA CIUDAD,"0001,0011,0012,0028"
INDEPENDENCIA,MELLA,MELLA,ESCUELA PRIMARIA RURAL JORGE MENDEZ,PARAJE ANGOSTURA,ANGOSTURA,18
INDEPENDENCIA,MELLA,LA COLONIA (DM),ESCUELA PRIMARIA RURAL FILO- MENA PEREZ,PARAJE COLONIA MIXTA (CO- LONIA AGRIC),LA COLONIA (COLONIA MIXTA),"0013,0023"
INDEPENDENCIA,CRISTOBAL,CRISTOBAL,LICEO JOSE DEL CARMEN SENA SEGURA,CALLE DUARTE,VILLA PROGRESO,"0001,0016,0017,0029,0032"
INDEPENDENCIA,CRISTOBAL,BATEY 8 (DM),LICEO PROF. FREDDY PEREZ PEREZ,CALLE PRIMERA N0. 20,BATEY 8,"0014,0015,0031,0031A,0033"
INDEPENDENCIA,CRISTOBAL,BATEY 8 (DM),ESCUELA RAMON BOLIVAR ME- DRANO,CALLE RAFAEL MATOS,BATEY 7,34
LA ROMANA,LA ROMANA,LA ROMANA,COLEGIO NUESTRA SRA. DE LA ALTAGRACIA,JULIO A. GARCIA NO. 11,KATANGA,"0031,0031A,0115"
LA ROMANA,LA ROMANA,LA ROMANA,ASOCIACION DEPORTIVA CULTUR- AL ROMANA,AVENIDA LIBERTAD,CENTRAL ROMANA,"0064,0065,0119,0164"
LA ROMANA,LA ROMANA,LA ROMANA,CLUB DEP. SAN MARTIN DE PORRES,CALLE G. NO. 6,CENTRO DE LA CIUDAD,"0027,0027A,0081,0081A,0103"
LA ROMANA,LA ROMANA,LA ROMANA,ESCUELA PRIMARIA DE SAVICA,CALLE 3RA.,SAVICA,"0042,0042A,0043,0043A,0044,0044A,0045,0045A"
LA ROMANA,LA ROMANA,LA ROMANA,ESCUELA PRIMARIA SAN PEDRO,CALLE 1RA NO.4,VILLA ESPAÑA,"0078,0078A,0078B,0087,0088,0089,0089A,0166"
LA ROMANA,LA ROMANA,LA ROMANA,COMEDOR ECONOMICO,"C/ JUAN BAUTISTA MOREL, VILLA VERDE",VILLA VERDE,"0077,0077A,0077B,0077C,0077D"
LA ROMANA,LA ROMANA,LA ROMANA,ESCUELA PRIMARIA SALOME UREÑA NO. 1,CALLE MARCELO SIMARD NO. 1 ESQ. AVE. SANTA ROSA,VILLA VERDE,"0009,0009A,0010,0010A,0010B,0011,0011A,0012,0012A"
LA ROMANA,LA ROMANA,LA ROMANA,ESCUELA CENTRAL ROMANA,BARRIO BORREGAL,BARRIO BORREGAL,"0062,0062A,0063,0068,0068A"
LA ROMANA,LA ROMANA,LA ROMANA,CENTRO MUTUALISTA,PROLONGACION ALTAGRACIA,SAVICA,"0051,0051A,0054,0054A,0110,0111,0111A,0168"
LA ROMANA,LA ROMANA,LA ROMANA,COLEGIO SAGRADO CORAZON DE JESUS,CALLE GREGORIO LUPERON,TAMARINDO,"0021,0022,0023,0024,0083,0083A,0083B,0101,0101A,0144"
LA ROMANA,LA ROMANA,LA ROMANA,ESCUELA MERCEDES LAURA AGUIAR,PEDRO A. LLUBERES,TAMARINDO,"0017,0018,0018A,0019,0020,0025,0026,0026A,0085,0085A,0100,0102"
LA ROMANA,LA ROMANA,LA ROMANA,GOBERNACION PROVINCIAL,C/ TENIENTE AMADO GARCIA GUERRERO,CENTRO DE LA CIUDAD,"0032,0032A,0033,0033A,0034,0035,0082,0116,0194"
LA ROMANA,LA ROMANA,LA ROMANA,INSTITUTO EVANGELICO HOFF- MAN,C/ SANTA ROSA/EUGENIO MIRANDA,CENTRO DE LA CIUDAD,"0055,0056,0057,0118"
LA ROMANA,LA ROMANA,LA ROMANA,COLEGIO SANTA ROSA DE LIMA,C/ ING. BIENVENIDO CREALES S.,CENTRO DE LA CIUDAD,"0040,0040A,0041"
LA ROMANA,LA ROMANA,LA ROMANA,LICEO SECUNDARIO TIBURCIO MILLAN LOPEZ,GREGORIO LUPERON,CENTRO DE LA CIUDAD,"0013,0013A,0014,0014A,0015,0015A,0016,0016A,0038,0038A,0039,0039A"
LA ROMANA,LA ROMANA,LA ROMANA,POLIDEPORTIVO ELEONCIO MERCEDES,AV. PADRE ABREU KM.2,SALIDA DEL PUEBLO CARRETERA A SAN PEDRO,"0076,0076A,0090,0090A,0090B,0090C,0090D,0091,0091A,0169"
LA ROMANA,LA ROMANA,LA ROMANA,SOCIEDAD ESPERANZA,CALLE 30 DE MARZO,CENTRO DE LA CIUDAD,"0066,0066A,0067"
LA ROMANA,LA ROMANA,LA ROMANA,INSTITUTO ALIANZA JUVENIL,PARAJE BUENA VISTA,BUENA VISTA,"0074,0074A,0074B,0147,0161,0193"
LA ROMANA,LA ROMANA,LA ROMANA,ESCUELA SILVIA MILENA CASTRO,PARAJE CACATA,CACATA,"0071,0072"
LA ROMANA,LA ROMANA,LA ROMANA,CENTRO COMUNAL ISLA SAONA,PARAJE ISLA SAONA,ISLA SAONA,75
LA ROMANA,LA ROMANA,LA ROMANA,COLEGIO INMACULADO CORAZON DE MARIA,CALLE PRIMERA,LA HOZ,"0028,0028A,0028C,0113,0148"
LA ROMANA,LA ROMANA,LA ROMANA,COLEGIO MI HOGAR CRISTIANO,CALLE HERMANAS MIRABAL,VILLA VERDE,"0095,0095A,0095B,0171,0196"
LA ROMANA,LA ROMANA,LA ROMANA,COLEGIO PARROQUIAL SAN EDUARDO,GUACANAGARIX,QUISQUEYA,"0003,0003A,0004,0004A,0004B,0150,0172,0190,0197"
LA ROMANA,LA ROMANA,LA ROMANA,COLEGIO QUISQUEYA,PASEO DE LOS CACIQUES,QUISQUEYA,"0002,0002A,0002B,0173"
LA ROMANA,LA ROMANA,LA ROMANA,ESCUELA ROGER GASCUET,CALLE MARCELO SIMARD,VILLA VERDE,"0092,0092A,0092C,0151,0174"
LA ROMANA,LA ROMANA,LA ROMANA,SINDICATO UNIDO DE LOS TRABA- JADORES,CALLE DOCTOR HERNANDEZ,SAVICA,"0048,0048A,0049,0050,0050A,0154,0176"
LA ROMANA,LA ROMANA,LA ROMANA,CANCHA MUNICIPAL,C/ DR.HERNANDEZ,CENTRO DE LA CIUDAD,"0058,0058A,0059,0059A,0135,0177"
LA ROMANA,LA ROMANA,LA ROMANA,COLEGIO MI VILLA INFANTIL,LUPERON NO. 15,VILLA VERDE,"0136,0137,0178"
LA ROMANA,LA ROMANA,LA ROMANA,ESCUELA ESPECIAL,VILLA VERDE,VILLA VERDE,"0131,0138,0179"
LA ROMANA,LA ROMANA,LA ROMANA,CLUB DEL DETALLISTA,AVENIDA PADRE MARCELO SIMO ANTIGUA AVENIDA CIR- CUNVALACION,VILLA VERDE,"0141,0157,0191"
LA ROMANA,LA ROMANA,LA ROMANA,PALACIO DE JUSTICIA,"CALLE DR. HERNANDEZ, CEN- TRO DE LA CIUDAD",CENTRO DE LA CIUDAD,"0069,0069A,0070,0159"
LA ROMANA,LA ROMANA,LA ROMANA,SESPAS,"CALLE DOLORES TEJEDA, BANCOLA",BANCOLA,"0105,0117,0183"
LA ROMANA,LA ROMANA,LA ROMANA,BIBLIOTECA PADRE SEBASTIAN CABALOTO,CALLE MARCELO SIMARD,VILLA VERDE,"0093,0093A,0093B"
LA ROMANA,LA ROMANA,LA ROMANA,COLEGIO SINAI,CALLE EUGENIO A. MIRANDA ESQ. SANTA ROSA,CENTRO DE LA CIUDAD,"0060,0060A,0061,0061A,0149,0160"
LA ROMANA,LA ROMANA,LA ROMANA,LICEO SALOME UREÑA NO.2,VILLA SAN CARLOS,SAN CARLOS,"0079,0079A,0079B,0079C,0079D"
LA ROMANA,LA ROMANA,LA ROMANA,COLEGIO NUEVA ESPERANZA,CALLE 5TA. FRAY JUAN DE UTRERA N0. 30,PEREIRA,"0140,0188,0198"
LA ROMANA,LA ROMANA,LA ROMANA,COLEGIO EVANG SHALOM,CALLE MARCELO SIMARD,VILLA VERDE,"0092B,0094,0094A,0184,0201"
LA ROMANA,LA ROMANA,LA ROMANA,COLEGIO BIBLICO CRISTIANO,AVENIDA SANTA ROSA NO.209,VILLA VERDE,"0096,0096A,0120,0189,0202"
LA ROMANA,LA ROMANA,LA ROMANA,SALON DE EVENTOS CLUB CHOLA,"BARRIO LA AVIACION, CALLE HECTOR RENE GIL",CENTRO DE LA CIUDAD,"0084,0084A,0099,0099A,0146,0203"
LA ROMANA,LA ROMANA,LA ROMANA,ESCUELA NURY CUETO,CALLE PRINCIPAL,SAN CARLOS,"0079E,0162,0185,0195,0204"
LA ROMANA,LA ROMANA,LA ROMANA,ESCUELAS MADRES ESCOLAPIAS,CALLE 3ERA. SAVICA,SAVICA,"0046,0046A,0047,0047A,0086,0205"
LA ROMANA,LA ROMANA,LA ROMANA,MULTIUSO IGLESIA SAN PABLO,"C/ TEOFILO FERRY, ESQUINA C/GNO.6",PAPAGAYO,"0103A,0106,0165,0206"
LA ROMANA,LA ROMANA,LA ROMANA,ESCUELA AURORA ANTONIA ALTA- GRACIA MARIANO,CALLE SEGUNDA,CHICAGO,"0086A,0086B,0107,0108,0109,0207"
LA ROMANA,LA ROMANA,LA ROMANA,COLEGIO LOS ALPES,"CALLE RESPALDO AVENIDA PADRE ABREU, NO.93",VILLA VERDE,"0077E,0122,0208"
LA ROMANA,LA ROMANA,LA ROMANA,ASOCIACION DOMINICANA DE REHABILITACION INC.,"CALLE LOGIA, AMOR Y TRA- BAJO",QUISQUEYA,"0132,0155,0180"
LA ROMANA,LA ROMANA,LA ROMANA,COLEGIO ARCA DE CRISTO,CALLE DOCTOR TEOFILO FERRY,CENTRO DE LA CIUDAD,"0029,0030,0052,0053,0053A,0104,0112,0114,0145"
LA ROMANA,LA ROMANA,LA ROMANA,COLEGIO VALLE DE BENDICION,AVENIDA CAAMAÑO DEÑO,ROMANA DEL OESTE,"0163,0192"
LA ROMANA,LA ROMANA,LA ROMANA,ESCUELA DE ARTES FERNANDO RIB,MANZANA 26 N0. 9,QUISQUEYA,"0005,0005A,0006,0006A,0007,0007A,0133,0139,0152,0156,0181"
LA ROMANA,LA ROMANA,LA ROMANA,POLITECNICO CALASANZ SAN EDUARDO,CALLE GUACANAGARIX N0. 18,QUISQUEYA,"0001,0001A,0001B,0001C,0153"
LA ROMANA,LA ROMANA,LA ROMANA,POLITECNICO LILLIAM BAYONA,CALLE RESPALDO BARCELO SIMARD,CENTRO DE LA CIUDAD,"0080,0080A,0097,0098,0167"
LA ROMANA,LA ROMANA,LA ROMANA,SALON PARROQUIAL,CALLE ING.BIENVENIDO CREALES/RES.GREGORIO LUPERON,LA PIEDRA,"0036,0036A,0037"
LA ROMANA,LA ROMANA,LA CALETA (DM),LICEO PROFESOR MIGUEL INFAN- TE SANTANA,"AV. PRINCIPAL ESQ., C/19","VISTA CATALINA, LA CALETA","0142,0158,0182,0187,0199,0200"
LA ROMANA,LA ROMANA,LA CALETA (DM),ESCUELA PRIMARIA RITA ELENA MÉNDEZ,CALLE 10,RESIDENCIAL ROMANA,"0129,0130,0143,0170,0186"
LA ROMANA,GUAYMATE,GUAYMATE,LICEO SECUNDARIO GREGORIO LUPERON,CALLE PROYECTO,CENTRO DE LA CIUDAD,"0001,0017,0022"
LA ROMANA,GUAYMATE,GUAYMATE,ESCUELA BASICA VICENTA ROB- INSON,PARAJE LAS MERCEDES O TOCONES,BATEY LOS TOCONES,"0004,0005"
LA ROMANA,GUAYMATE,GUAYMATE,ESCUELA PRIMARIA RURAL CHAVON ARRIBA,PARAJE CHAVON ARRIBA,CHAVON ARRIBA,3
LA ROMANA,GUAYMATE,GUAYMATE,CENTRO COMUNAL,PARAJE HIGUERAL,HIGUERAL,"0010,0025"
LA ROMANA,GUAYMATE,GUAYMATE,ESCUELA PRIMARIA E INTERMEDIA,PARAJE HIGUERAL,HIGUERAL,"0011,0012"
LA ROMANA,GUAYMATE,GUAYMATE,ESCUELA PRIMARIA RURAL,PARAJE BATEY NO. 16,BATEY 16,8
LA ROMANA,GUAYMATE,GUAYMATE,ESCUELA PRIMARIA RURAL,PARAJE BATEY NO.81,BATEY 81,"0007,0016"
LA ROMANA,GUAYMATE,GUAYMATE,ESCUELA PRIMARIA RURAL,PARAJE BATEY PELIGRO,BATEY PELIGRO,"0006,0018"
LA ROMANA,GUAYMATE,GUAYMATE,ESCUELA PRIMARIA RURAL PARA- JE BATEY GUERRERO,PARAJE BATEY GUERRERO,GUERRERO,"0009,0015,0030"
LA ROMANA,GUAYMATE,GUAYMATE,SALON DEL AYUNTAMIENTO MUNICIPAL,CALLE TENIENTE AMADO GARCÍA NO. 3,BARRIO NUEVO,20
LA ROMANA,GUAYMATE,GUAYMATE,LICEO SECUNDARIO HORACIO RAUL CAIRO,CALLE JOSÉ FRANCISCO PEÑA GÓMEZ,CENTRO DE LA CIUDAD,"0026,0027,0028"
LA ROMANA,GUAYMATE,GUAYMATE,LICEO SECUNDARIO,BARRIO DE BLOQUES S/N,HIGUERAL,"0021,0024"
LA ROMANA,GUAYMATE,GUAYMATE,ESCUELA DE EDUCACION PROF. RAMONA COTES MORALES,CALLE JOSE FRANCISCO PEÑA GOMEZ,BARRIO LOS COCO,"0002,0019,0023"
LA ROMANA,GUAYMATE,GUAYMATE,MULTIUSO GUAYMATE,CALLE JOSE FRANCISCO PEÑA GOMEZ S/N,CENTRO DE LA CIUDAD,29
LA ROMANA,VILLA HERMOSA,VILLA HERMOSA,ESCUELA ENMA BALAGUER,CALLE PRINCIPAL,PICA PIEDRA,"0143,0150,0151"
LA ROMANA,VILLA HERMOSA,VILLA HERMOSA,COLEGIO VIDA NUEVA,CALLE CUARTA No. 42,PICA PIEDRA,144
LA ROMANA,VILLA HERMOSA,VILLA HERMOSA,ESCUELA PRIMARIA TZU-CHI,KM. 6,JUAN PABLO DUARTE,"0146,0153,0165,0175,0183"
LA ROMANA,VILLA HERMOSA,VILLA HERMOSA,ESCUELA PRIMARIA BILL GRANT,C/ 1RA. BO. LOS MULOS,PIEDRA LINDA,"0123,0124B,0126,0126A,0128,0141,0159,0205"
LA ROMANA,VILLA HERMOSA,VILLA HERMOSA,ESCUELA PRIMARIA CONCEPCION BONA,LOS MULOS,EL TAMARINDO,"0124,0124A,0124C,0125,0125A,0127,0140,0214"
LA ROMANA,VILLA HERMOSA,VILLA HERMOSA,ESCUELA EVARISTO ARAUJO,"CARRETERA LA ROMANA SAN PEDRO, KM. 3 1/3",KM. 3 1/2,"0001,0137,0139,0149,0156,0160"
LA ROMANA,VILLA HERMOSA,VILLA HERMOSA,COLEGIO MARIA DE HOSTOS,CALLE RUTA DE LOS MAE- STROS,LOS MAESTROS,"0157,0161,0186,0192"
LA ROMANA,VILLA HERMOSA,VILLA HERMOSA,ESCUELA BASICA LA LECHOSA,PROLONGACION RUTA DEL PICA PIEDRAS,LA LECHOZA,"0164,0169,0172,0177,0180,0187,0195,0208"
LA ROMANA,VILLA HERMOSA,VILLA HERMOSA,ESCUELA UN PASO POR LA LIBERTAD,CALLE FREDDY PRESTOL CASTILLO,PICA PIEDRA,"0168,0171,0178,0181,0190,0209"
LA ROMANA,VILLA HERMOSA,VILLA HERMOSA,LICEO TECNICO LUIS HERIBERTO PAYAN,CALLE JUAN PABLO DUARTE,CENTRO DE LA CIUDAD,"0167,0173,0179,0182,0188,0189,0196,0197,0200,0203"
LA ROMANA,VILLA HERMOSA,VILLA HERMOSA,ESCUELA PRIMARIA PROFESOR JUAN BOSCH,CALLE SEGUNDA,REPARTO TORRES,"0191,0198,0204,0212,0215"
LA ROMANA,VILLA HERMOSA,VILLA HERMOSA,ESCUELA ERVIDO CREALES,CALLE MANUEL TAVAREZ JUSTO,VILLA PROGRESO,"0201,0213,0216"
LA ROMANA,VILLA HERMOSA,VILLA HERMOSA,LICEO LEONOR ISABEL CABRERA REYES,CALLE PADRE ABRAHAN S/N,VILLA LA CAOBA,"0155,0163,0202,0206,0210"
LA ROMANA,VILLA HERMOSA,VILLA HERMOSA,LICEO CONSUELO BRITO BAEZ,AVENIDA PROFESOR JUAN BOSCH NO. 25,KM. 3 1/2,"0185,0194,0199,0207,0217"
LA ROMANA,VILLA HERMOSA,CUMAYASA (DM),ESCUELA PRIMARIA HERMANAS MIRABAL,PARAJE CUCAMA,CUCAMA,"0142,0145,0152,0162,0170,0174,0193,0211"
LA ROMANA,VILLA HERMOSA,CUMAYASA (DM),ESCUELA PRIMARIA JUAN PABLO DUARTE,PARAJE CUMAYASA KM.10,"KM. 10 , CUMAYASA","0073,0073A,0121,0147,0154,0158,0166,0184"
LA ROMANA,VILLA HERMOSA,CUMAYASA (DM),ESCUELA PRIMARIA KM. 14,KILOMETRO 14,KM. 14. CUMAYASA,"0138,0148,0176"
LA ROMANA,VILLA HERMOSA,CUMAYASA (DM),ESCUELA NURIS ALVARES REYES,"CALLE JOAQUIN BALAGUER, DETRAS DEL PLAY","KM. 10 , CUMAYASA","0134,0218"
LA VEGA,LA VEGA,LA VEGA,ESCUELA SAN MARTIN DE POR- RES,CALLE DOCE,SAN MARTIN,"0006,0006A,0007,0007A,0298"
LA VEGA,LA VEGA,LA VEGA,CUARTEL DE BOMBEROS CIVILES,CALLE SANTOME,VILLA FRANCISCA,"0008,0008A,0008B,0009,0355"
LA VEGA,LA VEGA,LA VEGA,ESC. RAMON DEL ORBE Y DEL ORBE,C/10. BARRIO VILLA PALMARITO,VILLA PALMARITO,"0011,0011A,0011B,0012,0013,0014,0015,0320"
LA VEGA,LA VEGA,LA VEGA,BIBLIOTECA MUNICIPAL GUIDO DESPRADREL,PADRE BILLINI/PADRE ADOLFO,CENTRO DE LA CIUDAD,"0218,0218A,0246,0304,0369,0393"
LA VEGA,LA VEGA,LA VEGA,BIBLIOTECA PROGRESISTA,RESTAURACION FRENTE AL PARQUE,CENTRO DE LA CIUDAD,"0023,0025"
LA VEGA,LA VEGA,LA VEGA,COLEGIO CENTRAL AGUSTINIANO,AVE. INDEPENDENCIA,CENTRO DE LA CIUDAD,"0030,0030A,0030B,0030C,0219,0219A,0299,0321,0370"
LA VEGA,LA VEGA,LA VEGA,ESCUELA LAS CARMELITAS,BARRIO LAS CARMELITAS,LAS CARMELITAS,"0242,0242A,0242B,0242C,0394"
LA VEGA,LA VEGA,LA VEGA,ESCUELA PADRE LAMARCHE,JIMENEZ MOYA ESQ. B.MON- CION,CENTRO DE LA CIUDAD,"0028,0028A,0029,0044,0044A,0044B,0322"
LA VEGA,LA VEGA,LA VEGA,LA CASA DE LA CULTURA,CALLE INDEPENDENCIA,CENTRO DE LA CIUDAD,"0245,0247"
LA VEGA,LA VEGA,LA VEGA,OFICINA DEL ESTADIO OLIMPICO,"AV. RIVA PROL. ESTE, PARTE ATRAS",VILLA OLIMPICA,"0020,0020A,0021,0217,0243,0372"
LA VEGA,LA VEGA,LA VEGA,POLITECNICO FEMENINO MER- CEDES MOREL,BARRIO LOTERIA NACIONAL,LOTERIA NACIONAL,"0001,0001A,0002,0002B,0003,0004,0004A,0285,0357"
LA VEGA,LA VEGA,LA VEGA,HOSPITAL DEL SEGURO SOCIAL,"CIUDAD, URB. LA PRIMAVERA",LA PRIMAVERA,"0239,0239A,0272,0323,0387"
LA VEGA,LA VEGA,LA VEGA,ESCUELA PRIMARIA FRANCISCO JIMENEZ PORTORREAL,PARAJE BACUI ARRIBA,SABANA DE LOS JIMENEZ,"0089,0270"
LA VEGA,LA VEGA,LA VEGA,CENTRO EDUCATIVO RAMONA RODRIGUEZ,PARAJE LAS UVAS,LAS UVAS,"0087,0088,0253"
LA VEGA,LA VEGA,LA VEGA,CENTRO EDUCATIVO MAGUEY,PARAJE MAGUEY,MAGUEY,"0084,0085,0086,0363"
LA VEGA,LA VEGA,LA VEGA,CENTRO EDUCATIVO CERCADO ALTO,PARAJE CERCADO ALTO ARRIBA,CERCADO ALTO ARRIBA,"0145,0399"
LA VEGA,LA VEGA,LA VEGA,CENTRO EDUCATIVO RAMON MARIA MARMOLEJOS,PARAJE HIGUERITO,HIGUERO O HIGUERITO,"0143,0282"
LA VEGA,LA VEGA,LA VEGA,ESCUELA PRIMARIA RURAL JOA BAYACANES,PARAJE JOA,JOA,144
LA VEGA,LA VEGA,LA VEGA,CENTRO EDUCATIVO NORBERTO LUCIANO MORA,PARAJE LAS CRUCES,LAS CRUCE,"0146,0147,0260,0286,0373"
LA VEGA,LA VEGA,LA VEGA,ESCUELA PRIMARIA RURAL ANA GRACIELA MORILLA,PARAJE ARENOSO,ARENOSO,"0120,0120A,0121,0122,0230,0279,0327,0374"
LA VEGA,LA VEGA,LA VEGA,ESCUELA PRIMARIA RURAL OBIS- PO PEDRO SUAREZ DEXA,PARAJE CARRERAS DE PALMAS,CARRERA DE LAS PALMAS,"0115,0116,0117,0117A,0329"
LA VEGA,LA VEGA,LA VEGA,CENTRO EDUCATIVO FRAY RAMON PANE,PARAJE GUACO,GUACO,400
LA VEGA,LA VEGA,LA VEGA,CENTRO EDUCATIVO ANA RAMO- NA SUAREZ,PARAJE LA POCILGA,LA POCILGA,"0125,0126"
LA VEGA,LA VEGA,LA VEGA,CENTRO EDUCATIVO LOS CORO- ZOS,PARAJE LOS COROSOS,LOS COROZOS,"0107,0108"
LA VEGA,LA VEGA,LA VEGA,CENTRO EDUATIVO MARIA FILIPI- NA ESCOTO,PARAJE LOS VALERIOS,LOS VALERIOS,"0112,0309"
LA VEGA,LA VEGA,LA VEGA,CENTRO EDUCATIVO LAS MAR- TINEZ,PARAJE RIO SECO,RIO SECO,"0118,0119,0229,0288,0345,0401"
LA VEGA,LA VEGA,LA VEGA,ESCUELA PRIMARIA RURAL PADRE FANTINO,PARAJE SANTO CERRO,SANTO CERRO,"0113,0114,0114A,0331"
LA VEGA,LA VEGA,LA VEGA,ESCUELA PRIMARIA RURAL,PARAJE SOTO,SOTO,"0123,0124,0231,0257,0310,0377"
LA VEGA,LA VEGA,LA VEGA,ESCUELA PRIMARIA RURAL EL CAFÉ,PARAJE EL CAFE,EL CAFE,152
LA VEGA,LA VEGA,LA VEGA,ESCUELA PRIMARIA RURAL LOS CAMARONES,PARAJE LOS CAMARONES,LOS CAMARONES,153
LA VEGA,LA VEGA,LA VEGA,CENTRO COMUNAL EL FARO,PARAJE EL FARO,EL FARO (ALFARO),211
LA VEGA,LA VEGA,LA VEGA,CENTRO EDUCATIVO GUAIGUI,PARAJE GUAIGUI,GUAIGUI,"0186,0311"
LA VEGA,LA VEGA,LA VEGA,ESCUELA PRIMARIA RUAL GUAREY,PARAJE GUAREY,GUAREY,187
LA VEGA,LA VEGA,LA VEGA,ESCUELA PRIMARIA RURAL EL HIGUERO,PARAJE EL HIGUERO,EL HIGUERO,"0155,0155A,0312"
LA VEGA,LA VEGA,LA VEGA,CENTRO EDUCATIVO JUANA SALTITOPA,PARAJE JAMO,JAMO,"0160,0161,0262,0359"
LA VEGA,LA VEGA,LA VEGA,CENTRO EDUCATIVO EMMA BALAGUER,PARAJE JARDETA,JARDETA O JARDITA,"0162,0163,0263,0347"
LA VEGA,LA VEGA,LA VEGA,CENTRO EDUCATIVO CONSUELO ACEVEDO REINOSO,PARAJE LAS MARAS,LAS MARAS O LA MARA,"0156,0156A,0274,0348,0388"
LA VEGA,LA VEGA,LA VEGA,ESCUELA PRIMARIA RURAL,PARAJE LAS YAYAS,LAS YAYAS (LA JOYA),"0157,0158,0159,0261"
LA VEGA,LA VEGA,LA VEGA,ESCUELA PRIMARIA RURAL,PARAJE JIMAYACO,JIMAYACO,"0095,0096,0227,0378"
LA VEGA,LA VEGA,LA VEGA,CENTRO EEDUCATIVO CABIRMOTA,PARAJE LA CIDRA,LA CIDRA,"0097,0097A,0098,0098A,0379"
LA VEGA,LA VEGA,LA VEGA,ESCUELA BASICA CAIMITO AD- ENTRO,PARAJE CAIMITO ADENTRO,CAIMITO ADENTRO,"0050,0051,0290"
LA VEGA,LA VEGA,LA VEGA,ESCUELA CENTRO EDUCATIVO FEDERICO MUÑOZ,PARAJE CAIMITO AFUERA,CAIMITO AFUERA,"0052,0052A,0301,0386"
LA VEGA,LA VEGA,LA VEGA,CENTRO EDUCATIVO EL QUEMA- DO,PARAJE EL QUEMADO,EL QUEMADO,"0056,0057,0402"
LA VEGA,LA VEGA,LA VEGA,CENTRO EDUCATIVO LA PENDA,PARAJE LA PENDA,LA PENDA,"0055,0055A,0349"
LA VEGA,LA VEGA,LA VEGA,ESCUELA PRIMARIA RURAL,PARAJE LA TORRE,LA TORRE,"0053,0053A,0054,0250,0333"
LA VEGA,LA VEGA,LA VEGA,LICEO DON JUAN RODRIGUEZ,PARAJE EL ABANICO,EL ABANICO,"0167,0167A,0313"
LA VEGA,LA VEGA,LA VEGA,ESCUELA LAS CABUYAS,PARAJE LAS CABUYAS,LAS CABUYAS,"0164,0164A,0165,0166,0166A,0334"
LA VEGA,LA VEGA,LA VEGA,CENTRO EDUCATIVO LOS GUAYOS 1,PARAJE LOS GUAYOS,LOS GUAYOS,"0168,0264"
LA VEGA,LA VEGA,LA VEGA,CENTRO EDUCATIVO ANA JULIA DIAZ,PARAJE LAS CANAS ABAJO,LAS CANAS ABAJO,"0090,0091,0094,0254,0361"
LA VEGA,LA VEGA,LA VEGA,ESCUELA MONSEÑOR FRANCISCO PANAL RAMIREZ,PARAJE LA CRUZ DE HOYA GRANDE,LA CRUZ DE HOYA GRANDE,"0099,0099A,0100,0101,0335"
LA VEGA,LA VEGA,LA VEGA,ESCUELA SECUNDARIA MON- SEÑOR FRANCISCO PANAL,PARAJE POBLADITO DE LICEY,POBLADITO DE LICEY,"0102,0103,0104,0255,0362"
LA VEGA,LA VEGA,LA VEGA,ESCUELA NIOBE MARIOT,PARAJE EL PINO,PONTON,"0193,0194,0195,0236,0268,0292,0336"
LA VEGA,LA VEGA,LA VEGA,CENTRO EDUCATIVO PONTON,PARAJE PONTON,PONTON,"0188,0189,0190,0190A,0337,0380"
LA VEGA,LA VEGA,LA VEGA,ESCUELA MARIO FRANCISCO MARIOT,PARAJE EL PINITO,EL PINITO,"0184,0191,0294"
LA VEGA,LA VEGA,LA VEGA,CENTRO EDUCATIVO MELIDA LORA,PARAJE JEREMIAS,JEREMIAS,"0183,0183A,0338"
LA VEGA,LA VEGA,LA VEGA,CENTRO EDUCATIVO FEDERICO GARCIA GODOY,PARAJE RANCHO VIEJO,RANCHO VIEJO,"0177,0177A,0178,0178A,0179,0179A,0265"
LA VEGA,LA VEGA,LA VEGA,CENTRO EDUCATIVO RICARDO CRUZ,PARAJE SABANETA ARRIBA,SABANETA ARRIBA,"0180,0180A,0181,0182,0182A,0295,0381"
LA VEGA,LA VEGA,LA VEGA,JUZGADO DE PAZ 2DA. CIRCUN- SCRIPCION,MANUEL U. GOMEZ/SALCEDO,VILLA ROSA,"0048,0049,0277,0339,0403"
LA VEGA,LA VEGA,LA VEGA,ESC. FEDERICO GARCIA GODOY,C/ JOAQUIN GOMEZ/JOSE CABRERA,GUARIONEX,"0031,0032,0033,0033A,0034,0035,0035A,0036,0037,0038,0039"
LA VEGA,LA VEGA,LA VEGA,COLEGIO DON LUIS DESPRADEL,C/PADRE ADOLFO N°35,CENTRO DE LA CIUDAD,"0027,0248"
LA VEGA,LA VEGA,LA VEGA,COLEGIO INMACULADA CONCEP- CION,AV. RIVAS ESQ. CDTE. JIMENEZ MOYA,VILLAS CAROLINAS,"0240,0240A,0300,0389"
LA VEGA,LA VEGA,LA VEGA,CLUB AMIGOS LEALES,AVE. MONSEÑOR PANAL ESQ. PDTE. ESPAILLAT,CONANI,"0221,0221A,0223,0223A,0296,0340,0382"
LA VEGA,LA VEGA,LA VEGA,COLEGIO EL CARMEN,C/ ALFREDO PERALTA MICHEL. BO. LOTERIA,LOTERIA NACIONAL,"0005,0005A,0213,0213A,0241,0241A,0241B,0241D"
LA VEGA,LA VEGA,LA VEGA,COLEGIO EUGENIO MARIA DE HOSTOS,AVE. FEDERICO GARCIA GODOY # 48.,CENTRO DE LA CIUDAD,"0024,0026,0026A,0341"
LA VEGA,LA VEGA,LA VEGA,CLUB PARQUE HOSTOS,CALLE PADRE BILLINI ESQ. NUÑEZ DE CACERES,VILLA FRANCISCA,"0010,0010A,0275,0352"
LA VEGA,LA VEGA,LA VEGA,CLUB SAN MIGUEL,"LA VEGA, CENTRO DE LA CIUDAD",CENTRO DE LA CIUDAD,"0214,0214A,0276,0342"
LA VEGA,LA VEGA,LA VEGA,COLEGIO BILINGUE PADRE FAN- TINO,CALLE JOSE CABRE #70,VILLA ROSA,"0040,0040A,0041,0041A,0042,0043"
LA VEGA,LA VEGA,LA VEGA,COMEDOR ECONOMICO,C/ PEPITO GARCIA NO. 36 DE VILLA PARMARITO,VILLA PALMARITO,"0215,0215A,0215B,0235,0267,0297,0353,0354"
LA VEGA,LA VEGA,LA VEGA,ESCUELA ESPECIAL,CALLE SALCEDO,VILLA ROSA,"0047,0249"
LA VEGA,LA VEGA,LA VEGA,ESCUELA SAN MIGUEL,CALLE CONCEPCION TAVERAS #8 PARTE ATRAS,VILLA ROSA,"0045,0045A,0045B,0046"
LA VEGA,LA VEGA,LA VEGA,CENTRO EDUCATIVO DE EN- SEÑANZA DON PEPE ALVAREZ,AVE. IMBERT,URB. LAS CAROLINA,"0278,0343,0383,0405"
LA VEGA,LA VEGA,LA VEGA,CENTRO EDUCATIVO EL HATICO,EL HATICO,EL HATICO,"0280,0317,0364,0390"
LA VEGA,LA VEGA,LA VEGA,ESCUELA PARROQUIAL MARIA AUXILIADORA,"CALLE 6, MARIA AUXILIADORA",MARIA AUXILIADORA,"0281,0318,0365,0391"
LA VEGA,LA VEGA,LA VEGA,ESCUELA CERRO DE PIEDRA,"PARAJE PONTON, KM. 5, PONTON",PONTON,302
LA VEGA,LA VEGA,LA VEGA,ESCUELA SEÑORITAS VILLA DEL ORBE,PARAJE EL TANQUE,EL TANQUE,"0303,0384"
LA VEGA,LA VEGA,LA VEGA,ESCUELA DE RANCHO ABAJO,PARAJE RANCHO ABAJO,RANCHO ABAJO,367
LA VEGA,LA VEGA,LA VEGA,CENTRO EDUCATIVO TEOFILO ORTEGA GOMEZ,PARAJE EL PINO,EL PINO,368
LA VEGA,LA VEGA,LA VEGA,CENTRO EDUCATIVO JUAN PABLO DUARTE,CENTRO DE LA CIUDAD,NIBAJE,"0242D,0269,0284,0305,0344,0371,0392"
LA VEGA,LA VEGA,LA VEGA,ESCUELA PROFESORA CARMEN GIL,AVENIDA MULTI SAN MIGUEL,SAN MIGUEL,406
LA VEGA,LA VEGA,LA VEGA,"CENTRO EDUCATIVO JOSÉ MARÍA DE LA MOTA, PONTÓN",PROLONGACION GARCIA GODOY,PONTON,408
LA VEGA,LA VEGA,LA VEGA,CLUB CODIA,CALLE 4 ESQUINA LAS SABI- NAS,LOS ROBLES,409
LA VEGA,LA VEGA,LA VEGA,"CENTRO EDUCATIVO RANCHO VIEJO, LA PENDA","PARAJE RANCHO VIEJO, LA PENDA","RANCHO VIEJO, LA PENDA",410
LA VEGA,LA VEGA,LA VEGA,CENTRO EDUCATIVO PROF. WIL- LIAM ALMONTE ALMONTE,PARAJE LOS POMOS,LOS POMOS,"0185,0185A,0293,0351,0407"
LA VEGA,LA VEGA,LA VEGA,CENTRO TECNOLÓGICO Y CUL- TURAL PROF. JUAN BOSCH,CALLE MELLA FRENTE AL CUARTEL P.N.,CENTRO DE LA CIUDAD,"0016,0017,0018,0019,0356"
LA VEGA,LA VEGA,LA VEGA,OFICINA DE CORREOS,CALLE MELLA ESQUINA DU- VERGE,CENTRO DE LA CIUDAD,"0022,0216,0216A,0244"
LA VEGA,LA VEGA,LA VEGA,POLITECNICO MIGUEL ÁNGEL IBAÑEZ,PARAJE GUACO,GUACO,"0109,0110,0111,0228,0256,0273,0330,0376"
LA VEGA,LA VEGA,RIO VERDE ARRIBA (DM),CENTRO EDUCATIVO JACINTO MUÑOZ,PARAJE BONAGUA,BONAGUA,"0065,0065A,0306"
LA VEGA,LA VEGA,RIO VERDE ARRIBA (DM),CENTRO EDUCATIVO LA VEREDA,PARAJE LA VEREDA,LA VEREDA,"0071,0324"
LA VEGA,LA VEGA,RIO VERDE ARRIBA (DM),ESCUELA PRIMARIA RURAL,PARAJE MANGA LARGA,MANGA LARGA ARRIBA,"0067,0068,0068A,0395"
LA VEGA,LA VEGA,RIO VERDE ARRIBA (DM),CENTRO EDUCATIVO SIBILA FER- NANDEZ,PARAJE NARANJAL,EL NARANJAL,"0080,0080A,0081"
LA VEGA,LA VEGA,RIO VERDE ARRIBA (DM),ESCUELA PRIMARIA RURAL PRO- FESOR JUAN BOSCH,PARAJE RIO VERDE ABAJO,RIO VERDE ABAJO,"0073,0074,0075,0076,0077,0226,0325"
LA VEGA,LA VEGA,RIO VERDE ARRIBA (DM),ESCUELA RURAL SAN LORENZO,PARAJE RIO VERDE ARRIBA,RIO VERDE ARRIBA,"0069,0069A,0252,0307,0358,0396"
LA VEGA,LA VEGA,RIO VERDE ARRIBA (DM),CENTRO EDUCATIVO LA JABILLA,PARAJE ARROYO H. ARRIBA,ARROYO HONDO ARRIBA,"0072,0225,0271"
LA VEGA,LA VEGA,RIO VERDE ARRIBA (DM),ESCUELA PRIMARIA RURAL COL- ORADO,PARAJE PUEBLO VIEJO,PUEBLO VIEJO (COLO- RADO),"0070,0224,0308,0397"
LA VEGA,LA VEGA,RIO VERDE ARRIBA (DM),ESCUELA EL MIRADOR,PARAJE MIRADOR,MIRADOR,"0082,0083,0346"
LA VEGA,LA VEGA,RIO VERDE ARRIBA (DM),CENTRO EDUCATIVO ROMERO,PARAJE ROMERO,ROMERO,"0066,0404"
LA VEGA,LA VEGA,RIO VERDE ARRIBA (DM),CENTRO EDUCATIVO LA LIMA,PARAJE LA LIMA (LOS LLANOS),LA LIMA (LOS LLANOS),"0078,0079,0315"
LA VEGA,LA VEGA,EL RANCHITO (DM),ESCUELA PROFESOR ERNESTO CONCEPCION LUCIANO,PARAJE EL RANCHITO,EL RANCHITO,"0169,0170,0171,0172,0234,0266,0314,0360"
LA VEGA,LA VEGA,EL RANCHITO (DM),ESCUELA PRIMARIA LA TINA,PARAJE LA TINA,LA TINA,"0176,0176A,0350"
LA VEGA,LA VEGA,EL RANCHITO (DM),ESCUELA PRIMARIA RURAL,PARAJE SABANA REY,SABANA REY,"0173,0174,0175,0291"
LA VEGA,LA VEGA,EL RANCHITO (DM),"CENTRO EDUCATIVO GUMERCIN- DA PAULINO, EL BADEN",D.M. RANCHITO,EL RANCHITO,411
LA VEGA,LA VEGA,TAVERA (DM),ESCUELA PRIMARIA RURAL,PARAJE AÑIL,AÑIL,154
LA VEGA,LA VEGA,TAVERA (DM),ESCUELA PRIMARIA RURAL LOMA FIRME,PARAJE LOMA FIRME,LOMA FIRME,151
LA VEGA,LA VEGA,TAVERA (DM),CENTRO EDUCATIVO JOSE LANTI- GUA RAMIREZ,PARAJE VELAZQUITOS,VELAZQUITO,150
LA VEGA,LA VEGA,TAVERA (DM),CENTRO EDUCATIVO AURELIANO RODRIGUEZ,PARAJE EL MAMEY ARRIBA,EL MAMEY ARRIBA,"0063,0064,0251,0289"
LA VEGA,LA VEGA,TAVERA (DM),CENTRO EDUCATIVO EUGENIO DE LA CRUZ PEREZ Y GRULLON,PARAJE LOS PELADEROS,LOS PELADEROS,"0059,0060,0332"
LA VEGA,LA VEGA,TAVERA (DM),CENTRO EDUCATIVO EL MOCAN,"PARAJE MAMEY AFUERA, EL MOCAN",MOCAN,"0061,0062"
LA VEGA,LA VEGA,TAVERA (DM),CENTRO EDUCATIVO EL YABANAL,PARAJE YABANAL,YABANAL,"0058,0058A"
LA VEGA,LA VEGA,TAVERA (DM),ESCUELA BASICA EMI EL DESECHO,PARAJE EL DESECHO,EL DESECHO,"0092,0093"
LA VEGA,LA VEGA,TAVERA (DM),CENTRO EDUCATIVO GINA HUECA,PARAJE LA JINA HUECA,JINA HUECA,"0135,0138,0139,0232"
LA VEGA,LA VEGA,TAVERA (DM),CENTRO EDUCATIVO RANCHO DE TAVERA ABAJO,PARAJE LA PRESA,LA PRESA,"0136,0137"
LA VEGA,LA VEGA,TAVERA (DM),CENTRO EDUCATIVO LA LLANADA ABAJO,PARAJE LA LLANADA,LA LLANADA,"0140,0141,0142,0233"
LA VEGA,LA VEGA,TAVERA (DM),ESCUELA RANCHO LA VACA,PARAJE RANCHO DE LA VACA,RANCHO DE LA VACA,366
LA VEGA,LA VEGA,DON JUAN RODRI- GUEZ - BARRANCA (DM),CENTRO EDUCATIVO JOSE HORA- CIO RODRIGUEZ,PARAJE BACUI ABAJO,BACUI ABAJO,"0132,0132A,0133,0259,0398"
LA VEGA,LA VEGA,DON JUAN RODRI- GUEZ - BARRANCA (DM),ESCUELA PRIMARIA RURAL,PARAJE LAS YERBAS,LAS YERBAS,"0127,0128,0128A"
LA VEGA,LA VEGA,DON JUAN RODRI- GUEZ - BARRANCA (DM),LICEO PADRE FANTINO,PARAJE CRUCE DE BARRANCA,CRUCE DE BARRANCA,"0129,0130,0131,0134,0258,0316,0326,0385"
LA VEGA,LA VEGA,DON JUAN RODRI- GUEZ - BARRANCA (DM),ESCUELA PRIMARIA RURAL,PARAJE RANCHO VIEJO,"RANCHO VIEJO, DM BARRANCA",283
LA VEGA,JARABACOA,JARABACOA,ESCUELA PRIMARIA DON BOSCO,CALLE CINCO,COLONIA JAPONESA,"0009,0009A,0079,0099"
LA VEGA,JARABACOA,JARABACOA,ESCUELA PUEBLO NUEVO,COLON,PUEBLO NUEVO,"0003,0004,0065,0080"
LA VEGA,JARABACOA,JARABACOA,CLUB DE VENECIA,CALLE OBDULIO JIMENEZ,VENECIA,"0001,0002,0106"
LA VEGA,JARABACOA,JARABACOA,ANTIGUA ESC. PRIM. MANUEL U. GOMEZ,GASTON F. DELIGNE,CENTRO DE LA CIUDAD,"0012,0012A,0013,0055,0073,0082,0097,0100"
LA VEGA,JARABACOA,JARABACOA,CASINO DEL JIMENOA,CALLE COLON,PUEBLO NUEVO,"0006,0006A"
LA VEGA,JARABACOA,JARABACOA,ESCUELA COLONIA AGRICOLA,COLONIA AGRICOLA,COLONIA AGRICOLA,"0010,0011,0054,0054A,0054B,0083"
LA VEGA,JARABACOA,JARABACOA,ESCUELA PRIMARIA URBANA,BARRIO RINCON,RINCON,"0062,0062A,0062B,0074,0084,0101"
LA VEGA,JARABACOA,JARABACOA,LICEO SEC. LUIS ERNESTO GO- MEZ URIBE,ESTELA GERALDINO,CENTRO DE LA CIUDAD,"0007,0008,0008A,0059,0068,0075,0085,0095,0105"
LA VEGA,JARABACOA,JARABACOA,ESCUELA PRIMARIA RURAL,PARAJE ANGOSTO,ANGOSTO,33
LA VEGA,JARABACOA,JARABACOA,ESCUELA PRIMARIA RURAL,PARAJE COROCITO,COROCITO,32
LA VEGA,JARABACOA,JARABACOA,ESCUELA PRIMARIA RURAL,PARAJE EL BALCON,EL BALCON,"0022,0092"
LA VEGA,JARABACOA,JARABACOA,ESCUELA PRIMARIA RURAL,PARAJE ESTANCITA,ESTANCITA,"0023,0088"
LA VEGA,JARABACOA,JARABACOA,ESCUELA PRIMARIA RURAL,PARAJE LAS CABIRMAS,LAS CABIRMAS,"0025,0061"
LA VEGA,JARABACOA,JARABACOA,ESCUELA PRIMARIA RURAL,PARAJE LLANO DE HIGO,LLANO DEL HIGO,24
LA VEGA,JARABACOA,JARABACOA,ESCUELA PRIMARIA RURAL,PARAJE ARENOSO,ARENOSO,"0026,0067"
LA VEGA,JARABACOA,JARABACOA,ESCUELA PRIMARIA RURAL,PARAJE JUMUNUCU,JUMUNUCO,"0027,0028,0104"
LA VEGA,JARABACOA,JARABACOA,ESCUELA PRIMARIA RURAL,PARAJE LA PIÑA,LA PIÑA,"0036,0037"
LA VEGA,JARABACOA,JARABACOA,ESCUELA PRIMARIA RURAL,PARAJE LOS COROZOS,LOS COROZOS,38
LA VEGA,JARABACOA,JARABACOA,ESCUELA PRIMARIA RURAL,PARAJE LOS POMOS,LOS POMOS,"0063,0071,0089"
LA VEGA,JARABACOA,JARABACOA,ESCUELA PRIMARIA RURAL,PARAJE LA JAGUA,LA JAGUA,47
LA VEGA,JARABACOA,JARABACOA,ESCUELA PRIMARIA RURAL,PARAJE LA PITA,LA PITA,"0049,0102"
LA VEGA,JARABACOA,JARABACOA,ESCUELA PRIMARIA RURAL,PARAJE PASO BAJITO,PASO BAJITO,"0048,0053"
LA VEGA,JARABACOA,JARABACOA,ESCUELA PRIMARIA RURAL,PARAJE PALO BLANCO,PALO BLANCO,"0034,0069,0107"
LA VEGA,JARABACOA,JARABACOA,ESCUELA PRIMARIA RURAL,PARAJE PEDREGAL,PEDREGAL,"0035,0035A,0070"
LA VEGA,JARABACOA,JARABACOA,ESCUELA PRIMARIA RURAL,PARAJE ARROYO CERCADO,ARROYO CERCADO,"0064,0078"
LA VEGA,JARABACOA,JARABACOA,ESCUELA PRIMARIA RURAL,PARAJE LAS GUAZARAS,LA GUAZARA,"0040,0094"
LA VEGA,JARABACOA,JARABACOA,ESCUELA PRIMARIA RURAL,PARAJE PINAR QUEMADO,PINAR QUEMADO,"0039,0050,0090"
LA VEGA,JARABACOA,JARABACOA,LICEO MARIA AUXILIADORA,COLONIA AGRICOLA,COLONIA AGRICOLA,108
LA VEGA,JARABACOA,JARABACOA,CASA DE LA CULTURA,CALLE MARIO N. GALAN,PUEBLO NUEVO,"0005,0005A,0060,0072,0081"
LA VEGA,JARABACOA,BUENA VISTA (DM),ESCUELA PRIMARIA RURAL,EL SALTO MATA GORDA,EL SALTO MATA GORDA,"0020,0091"
LA VEGA,JARABACOA,BUENA VISTA (DM),ESCUELA PRIMARIA RURAL,PARAJE ATOLLADERA,ATOLLADERA,"0018,0086"
LA VEGA,JARABACOA,BUENA VISTA (DM),ESCUELA PRIMARIA RURAL,PARAJE BUENA VISTA,BUENA VISTA,"0019,0052,0076,0103"
LA VEGA,JARABACOA,BUENA VISTA (DM),ESCUELA PRIMARIA RURAL,PARAJE HATO VIEJO,HATO VIEJO,"0021,0021A,0051,0087"
LA VEGA,JARABACOA,BUENA VISTA (DM),ESCUELA PRIMARIA RURAL,PARAJE CRUCERO,CRUCERO,"0014,0058"
LA VEGA,JARABACOA,BUENA VISTA (DM),ESCUELA PRIMARIA RURAL,PARAJE HATILLO,HATILLO,"0016,0017"
LA VEGA,JARABACOA,BUENA VISTA (DM),ESCUELA PRIMARIA RURAL,PARAJE PIEDRA BLANCA,PIEDRA BLANCA,"0015,0056"
LA VEGA,JARABACOA,BUENA VISTA (DM),ESCUELA PRIMARIA RURAL,PARAJE SABANETA,SABANETA,"0031,0098"
LA VEGA,JARABACOA,MANABAO (DM),ESCUELA PRIMARIA RURAL,PARAJE LA CIENAGA,LA CIENAGA,"0044,0066"
LA VEGA,JARABACOA,MANABAO (DM),ESCUELA PRIMARIA RURAL,PARAJE LOS DAJAO,LOS DAJAOS,"0045,0046"
LA VEGA,JARABACOA,MANABAO (DM),ESCUELA PRIMARIA RURAL,PARAJE MANABAO,MANABAO,"0029,0042,0043,0093"
LA VEGA,JARABACOA,MANABAO (DM),ESCUELA PRIMARIA RURAL,PARAJE MATA DE LIMON,MATA DE LIMON,41
LA VEGA,CONSTANZA,CONSTANZA,AYUNTAMIENTO MUNICIPAL,MATILDE VIÑAS ESQ. SANCHEZ,CENTRO DE LA CIUDAD,"0007,0007A"
LA VEGA,CONSTANZA,CONSTANZA,COLEGIO NUESTRA SEÑORA DEL VALLE,CALLE ANTONIO MARIA GAR- CIA ESQ. MANUEL HIDALGO,CENTRO DE LA CIUDAD,"0001,0001A,0034,0034A,0054,0062,0074"
LA VEGA,CONSTANZA,CONSTANZA,POLITECNICO FELIPE SORIANO BELLO(ANT.LICEO EUGENIO M.HOSTOS),MATILDE VIÑAS ESQ. GRAT- EREAUX,CENTRO DE LA CIUDAD,"0002,0002A,0003,0003A,0004,0004A,0005,0005A,0035"
LA VEGA,CONSTANZA,CONSTANZA,CENTRO EDUCATIVO COLONIA JAPONESA,PARAJE COLONIA JAPONESA,COLONIA JAPONESA,"0032,0032A,0033,0033A"
LA VEGA,CONSTANZA,CONSTANZA,CENTRO EDUCTIVO ASIA MARIA COLON,PARAJE LAS AUYAMAS,LAS AUYAMAS,"0031,0031A"
LA VEGA,CONSTANZA,CONSTANZA,CENTRO EDUCATIVO MANUEL TOBIAS DURAN,PARAJE EL CERCADO,EL CERCADO,"0022,0022A,0023,0023A,0040,0040A"
LA VEGA,CONSTANZA,CONSTANZA,CENTRO EDUCATIVO PADRE FANTINO,AVENIDA ANTONIO ABAUD ISAAC,COLONIA ESPAÑOLA,"0006,0026,0026A,0036,0036A,0042,0042A"
LA VEGA,CONSTANZA,CONSTANZA,CENTRO EDUCATIVO LEONIDAS ROSADO SORIANO,CALLE PROLONGACION MI- GUEL ANDRES ABREU,EL TORNADO,55
LA VEGA,CONSTANZA,CONSTANZA,CENTRO EDUCATIVO DELFIN SAN- TOS PINALES,PARAJE EL CHORRO,EL CHORRO,"0056,0067"
LA VEGA,CONSTANZA,CONSTANZA,POLITECNICO GASTON FERNAN- DO DELIGNE,PARAJE LA SECADORA,LA SECADORA,59
LA VEGA,CONSTANZA,CONSTANZA,CENTRO EDUCATIVO DAVID DURAN,PARAJE ARROYO ARRIBA (EL NUEVE),ARROYO ARRIBA,60
LA VEGA,CONSTANZA,CONSTANZA,ESCUELA BASICA DE ARROYO ARRIBA,PARAJE ARROYO ARRIBA,ARROYO ARRIBA,"0020,0020A,0020B,0021,0021A,0021B"
LA VEGA,CONSTANZA,CONSTANZA,CENTRO EDUCATIVO PROFESOR JUAN BOSCH,PARAJE EL CERCADO,EL CERCADO,"0051,0058,0063,0068,0070,0080"
LA VEGA,CONSTANZA,CONSTANZA,CENTRO EDUCATIVO SALOME UREÑA DE HENRIQUEZ,PARAJE ARROYO ARRIBA,ARROYO ARRIBA,"0039,0039A,0050,0064,0069,0078"
LA VEGA,CONSTANZA,CONSTANZA,CENTRO EDUCATIVO LOS COR- RALITOS,PARAJE LOS CORRALITOS,LOS CORRALITOS,30
LA VEGA,CONSTANZA,CONSTANZA,CENTRO EDUCATIVO VILLA PINALES,PARAJE VILLA PINALES,VILLA PINALES,"0057,0065"
LA VEGA,CONSTANZA,CONSTANZA,CENTRO EDUCATIVO MARIO IMBERT MACGREGOR,PARAJE COLONIA KENNEDY,COLONIA KENNEDY,"0025,0025A,0041,0079"
LA VEGA,CONSTANZA,CONSTANZA,ESCUELA PRIMARIA LA CULATA,PARAJE LA CULATA,EL PUENTE (LA CULATA),"0017,0017A"
LA VEGA,CONSTANZA,TIREO ARRIBA (DM),CENTRO EDUCATIVO ARROYO FRIO,PARAJE ARROYO FRIO,ARROYO FRIO,"0009,0047"
LA VEGA,CONSTANZA,TIREO ARRIBA (DM),CENTRO EDUCATIVO LA PALMA,PARAJE LA PALMA,LA PALMA,"0008,0008A,0075"
LA VEGA,CONSTANZA,TIREO ARRIBA (DM),CENTRO EDUCATIVO RAUL CAS- TILLO,PARAJE EL RIO,EL RIO,"0010,0011,0053"
LA VEGA,CONSTANZA,TIREO ARRIBA (DM),CENTRO EDUCTIVO LOS SANCHEZ,PARAJE LOS SANCHEZ,LOS SANCHEZ,12
LA VEGA,CONSTANZA,TIREO ARRIBA (DM),CENTRO EDUCATIVO LA DESCU- BIERTA,PARAJE LA DESCUBIERTA,LA DESCUBIERTA,"0013,0046"
LA VEGA,CONSTANZA,TIREO ARRIBA (DM),CENTRO EDUCATIVO TIREO ABAJO,EL PUENTE TIREO ABAJO,TIREO ABAJO,"0018,0018A"
LA VEGA,CONSTANZA,TIREO ARRIBA (DM),CENTRO EDUCATIVO PINALITO,PARAJE PINALITO,PALERITO O PINALITO,19
LA VEGA,CONSTANZA,TIREO ARRIBA (DM),CENTRO EDUCATIVO MARIA AN- GELICA BAUTISTA,PARAJE LA ESCUCHADERA,ESCUCHADERA,"0014,0048"
LA VEGA,CONSTANZA,TIREO ARRIBA (DM),CENTRO EDUCATIVO JUAN PABLO DUARTE,PARAJE TIREO AL MEDIO,TIREO AL MEDIO,"0016,0016A,0044,0044A,0077"
LA VEGA,CONSTANZA,TIREO ARRIBA (DM),CENTRO EDUCATIVO LUZ ASUN- CION ABREU,PARAJE LA ALTAGRACIA,LA ALTAGRACIA,"0015,0038,0049"
LA VEGA,CONSTANZA,TIREO ARRIBA (DM),CENTRO EDUCATIVO AMADA RODRIGUEZ,PARAJE EL RIO ABAJO,EL RIO ABAJO,"0037,0045"
LA VEGA,CONSTANZA,TIREO ARRIBA (DM),CENTRO EDUCATIVO 14 DE JUNIO,PARAJE LA GUAMITA,LA GUAMITA,71
LA VEGA,CONSTANZA,TIREO ARRIBA (DM),CENTRO EDUCATIVO ANGEL VINI- CIO ABREU,PARAJE EL CAF╔,EL CAFE,72
LA VEGA,CONSTANZA,LA SABINA (DM),CENTRO EDUCATIVO RAMON MARIA RAMIREZ,PARAJE CAÑADA SECA,CAÑADA SECA,"0024,0024A,0076"
LA VEGA,CONSTANZA,LA SABINA (DM),CENTRO EDUCATIVO COLONIA HUNGARA,PARAJE LA SABINA,LA SABINA,"0028,0028A,0029,0029A,0043"
LA VEGA,CONSTANZA,LA SABINA (DM),CENTRO EDUCATIVO BERNARDO GRATEREAUX,PARAJE LOS HIGOS,LOS HIGOS,"0027,0027A"
LA VEGA,CONSTANZA,LA SABINA (DM),CENTRO EDUCATIVO ALTICA JIMENEZ,PARAJE LOS CERROS,LOS CERROS,52
LA VEGA,CONSTANZA,LA SABINA (DM),CENTRO COMUNAL,PARAJE EL VALLE,EL VALLE,61
LA VEGA,CONSTANZA,LA SABINA (DM),CENTRO EDUCATIVO EL CON- VENTO,PARAJE EL CONVENTO,EL CONVENTO,66
LA VEGA,CONSTANZA,LA SABINA (DM),CENTRO EDUCATIVO CECAINI-RIO GRANDE,PARAJE RIO GRANDE,RIO GRANDE,73
LA VEGA,JIMA ABAJO,JIMA ABAJO,CENTRO EDUCATIVO DOMITILA GRULLON,PARAJE JIMA ARRIBA,JIMA ARRIBA,"0006,0007,0008,0021,0022,0036,0043"
LA VEGA,JIMA ABAJO,JIMA ABAJO,CENTRO EDUCATIVO CLAUDINO SANCHEZ,PARAJE LA LOMETA,LA LOMETA,"0028,0033"
LA VEGA,JIMA ABAJO,JIMA ABAJO,CENTRO EDUCATIVO LOS CERROS,PARAJE CANAL DE LA MISERIA,LA ROMANA,29
LA VEGA,JIMA ABAJO,JIMA ABAJO,ESCUELA BASICA LA ROMANA,PARAJE LA ROMANA,LA ROMANA,31
LA VEGA,JIMA ABAJO,JIMA ABAJO,ESCUELA FRANCISCO DEL ROSA- RIO SANCHEZ,C/ SEÑORITAS VILLAS,CENTRO DE LA CIUDAD,"0005,0020,0027,0032,0035,0038,0044"
LA VEGA,JIMA ABAJO,JIMA ABAJO,CENTRO EDUCATIVO LA FRON- TERA,PARAJE LOS CERROS,LA FRONTERA,"0011,0023,0040"
LA VEGA,JIMA ABAJO,JIMA ABAJO,CENRO EDUCATIVO SAN BARTOLO,PARAJE SAN BARTOLO AL MEDIO,SAN BARTOLO AL MEDIO,"0009,0010"
LA VEGA,JIMA ABAJO,RINCON (DM),CENTRO EDUCATIVO EL ALGAR- ROBO,PARAJE EL ALGARROBO,EL ALGARROBO,"0019,0039"
LA VEGA,JIMA ABAJO,RINCON (DM),ESCUELA PRIMARIA ROSA DELIA P.,PARAJE JUNUMUCU,JUNUMUCU,"0016,0017,0018,0026,0034"
LA VEGA,JIMA ABAJO,RINCON (DM),CENTRO EDUCATIVO RINCON,DM RINCON,RINCON,"0012,0013,0014,0015,0024,0025,0025A,0037"
LA VEGA,JIMA ABAJO,RINCON (DM),CENTRO EDUCATIVO LA CEIBITA,PARAJE LA CEIBITA,LA CEIBITA,30
LA VEGA,JIMA ABAJO,RINCON (DM),CENTRO EDUCATIVO LICEO RINCÓN,"CALLE DUARTE, D.M. RINCON",RINCON,"0041,0045"
LA VEGA,JIMA ABAJO,RINCON (DM),ESCUELA PRIMARIA AURISTELIA RESTITUYO,PARAJE JUNUMUCU,JUNUMUCU,42
MARIA TRINIDAD SANCHEZ,CABRERA,CABRERA,ESCUELA ARISTIDES FIALLO CABRAL,CALLE 16 DE AGOSTO,CENTRO DE LA CIUDAD,"0001,0002,0003,0032,0039,0057"
MARIA TRINIDAD SANCHEZ,CABRERA,CABRERA,ESCUELA BASICA MAXIMO ACOSTA,PARAJE ABREU,ABREU,"0029,0036,0047"
MARIA TRINIDAD SANCHEZ,CABRERA,CABRERA,ESCUELA PRIMARIA RURAL,PARAJE CATALINA ARRIBA,CATALINA ARRIBA,27
MARIA TRINIDAD SANCHEZ,CABRERA,CABRERA,ESCUELA PRIMARIA RURAL,PARAJE LAS CABIRMAS,LAS CABIRMAS,26
MARIA TRINIDAD SANCHEZ,CABRERA,CABRERA,ESCUELA PRIMARIA RURAL,PARAJE LA PEONIA,LA PEONIA,31
MARIA TRINIDAD SANCHEZ,CABRERA,CABRERA,ESCUELA PRIMARIA RURAL,PARAJE LOMA DE JAGUA,LOMA DE LA JAGUA,28
MARIA TRINIDAD SANCHEZ,CABRERA,CABRERA,ESCUELA BASICA JESUS MARIA FALETTE,PARAJE LOS ROMEDILLOS,LOS ROMEDILLOS,"0030,0048"
MARIA TRINIDAD SANCHEZ,CABRERA,CABRERA,ESCUELA JOSEFA ACOSTA,PARAJE LA LLANADA,LA LLANADA,"0005,0006"
MARIA TRINIDAD SANCHEZ,CABRERA,CABRERA,ESCUELA PROFESORA AURELINA DEL ROSARIO,PARAJE LOMA ALTA,LOMA ALTA,7
MARIA TRINIDAD SANCHEZ,CABRERA,CABRERA,ESCUELA PRIMARIA RURAL,PARAJE BEJUCO ALAMBRE,BEJUCO ALAMBRE,20
MARIA TRINIDAD SANCHEZ,CABRERA,CABRERA,ESCUELA PROFESOR AGUSTIN CAMILO,PARAJE EL PUJADOR,EL PUJADOR,"0014,0015"
MARIA TRINIDAD SANCHEZ,CABRERA,CABRERA,ESCUELA BASICA EFIGENIA GARCIA,PARAJE JOBO CLARO,JOBO CLARO,18
MARIA TRINIDAD SANCHEZ,CABRERA,CABRERA,ESCUELA PRIMARIA RURAL,PARAJE MELLA,MELLA,19
MARIA TRINIDAD SANCHEZ,CABRERA,CABRERA,ESCUELA BASICA EMILIANO GAR- CIA FERNANDEZ,PARAJE SANTA MARIA,SANTA MARIA,16
MARIA TRINIDAD SANCHEZ,CABRERA,CABRERA,ESCUELA PRIMARIA RURAL,PARAJE SAN JOSE DE PATRA- NA,SAN JOSE DE PATRANA,44
MARIA TRINIDAD SANCHEZ,CABRERA,CABRERA,ESCUELA EL JAMO,PARAJE EL JAMO,EL JAMO,"0004,0033,0054"
MARIA TRINIDAD SANCHEZ,CABRERA,CABRERA,LICEO MIGUEL YANGUELA,AVENIDA MARIA GÓMEZ,CENTRO DE LA CIUDAD,"0050,0052,0055,0056"
MARIA TRINIDAD SANCHEZ,CABRERA,CABRERA,ESCUELA PRIMARIA RURAL CATA- LINA ABAJO,PARAJE CATALINA ABAJO,CATALINA ABAJO,"0025,0038"
MARIA TRINIDAD SANCHEZ,CABRERA,ARROYO SALADO (DM),ESCUELA PRIMARIA RURAL,PARAJE BAOBA DEL PIÑAL,Baoba del Piñar,"0021,0035,0051"
MARIA TRINIDAD SANCHEZ,CABRERA,ARROYO SALADO (DM),ESCUELA PRIMARIA RURAL,PARAJE PAYITA,PAYITA,"0023,0024,0037,0040,0053"
MARIA TRINIDAD SANCHEZ,CABRERA,ARROYO SALADO (DM),ESCUELA PRIMARIA RURAL,PARAJE PUEBLO NUEVO,PUEBLO NUEVO,"0022,0046"
MARIA TRINIDAD SANCHEZ,CABRERA,ARROYO SALADO (DM),ESCUELA BASICA ANDRES HILARIO,PARAJE SAN ISIDRO,SAN ISIDRO,"0034,0049"
MARIA TRINIDAD SANCHEZ,CABRERA,ARROYO SALADO (DM),ESCUELA BASICA RAMON PERAL- TA PEREZ,PARAJE SAN RAFAEL,SAN RAFAEL,"0017,0043"
MARIA TRINIDAD SANCHEZ,CABRERA,ARROYO SALADO (DM),ESCUELA BASICA RAUL MARTINEZ,PARAJE BAQUI,BAQUI,42
MARIA TRINIDAD SANCHEZ,CABRERA,LA ENTRADA (DM),ESCUELA BASICA HERMANAS MIRABAL,PARAJE CAÑO AZUL COLO- RADO,CAÑO AZUL COLORADO,"0008,0008A"
MARIA TRINIDAD SANCHEZ,CABRERA,LA ENTRADA (DM),ESCUELA PRIMARIA RURAL,PARAJE EL CALLEJON,EL CALLEJON,9
MARIA TRINIDAD SANCHEZ,CABRERA,LA ENTRADA (DM),ESCUELA PRIMARIA RURAL,PARAJE LA CAPILLA,LA CAPILLA,"0010,0045"
MARIA TRINIDAD SANCHEZ,CABRERA,LA ENTRADA (DM),ESCUELA PRIMARIA RURAL,PARAJE LA ENTRADA,LA ENTRADA,"0012,0013,0041"
MARIA TRINIDAD SANCHEZ,CABRERA,LA ENTRADA (DM),ESCUELA PROFESOR BENIGNO MORONTA,PARAJE LOS PINITOS,LOS PINITOS,11
MARIA TRINIDAD SANCHEZ,NAGUA,NAGUA,COLEGIO EVANGELICO PELEGRIN ADOLFO GOMEZ,SANCHEZ/M. PEREZ,CENTRO DE LA CIUDAD,"0013,0014"
MARIA TRINIDAD SANCHEZ,NAGUA,NAGUA,LOGIA NUEVA ERA,CALLE MELLA ESQ. LUPERON,CENTRO DE LA CIUDAD,"0007,0008"
MARIA TRINIDAD SANCHEZ,NAGUA,NAGUA,CENT. REG. UNIV. AUT. DE SANTO DGO. ( REC. VIEJO),CALLE JORGE AWAD ESQ. ARBERT ALLEY,UNIVERSITARIO,"0010,0011,0089,0107,0112"
MARIA TRINIDAD SANCHEZ,NAGUA,NAGUA,CLUB CASINO DE LA COSTA,CALLE EMILIO CONDE FRENTE AL PARQUE,CENTRO DE LA CIUDAD,"0115,0144"
MARIA TRINIDAD SANCHEZ,NAGUA,NAGUA,COLEGIO NUEVA LUZ,CALLE 27 DE FEBRERO (ANTI- GUA COLON),CENTRO DE LA CIUDAD,"0084,0094,0142,0145"
MARIA TRINIDAD SANCHEZ,NAGUA,NAGUA,ESCUELA BASICA LA CAPITALITA,BARRIO LA CAPITALITA,LA CAPITALITA,"0019,0020,0093,0118"
MARIA TRINIDAD SANCHEZ,NAGUA,NAGUA,ESCUELA BASICA SAN JOSE DE VILLA,CALLE 5 SIN NO.,SAN JOSE DE VILLA,"0005,0006,0090"
MARIA TRINIDAD SANCHEZ,NAGUA,NAGUA,CENTRO DE EXCELENCIA MER- CEDES BELLO,CALLE ARMANDA BENITEZ SIN NO.,RESPALDO PROGRESO,"0015,0016,0017,0018,0108,0108A,0110,0126,0126A,0151"
MARIA TRINIDAD SANCHEZ,NAGUA,NAGUA,COLEGIO CEICOCE,CALLE DUARTE FINAL,CENTRO DE LA CIUDAD,"0012,0087"
MARIA TRINIDAD SANCHEZ,NAGUA,NAGUA,PALACIO AYUNTAMIENTO MUNIC- IPAL,CALLE 27 DE FEBRERO( ANTI- GUA COLON),CENTRO DE LA CIUDAD,21
MARIA TRINIDAD SANCHEZ,NAGUA,NAGUA,HOSPITAL DEL SEGURO SOCIAL,CALLE ENRIQUILLO ESQUINA MELLA,BELLA VISTA,"0001,0088"
MARIA TRINIDAD SANCHEZ,NAGUA,NAGUA,ESCUELA PRIMARIA ELISEO GRULLON,MARIA TRINIDAD SANCHEZ,LIBERTAD,"0083,0083A,0091,0092,0111,0152"
MARIA TRINIDAD SANCHEZ,NAGUA,NAGUA,ESCUELA BASICA LOS CACAITOS,PARAJE LOS CACAITOS,LOS CACAITOS,47
MARIA TRINIDAD SANCHEZ,NAGUA,NAGUA,CENTRO EDUCATIVO KM. 3,PARAJE LA GUABINA,GUABINA,"0048,0136"
MARIA TRINIDAD SANCHEZ,NAGUA,NAGUA,CENTRO EDUCATIVO SOLDADO ARRIBA,PARAJE SOLDADO ARRIBA,SOLDADO ARRIBA,46
MARIA TRINIDAD SANCHEZ,NAGUA,NAGUA,CENTRO EDUCATIVO CAÑO BLANCO,PARAJE EL CAÑO FRENITO,EL CAÑO FRENITO,"0031,0137"
MARIA TRINIDAD SANCHEZ,NAGUA,NAGUA,ESCUELA PRIMARIA EL JUNCAL,PARAJE EL JUNCAL,EL JUNCAL,23
MARIA TRINIDAD SANCHEZ,NAGUA,NAGUA,ESCUELA PRIMARIA RURAL,PARAJE SABANETA,SABANETA,30
MARIA TRINIDAD SANCHEZ,NAGUA,NAGUA,CASA DE LA CULTURA,"C/ ALTAGRACIA, CENTRO DE LA CIUDAD",CENTRO DE LA CIUDAD,"0124,0162"
MARIA TRINIDAD SANCHEZ,NAGUA,NAGUA,INDRHI-INSTITUTO NACIONAL DE RECURSOS HIDRAULICOS,CALLE EMILIO CONDE,CENTRO DE LA CIUDAD,120
MARIA TRINIDAD SANCHEZ,NAGUA,NAGUA,SINDICATO DE CAMIONEROS,"AVENIDA MARIA TRINIDAD SAN- CHEZ, SALIDA MACORIS",SAN JOSE DE VILLA,3
MARIA TRINIDAD SANCHEZ,NAGUA,NAGUA,OFICINA DE OBRAS PUBLICA,CALLE 27 DE FEBRERO (ANTI- GUA COLON),CENTRO DE LA CIUDAD,121
MARIA TRINIDAD SANCHEZ,NAGUA,NAGUA,UASD NAGUA,PARAJE LA CRUZ,LA CRUZ,"0106,0128,0135,0147,0163"
MARIA TRINIDAD SANCHEZ,NAGUA,NAGUA,OFICINA DE AGRICULTURA,"AVENIDA MARIA TRINIDAD SAN- CHEZ, SALIDA MACORIS",CENTRO DE LA CIUDAD,"0130,0154"
MARIA TRINIDAD SANCHEZ,NAGUA,NAGUA,ESCUELA PRIM. DR. JOSE FCO. PEÑA GOMEZ,CALLE VIRGILIO GARCIA FINAL,PUEBLO NUEVO,"0002,0082,0131,0155"
MARIA TRINIDAD SANCHEZ,NAGUA,NAGUA,ESCUELA BASICA RIO MAR,CALLE PRIMERA SIN NO.,RIO MAR,"0134,0157"
MARIA TRINIDAD SANCHEZ,NAGUA,NAGUA,ESCUELA BASICA LA REPRESA,PARAJE LA REPRESA,LA REPRESA,140
MARIA TRINIDAD SANCHEZ,NAGUA,NAGUA,ESCUELA BASICA EL TANQUE,BARRIO LA CAPITALITA,LA CAPITALITA,143
MARIA TRINIDAD SANCHEZ,NAGUA,NAGUA,ESCUELA BASICA ZONA SUR,CALLE 1RA,SAN JOSE DE VILLA,"0113,0146,0150"
MARIA TRINIDAD SANCHEZ,NAGUA,NAGUA,LICEO ANGEL MARIA HERNANDEZ,CALLE LUIS KING,SAN JOSE DE VILLA,"0004,0004A,0127,0127A,0149"
MARIA TRINIDAD SANCHEZ,NAGUA,NAGUA,ESCUELA PRIMARIA EL ESTERO,"LA CUARENTA, PARTE NORTE DE LA CIUDAD",EL ESTERO,159
MARIA TRINIDAD SANCHEZ,NAGUA,NAGUA,POLITECNICO SAMUEL NOE BRITO BRUNO,CALLE PROYECTO,LAS QUINIENTAS,"0119,0139,0160"
MARIA TRINIDAD SANCHEZ,NAGUA,NAGUA,FUNERARIA MUNICIPAL,CALLE ALTAGRACIA CASI ESQ. EMILIO CONDE,CENTRO DE LA CIUDAD,9
MARIA TRINIDAD SANCHEZ,NAGUA,NAGUA,OFICINAS DEL INSTITUTO AGRAR- IO DOMINICANO( IAD),AVENIDA MARIA TRINIDAD SANCHEZ,BELLA VISTA,123
MARIA TRINIDAD SANCHEZ,NAGUA,NAGUA,POLIDEPORTIVO,CALLE SANCHEZ ESQ. MELLA,CENTRO DE LA CIUDAD,114
MARIA TRINIDAD SANCHEZ,NAGUA,SAN JOSE DE MATANZAS (DM),ESCUELA PRIMARIA CAÑO ABAJO,PARAJE CAÑO ABAJO (PES- CADERO),Cruce de Pescadero,"0062,0109"
MARIA TRINIDAD SANCHEZ,NAGUA,SAN JOSE DE MATANZAS (DM),CENTRO EDUCATIVO COLORADO,PARAJE COLORADO,COLORADO,100
MARIA TRINIDAD SANCHEZ,NAGUA,SAN JOSE DE MATANZAS (DM),CENTRO EDUCATIVO EL AGUA- CATE,PARAJE EL AGUACATE,LA CEJA,99
MARIA TRINIDAD SANCHEZ,NAGUA,SAN JOSE DE MATANZAS (DM),ESCUELA BASICA MAXIMO GER- ALDINO,PARAJE LA CEJA,LA CEJA,58
MARIA TRINIDAD SANCHEZ,NAGUA,SAN JOSE DE MATANZAS (DM),ESCUELA PRIMARIA LA LOMETA DE RINCON,PARAJE LA LOMETA,LA LOMETA,"0061,0158"
MARIA TRINIDAD SANCHEZ,NAGUA,SAN JOSE DE MATANZAS (DM),ESCUELA PRIMARIA LAS GARZAS,PARAJE LAS GARZAS,LAS GARZAS,"0063,0063A"
MARIA TRINIDAD SANCHEZ,NAGUA,SAN JOSE DE MATANZAS (DM),ESCUELA BASICA LOS YAYALES,PARAJE LOS YAYALES,LOS YAYALES,"0059,0060,0125"
MARIA TRINIDAD SANCHEZ,NAGUA,SAN JOSE DE MATANZAS (DM),ESCUELA PRIMARIA MATANCITAS,PARAJE MATANCITAS,MATANCITAS,"0055,0056,0057,0122"
MARIA TRINIDAD SANCHEZ,NAGUA,SAN JOSE DE MATANZAS (DM),ESCUELA PRIMARIA RURAL,PARAJE PONTON,PONTON,101
MARIA TRINIDAD SANCHEZ,NAGUA,SAN JOSE DE MATANZAS (DM),ESCUELA BASICA LA CEJA DEL JOBO,PARAJE CEJA DE JOBO,CEJA DE JOBO,133
MARIA TRINIDAD SANCHEZ,NAGUA,SAN JOSE DE MATANZAS (DM),CENTRO EDUCATIVO ANA ROSA CASTILLO,D.M. SAN JOSE DE MATANZAS,MATANZAS,"0098,0132,0156"
MARIA TRINIDAD SANCHEZ,NAGUA,LAS GORDAS (DM),CENTRO EDUCATIVO LA CATALINA,PARAJE LA CATALINA,LA CATALINA,36
MARIA TRINIDAD SANCHEZ,NAGUA,LAS GORDAS (DM),ESCUELA BASICA JULIA MARTINEZ,PARAJE LA PIRAGUA,LA PIRAGUA,"0041,0148"
MARIA TRINIDAD SANCHEZ,NAGUA,LAS GORDAS (DM),ESCUELA PRIMARIA LOS CUER- VOS,PARAJE LOS CUERVOS,LOS CUERVOS,37
MARIA TRINIDAD SANCHEZ,NAGUA,LAS GORDAS (DM),ESCUELA BASICA LOS GENGIBRES,PARAJE LOS JENGIBRES,LOS JENGIBRES,32
MARIA TRINIDAD SANCHEZ,NAGUA,LAS GORDAS (DM),CENTRO EDUCATIVO LOS MEMISOS,PARAJE LOS MEMISOS,LOS MEMISOS,35
MARIA TRINIDAD SANCHEZ,NAGUA,LAS GORDAS (DM),ESCUELA BASICA PEDRO MARIA BURGOS,PARAJE MATA BONITA,MATA BONITA,"0033,0033A,0097,0161"
MARIA TRINIDAD SANCHEZ,NAGUA,LAS GORDAS (DM),CENTRO EDUCATIVO DEMETRIO NOLBERTO H.,PARAJE BOBA,BOBA,"0022,0022A"
MARIA TRINIDAD SANCHEZ,NAGUA,LAS GORDAS (DM),CENTRO EDUCATIVO CAÑO DE LOS NARANJOS,PARAJE CAÑO DE LOS NARAN- JOS,CAÑO DE LOS NARAN- JOS,24
MARIA TRINIDAD SANCHEZ,NAGUA,LAS GORDAS (DM),ESCUELA BASICA LUIS ENRIQUE YAGUELA GOMEZ,PARAJE LAS GORDAS,LAS GORDAS,"0025,0026,0095"
MARIA TRINIDAD SANCHEZ,NAGUA,LAS GORDAS (DM),ESCUELA PRIMARIA LOS GUAYABI- TOS,PARAJE LOS GUAYABITOS,LOS GUAYABITOS,34
MARIA TRINIDAD SANCHEZ,NAGUA,LAS GORDAS (DM),CENTRO EDUCATIVO LAGUNA DEL CAIMAN,PARAJE LAGUNA DE CAIMAN,LAGUNA DE CAIMAN,129
MARIA TRINIDAD SANCHEZ,NAGUA,LAS GORDAS (DM),LICEO MIGUEL SANTIAGO YANGUELA GOMEZ,PARAJE LAS GORDAS,LAS GORDAS,"0116,0117"
MARIA TRINIDAD SANCHEZ,NAGUA,ARROYO AL MEDIO (DM),ESCUELA PRIMARIA EL CRUCE,PARAJE EL CRUCE,EL CRUCE,42
MARIA TRINIDAD SANCHEZ,NAGUA,ARROYO AL MEDIO (DM),CENTRO EDUCATIVO EL GUAYABO,PARAJE EL CRUCE DE GUAYA- BO,EL CRUCE DE GUAYABO,44
MARIA TRINIDAD SANCHEZ,NAGUA,ARROYO AL MEDIO (DM),ESCUELA BASICA EL YAYAL,PARAJE EL YAYAL,EL YAYAL,"0040,0040A"
MARIA TRINIDAD SANCHEZ,NAGUA,ARROYO AL MEDIO (DM),ESCUELA BASICA LA COLMENA,PARAJE LA COLMENA,LA COLMENA,45
MARIA TRINIDAD SANCHEZ,NAGUA,ARROYO AL MEDIO (DM),ESCUELA BASICA LA PLACETA,PARAJE LA PLACETA,LA PLACETA,38
MARIA TRINIDAD SANCHEZ,NAGUA,ARROYO AL MEDIO (DM),ESCUELA PRIMARIA LOS ANONES,PARAJE LOS ANONES,LOS ANONES,43
MARIA TRINIDAD SANCHEZ,NAGUA,ARROYO AL MEDIO (DM),ESCUELA PRIMARIA RIO JAGUA,PARAJE RIO JAGUA,RIO JAGUA,39
MARIA TRINIDAD SANCHEZ,NAGUA,ARROYO AL MEDIO (DM),CENTRO EDUCATIVO CAYA CLARA,PARAJE CAYACLARA,CAYA CLARA,49
MARIA TRINIDAD SANCHEZ,NAGUA,ARROYO AL MEDIO (DM),CENTRO EDUCATIVO LAS PIEZAS,PARAJE LA PIEZA ABAJO,LA PIEZA ABAJO,51
MARIA TRINIDAD SANCHEZ,NAGUA,ARROYO AL MEDIO (DM),ESCUELA BASICA LOS TOROS,PARAJE LOS TOROS,LOS TOROS,50
MARIA TRINIDAD SANCHEZ,NAGUA,ARROYO AL MEDIO (DM),ESCUELA PRIMARIA PALMAR DE LOS SANCHEZ,PARAJE PALMAR DE LOS SANCHEZ,PALMAR DE LOS SAN- CHEZ,54
MARIA TRINIDAD SANCHEZ,NAGUA,ARROYO AL MEDIO (DM),ESCUELA PRIMARIA ARROYO AL MEDIO ARRIBA,PARAJE ARROYO AL MEDIO ARRIBA,ARROYO AL MEDIO ARRIBA,53
MARIA TRINIDAD SANCHEZ,NAGUA,ARROYO AL MEDIO (DM),ESCUELA BASICA ARROYO AL MEDIO ABAJO,PARAJE ARROYO AL MEDIO,ARROYO AL MEDIO,"0027,0096,0153"
MARIA TRINIDAD SANCHEZ,NAGUA,ARROYO AL MEDIO (DM),ESCUELA BASICA EL DRAGO,PARAJE EL DRAGO,EL DRAGO,"0029,0138"
MARIA TRINIDAD SANCHEZ,NAGUA,ARROYO AL MEDIO (DM),ESCUELA PRIMARIA LA PALMITA,"PARAJE LA PALMITA, LA PAL- MITA",LA PALMITA,28
MARIA TRINIDAD SANCHEZ,NAGUA,ARROYO AL MEDIO (DM),CENTRO EDUCATIVO LA MINA,PARAJE LA MINA,LA MINA,141
MARIA TRINIDAD SANCHEZ,NAGUA,ARROYO AL MEDIO (DM),ESCUELA PRIMARIA ELIAS ESPI- NAL,PARAJE EL PICAO DE LUIS,EL PICAO DE LUIS,52
MARIA TRINIDAD SANCHEZ,RIO SAN JUAN,RIO SAN JUAN,BIBLIOTECA MUNICIPAL,CALLE MELLA,CENTRO DE LA CIUDAD,16
MARIA TRINIDAD SANCHEZ,RIO SAN JUAN,RIO SAN JUAN,ESCUELA INTERMEDIA GREGORIO LUPERON,CARRETERA GASPAR HDEZ.,CENTRO DE LA CIUDAD,"0005,0022,0025,0029"
MARIA TRINIDAD SANCHEZ,RIO SAN JUAN,RIO SAN JUAN,ESCUELA PRIMARIA DE ACAPUL- CO,BARRIO ACAPULCO,ACAPULCO,21
MARIA TRINIDAD SANCHEZ,RIO SAN JUAN,RIO SAN JUAN,CENTRO EDUCATIVO MEÑIQUE,C/ LUPERON ESQ. CAPOTILLO,CENTRO DE LA CIUDAD,"0001,0001A,0002,0002A"
MARIA TRINIDAD SANCHEZ,RIO SAN JUAN,RIO SAN JUAN,ESCUELA PRIMARIA RURAL MELE- CIO DE LA CRUZ,PARAJE ARROYO SABANA,ARROYO SABANA,"0013,0020"
MARIA TRINIDAD SANCHEZ,RIO SAN JUAN,RIO SAN JUAN,ESCUELA PRIMARIA RURAL,PARAJE BOBITA AL CENTRO,BOBITA AL CENTRO,10
MARIA TRINIDAD SANCHEZ,RIO SAN JUAN,RIO SAN JUAN,ESCUELA PRIMARIA RURAL FER- NANDO MIGUILLON,PARAJE COPEYITO,COPEYITO,"0014,0027"
MARIA TRINIDAD SANCHEZ,RIO SAN JUAN,RIO SAN JUAN,ESCUELA PRIMARIA RURAL ANTO- NIO POLANCO,PARAJE EL MORRITO,EL MORRITO,11
MARIA TRINIDAD SANCHEZ,RIO SAN JUAN,RIO SAN JUAN,ESCUELA PRIMARIA RURAL AGUSTINA GARCIA,PARAJE LOS CAJUILES,LOS CAJUILES,"0009,0019"
MARIA TRINIDAD SANCHEZ,RIO SAN JUAN,RIO SAN JUAN,ESCUELA PRIMARIA RURAL JACO- BO LOPEZ,PARAJE LOS PALMARITOS,LOS PALMARITOS,15
MARIA TRINIDAD SANCHEZ,RIO SAN JUAN,RIO SAN JUAN,ESCUELA PRIMARIA RURAL,PARAJE LA MANTECA,PUERCA GORDA,12
MARIA TRINIDAD SANCHEZ,RIO SAN JUAN,RIO SAN JUAN,ESCUELA PRIMARIA RURAL GRE- GORIA GARCIA RAMOS,PARAJE LA CARIBE,LA CARIBE,17
MARIA TRINIDAD SANCHEZ,RIO SAN JUAN,RIO SAN JUAN,ESCUELA PRIMARIA RURAL ADELA BALBUENA SANCHEZ,PARAJE ARROYO GRANDE,ARROYO GRANDE,"0007,0028"
MARIA TRINIDAD SANCHEZ,RIO SAN JUAN,RIO SAN JUAN,ESCUELA PRIMARIA RURAL DO- MINGO MOSQUEA,PARAJE LA NOVILLA,LA NOVILLA,"0008,0018"
MARIA TRINIDAD SANCHEZ,RIO SAN JUAN,RIO SAN JUAN,ESCUELA PRIMARIA RURAL,PARAJE MATA PUERCOS ABAJO,MATA PUERCO ABAJO,6
MARIA TRINIDAD SANCHEZ,RIO SAN JUAN,RIO SAN JUAN,AYUNTAMIENTO MUNICIPAL,CALLE MELLA ESQ. DUARTE,CENTRO DE LA CIUDAD,"0003,0003A"
MARIA TRINIDAD SANCHEZ,RIO SAN JUAN,RIO SAN JUAN,LICEO SECUNDARIO ANTORCHA DEL FUTURO,AUTOPISTA GASPAR HERNAN- DEZ,CENTRO DE LA CIUDAD,"0023,0026,0030"
MARIA TRINIDAD SANCHEZ,RIO SAN JUAN,RIO SAN JUAN,CORREO MUNICIPAL,CALLE DUARTE S/N,CENTRO DE LA CIUDAD,24
MARIA TRINIDAD SANCHEZ,RIO SAN JUAN,RIO SAN JUAN,ESCUELA PRIMARIA PRUDENCIO ACOSTA,CALLE SANCHEZ,CENTRO DE LA CIUDAD,"0004,0004A"
MARIA TRINIDAD SANCHEZ,EL FACTOR,EL FACTOR,ESCUELA PRIMARIA RURAL,PARAJE LOS INDIOS,LOS INDIOS,7
MARIA TRINIDAD SANCHEZ,EL FACTOR,EL FACTOR,ESCUELA PRIMARIA RURAL,PARAJE QUEBRADA FRIA,QUEBRADA FRIA,13
MARIA TRINIDAD SANCHEZ,EL FACTOR,EL FACTOR,ESCUELA PRIMARIA RURAL,PARAJE PAPAYO,PAPAYO,"0011,0012,0037"
MARIA TRINIDAD SANCHEZ,EL FACTOR,EL FACTOR,ESCUELA PRIMARIA RURAL,PARAJE PIONIA,LA PIONIA,9
MARIA TRINIDAD SANCHEZ,EL FACTOR,EL FACTOR,ESCUELA PRIMARIA RURAL,PARAJE VUELTA LARGA,VUELTA LARGA,10
MARIA TRINIDAD SANCHEZ,EL FACTOR,EL FACTOR,ESCUELA PRIMARIA RURAL,PARAJE EL CINCO,EL CINCO,"0026,0041"
MARIA TRINIDAD SANCHEZ,EL FACTOR,EL FACTOR,ESCUELA PRIMARIA RURAL,PARAJE TELANZA,TELANZA,"0008,0042"
MARIA TRINIDAD SANCHEZ,EL FACTOR,EL FACTOR,INST. DE RECURSOS HIDRAULICOS INDRHI,PARAJE EL BARRO,EL BARRO,29
MARIA TRINIDAD SANCHEZ,EL FACTOR,EL FACTOR,ESCUELA PRIMARIA URBANA,EL FACTOR,CENTRO DE LA CIUDAD,"0001,0002,0025,0028,0035,0036,0045"
MARIA TRINIDAD SANCHEZ,EL FACTOR,EL FACTOR,ESCUELA PRIMARIA RURAL,PARAJE EL BARRO,EL BARRO,43
MARIA TRINIDAD SANCHEZ,EL FACTOR,EL FACTOR,ESCUELA CONSUELO PAREDES,PROLONGACION 27 DE FEBRERO,EL PLAY,"0003,0004"
MARIA TRINIDAD SANCHEZ,EL FACTOR,EL FACTOR,LICEO MANUEL SALOMÉ TAVERAS,CALLE JUANA SALTITOPA S/N,EL PLAY,"0005,0006,0044,0047"
MARIA TRINIDAD SANCHEZ,EL FACTOR,EL POZO (DM),ESCUELA PRIMARIA RURAL,PARAJE LA PICHINGA,LA PICHINGA,"0020,0021,0040"
MARIA TRINIDAD SANCHEZ,EL FACTOR,EL POZO (DM),CLUB SALOME UREÑA,PARAJE LOS LIMONES,LOS LIMONES,"0018,0019,0038"
MARIA TRINIDAD SANCHEZ,EL FACTOR,EL POZO (DM),ESCUELA PRIMARIA RURAL,PARAJE EL POZO,EL POZO,"0017,0046"
MARIA TRINIDAD SANCHEZ,EL FACTOR,EL POZO (DM),ESCUELA PRIMARIA RURAL,PARAJE LA FACTORIA,LA FACTORIA,"0024,0031"
MARIA TRINIDAD SANCHEZ,EL FACTOR,EL POZO (DM),ESCUELA PRIMARIA RURAL,PARAJE MADRE VIEJA,MADRE VIEJA,"0022,0023,0032"
MARIA TRINIDAD SANCHEZ,EL FACTOR,EL POZO (DM),LOCAL DE LA FEDERACION FER- NANDO VALERIO,PARAJE LOS LIMONES,LOS LIMONES,"0027,0039"
MARIA TRINIDAD SANCHEZ,EL FACTOR,EL POZO (DM),ESCUELA PRIMARIA RURAL,PARAJE EL ALTO DEL HEL- ECHAL,EL ALTO DEL HELECHAL,"0014,0030"
MARIA TRINIDAD SANCHEZ,EL FACTOR,EL POZO (DM),ESCUELA PRIMARIA RURAL,PARAJE LA CIMARRA,La Cimarra (Villa Amap- ola),34
MARIA TRINIDAD SANCHEZ,EL FACTOR,EL POZO (DM),AYUNTAMIENTO MUNICIPAL EL POZO,PARAJE EL POZO. EL POZO,EL POZO,"0015,0016,0033"
MONSEÑOR NOUEL,BONAO,BONAO,CASINO DEL YUNA INCORPORADO,16 DE AGOSTO ESQ. INDEPEN- DENCIA,CENTRO DE LA CIUDAD,"0014,0016,0017,0141,0141A,0209,0234"
MONSEÑOR NOUEL,BONAO,BONAO,DISTRITO ESCOLAR 16-04,CALLE LUPERON,CENTRO DE LA CIUDAD,"0026,0143"
MONSEÑOR NOUEL,BONAO,BONAO,ESCUELA MANUEL MARIA AYBAR,AV. DOCTOR COLUMNA,CENTRO DE LA CIUDAD,"0011,0012,0032,0033,0034,0035,0113,0145A"
MONSEÑOR NOUEL,BONAO,BONAO,ESCUELA PEDRO A. BOBEA,AV. DOCTOR COLUMNA,CENTRO DE LA CIUDAD,"0020,0020A,0028,0029,0030,0031,0113A,0142,0144,0145,0161,0166,0170"
MONSEÑOR NOUEL,BONAO,BONAO,HOSPITAL DE SEGURO SOCIAL,C/ FRANCISCO J. PEYNADO,CENTRO DE LA CIUDAD,"0006,0006A,0137"
MONSEÑOR NOUEL,BONAO,BONAO,LICEO SEC. ELIAS RODRIGUEZ,AV. DOCTOR COLUMNA,CENTRO DE LA CIUDAD,"0022,0023,0024,0036,0038,0130,0132,0155,0190,0218,0235"
MONSEÑOR NOUEL,BONAO,BONAO,ESCUELA PRIMARIA VICENTE SOTO,PARAJE RANCHO NUEVO,RANCHO NUEVO,89
MONSEÑOR NOUEL,BONAO,BONAO,ESCUELA PRIMARIA NICOLASINA SURIEL TAVERAS,PARAJE CARIBE,CARIBE,"0060,0148,0241"
MONSEÑOR NOUEL,BONAO,BONAO,ESCUELA PRIMARIA GREGORIO LUPERON,PARAJE EL VERDE,EL VERDE,"0061,0062,0212"
MONSEÑOR NOUEL,BONAO,BONAO,ESCUELA BIENVENIDO DEL CASTILLO,PARAJE LOS ARROCES,LOS ARROCES (CUMA- NICES),"0055,0056,0147,0185,0220"
MONSEÑOR NOUEL,BONAO,BONAO,ESCUELA SEBASTIAN PAREDES,PARAJE BOCA DE YUBOA,BOCA DE YUBOA,"0069,0069A"
MONSEÑOR NOUEL,BONAO,BONAO,COMEDOR ECONOMICO,C/ LUPERON (FRENTE A LA POLICIA),CENTRO DE LA CIUDAD,"0007,0007A,0008,0138,0224"
MONSEÑOR NOUEL,BONAO,BONAO,CENTRO EDUCACIONAL BONAO,C/ JOSE MARTI. CIUDAD,CENTRO DE LA CIUDAD,"0021,0021A,0037,0129,0133,0171,0178,0225"
MONSEÑOR NOUEL,BONAO,BONAO,AYUNTAMIENTO MUNICIPAL,AVE. DR. COLUMNA. CIUDAD,CENTRO DE LA CIUDAD,"0109,0109A,0196,0226,0247"
MONSEÑOR NOUEL,BONAO,BONAO,ESCUELA ELPIDIO ACOSTA,PARAJE JAYACO,LOS ARROCES (CUMA- NICES),"0057,0057A,0202"
MONSEÑOR NOUEL,BONAO,BONAO,ESCUELA NTRA. SRA. DE GUADA- LUPE,BRISAS DEL YUMA,BRISAS DEL YUNA,"0181,0229"
MONSEÑOR NOUEL,BONAO,BONAO,DISTRITO EDUCATIVO,CALLE LUPERON ESQ. 16 DE AGOSTO,CENTRO DE LA CIUDAD,"0025,0207"
MONSEÑOR NOUEL,BONAO,BONAO,PLAZA DE LA CULTURA,CIUDAD,CENTRO DE LA CIUDAD,"0013,0013A,0019,0108,0108A,0126,0128,0217"
MONSEÑOR NOUEL,BONAO,BONAO,JUZGADO DE PAZ,CALLE LUPERON,CENTRO DE LA CIUDAD,124
MONSEÑOR NOUEL,BONAO,BONAO,BIBLIOTECA MUNICIPAL PROFE- SOR JUAN BOSCH,AVE. DR. COLUMNA,CENTRO DE LA CIUDAD,"0027,0250"
MONSEÑOR NOUEL,BONAO,BONAO,LOCAL LIRAS DE BONAO,CALLE PADRE BILLINI (ENTRE DR. COLUMNA Y LUPERON),CENTRO DE LA CIUDAD,131
MONSEÑOR NOUEL,BONAO,BONAO,ESCUELA PRIMARIA MARIA CANELA,CALLE PADRE BILLINI,LAS FLORES,"0015,0018,0127,0140"
MONSEÑOR NOUEL,BONAO,BONAO,ESCUELA TIME ENGLISH SYSTEM,CALLE QUISQUEYA,MEJORAMIENTO SOCIAL,"0010,0010A,0139"
MONSEÑOR NOUEL,BONAO,BONAO,CURSE UASD BONAO,"AVENIDA LAS HORTENCIAS, FRENTE A LA SIRENA",CENTRO DE LA CIUDAD,"0009,0107,0125,0125A,0125B,0163,0168,0184,0206,0210,0219,0236"
MONSEÑOR NOUEL,BONAO,BONAO,ESCUELA ADELINA GARCÍA,"CALLE ISABEL LA CATÓLICA, PROXIMO CALLE DUARTE",LOS AMAPOLOS,"0152,0152A,0154,0176,0189,0205"
MONSEÑOR NOUEL,BONAO,BONAO,ESCUELA ESPECIAL,CALLE LOS SANTOS CASI ESQUINA CALLE ESPAÑA,CENTRO DE LA CIUDAD,"0001,0002,0122,0122A,0162,0249"
MONSEÑOR NOUEL,BONAO,BONAO,POLITECNICO ING. JOSE DELIO GUZMAN,AVENIDA LAS HORTENCIAS KM.83 I/2(ANTIGUA AUTOPISTA,CENTRO DE LA CIUDAD,"0003,0004,0005,0112,0123,0177,0188,0216"
MONSEÑOR NOUEL,BONAO,SABANA DEL PUER- TO (DM),ESCUELA ANTONIO LIRANZO BATISTA,PARAJE LOS QUEMADOS,LOS QUEMADOS,"0042,0043,0045,0048,0208"
MONSEÑOR NOUEL,BONAO,SABANA DEL PUER- TO (DM),ESCUELA PRIMARIA ANA CEARA LUNA,PARAJE PALERO,PALERO,"0046,0047,0146,0237"
MONSEÑOR NOUEL,BONAO,SABANA DEL PUER- TO (DM),ESCUELA EDWVIGIS MARIA LUNA,PARAJE JIMA,JIMA,"0134,0156,0174,0251"
MONSEÑOR NOUEL,BONAO,SABANA DEL PUER- TO (DM),ESCUELA FELIPE JIMENEZ PEÑA,PARAJE LOS PLATANITOS,LOS PLATANITOS,"0044,0106,0159,0246"
MONSEÑOR NOUEL,BONAO,SABANA DEL PUER- TO (DM),ESCUELA PADRE JOSE SALVADOR FERNANDEZ,PARAJE JIMA,JIMA,"0039,0040,0041,0213,0248"
MONSEÑOR NOUEL,BONAO,JUMA BEJUCAL (DM),ESCUELA PRIMARIA MIREYA RAFA- ELINA COLUMNA,PARAJE BEJUCAL,BEJUCAL,"0090,0091,0119,0238"
MONSEÑOR NOUEL,BONAO,JUMA BEJUCAL (DM),ESCUELA BENITO ROSARIO ALBERTO,PARAJE CAÑO GRANDE,CAÑO GRANDE,"0070,0115,0115A,0115B,0158,0158A,0242"
MONSEÑOR NOUEL,BONAO,JUMA BEJUCAL (DM),ESCUELA JULIAN GUERRERO,PARAJE JUMA,POBLADO DE JUMA,"0074,0074A,0075,0076,0117,0193,0222,0243"
MONSEÑOR NOUEL,BONAO,JUMA BEJUCAL (DM),ESCUELA MARIA BATISTA,PARAJE JUMA ADENTRO,JUMA ADENTRO,"0077,0118,0118A,0153,0232"
MONSEÑOR NOUEL,BONAO,JUMA BEJUCAL (DM),ESCUELA ROSARIO PEREZ,PARAJE SAN ISIDRO,SAN ISIDRO,"0078,0078A,0110,0194,0244"
MONSEÑOR NOUEL,BONAO,JUMA BEJUCAL (DM),LICEO FRANCISCO ANTONIO BATISTA GARCIA,PARAJE CARACOL,CARACOLE ( CARRET- ERA EL OCHO ),"0071,0073,0073A,0116,0116A,0116B,0116C,0165,0167,0169,0179,0186,0198,0214,0227"
MONSEÑOR NOUEL,BONAO,JUMA BEJUCAL (DM),ESCUELA RUFINO RIVAS,CALLE JARAGUA ESQ. BENITO,CARACOLA ( SANTA ROSA ),"0136,0136A,0172,0180,0197,0215,0228"
MONSEÑOR NOUEL,BONAO,JUMA BEJUCAL (DM),ESCUELA ERCILIA PEPIN ESTREL- LA,PARAJE BOCA DE JUMA,BOCA DE JUMA,"0182,0230"
MONSEÑOR NOUEL,BONAO,JUMA BEJUCAL (DM),ESCUELA JUAN FRANCISCO PE- REZ VELASQUEZ,PARAJE CARACOL,CARACOL,"0183,0204,0231,0252"
MONSEÑOR NOUEL,BONAO,JUMA BEJUCAL (DM),ESCUELA FANNY PIMENTEL COLUMNA,"PARAJE CAÐO GRANDE, CALLE JAGUA ESQ. BENITO MONCIO",CAÑO GRANDE,"0164,0164A,0199"
MONSEÑOR NOUEL,BONAO,JUMA BEJUCAL (DM),LICEO ALEJANDRO GOMERA,PARAJE JUMA,JUMA,"0150,0150A,0150B,0201,0203"
MONSEÑOR NOUEL,BONAO,JUMA BEJUCAL (DM),COLEGIO CENTRAL,"CALLE JARAGUA NO. 8, FRENTE A HOGAR CREA",CAÑO GRANDE,"0175,0187,0221"
MONSEÑOR NOUEL,BONAO,JUMA BEJUCAL (DM),ESCUELA HERMANAS MIRABAL,CARRETERA SIMÓN BOLlVAR,CARACOL,"0072,0072A,0173,0195,0223,0245"
MONSEÑOR NOUEL,BONAO,ARROYO TORO-MA- SIPEDRO (DM),ESCUELA PRIMARIA JOSE RODRI- GUEZ,PARAJE ARROYO TORO ABAJO,ARROYO TORO ABAJO,"0067,0151"
MONSEÑOR NOUEL,BONAO,ARROYO TORO-MA- SIPEDRO (DM),ESCUELA PRIMARIA JOSE MARIA REYES MORETA,PARAJE ARROYO TORO ARRIBA,ARROYO TORO ARRIBA,"0068,0114"
MONSEÑOR NOUEL,BONAO,ARROYO TORO-MA- SIPEDRO (DM),ESCUELA MARTIN BATISTA FER- NANDEZ,PARAJE MASIPEDRO,MASIPEDRO,"0058,0059"
MONSEÑOR NOUEL,BONAO,JAYACO (DM),ESCUELA PRIMARIA SATURNINO PEÑA PAEZ,PARAJE CAÑO PIEDRA,CAÑO PIEDRA,"0051,0052,0052A,0191,0239"
MONSEÑOR NOUEL,BONAO,JAYACO (DM),ESCUELA PADRE BETANCOURT,PARAJE JAYACO ABAJO,JAYACO ABAJO,"0049,0050,0135,0157,0211"
MONSEÑOR NOUEL,BONAO,JAYACO (DM),ESCUELA PRIMARIA JOSE ANTO- NIO CESPEDES,PARAJE LA CEYBA,LA CEYBA,"0053,0054,0054A,0192,0240"
MONSEÑOR NOUEL,BONAO,LA SALVIA-LOS QUE- MADOS (DM),ESCUELA PRIMARIA RURAL,PARAJE BLANCO,BLANCO,"0092,0093,0160"
MONSEÑOR NOUEL,BONAO,LA SALVIA-LOS QUE- MADOS (DM),ESCUELA PRIMARIA RURAL,PARAJE LOS PEDREGONES,LOS PEDREGONES,64
MONSEÑOR NOUEL,BONAO,LA SALVIA-LOS QUE- MADOS (DM),ESCUELA PRIMARIA ALTAGRACIA PIÑA,PARAJE EL TANQUE,EL TANQUE,"0063,0149,0200"
MONSEÑOR NOUEL,BONAO,LA SALVIA-LOS QUE- MADOS (DM),ESCUELA BOCA DE BLANCO,PARAJE BLANCO,BOCA DE BLANCO,105
MONSEÑOR NOUEL,BONAO,LA SALVIA-LOS QUE- MADOS (DM),ESCUELA PEDRO BELTRE,PARAJE LOS QUEMADOS,LOS QUEMADOS,"0065,0065A,0066,0066A,0233"
MONSEÑOR NOUEL,MAIMON,MAIMON,LICEO ACADEMICO MIGUEL SAL- VADOR COCCO GUERRERO,"PADRE FANTINO, BO. BUENOS AIRES",BUENOS AIRES,"0001,0002,0008,0011,0013,0013A,0013B,0018"
MONSEÑOR NOUEL,MAIMON,MAIMON,CENTRO EDUCATIVO ANGEL RO- SARIO MARTE(ANT.ESC.PUERTO RICO),BARRIO PUERTO RICO,PUERTO RICO,"0012,0012A,0017,0019,0033"
MONSEÑOR NOUEL,MAIMON,MAIMON,ESC. PRIMARIA URB. EUGENIO M. DE HOSTOS,C/ DUARTE,CENTRO DE LA CIUDAD,"0003,0004,0005,0006,0009,0015,0016,0022,0028,0030"
MONSEÑOR NOUEL,MAIMON,MAIMON,ESCUELA PRIMARIA RURAL,PARAJE HATO VIEJO,HATO VIEJO,10
MONSEÑOR NOUEL,MAIMON,MAIMON,ESCUELA PRIMARIA RURAL,PARAJE EL COPEY,EL COPEY,20
MONSEÑOR NOUEL,MAIMON,MAIMON,ESCUELA PRIMARIA RURAL,PARAJE LOS MARTINEZ,LOS MARTINEZ,"0007,0014,0021"
MONSEÑOR NOUEL,MAIMON,MAIMON,ESCUELA PRIMARIA FELICIA CASTILLO,"PARAJE BATEY ANGELITA, CARRET. DUARTE VIEJA",BATEY ANGELITA,26
MONSEÑOR NOUEL,MAIMON,MAIMON,CONSEJO MUNICIPAL DE MAIMON,CALLE JUAN SANCHEZ RAMIREZ NO. 28,CENTRO DE LA CIUDAD,"0023,0025"
MONSEÑOR NOUEL,MAIMON,MAIMON,INSTITUTO POSTAL DOMINICANO,CALLE LEONARDO VIDAL NO. 15,CENTRO DE LA CIUDAD,24
MONSEÑOR NOUEL,MAIMON,MAIMON,ESCUELA PRIMARIA REVERENDO ERNESTO ROQUE FRIAS,CALLE PRIMERA,EL PROGRESO,"0027,0029,0031,0034,0035"
MONSEÑOR NOUEL,MAIMON,MAIMON,ESCUELA INICIAL EUGENIO MARÍA DE HOSTOS-EXTENSION,CALLE SAN ISIDRO (FRENTE AL CEMENTERIO),CENTRO DE LA CIUDAD,"0032,0036"
MONSEÑOR NOUEL,MAIMON,MAIMON,ESCUELA PRIMARIA DOÑA LIDIA RODRIGUEZ (CENTRO CRISTIANO),BARRIO LOS PARCELEROS,LOS PARCELEROS,37
MONSEÑOR NOUEL,MAIMON,MAIMON,ESCUELA PRIMARIA GILBERTO ANTONIO DÍAZ,SECTOR EL NUEVO YAGAL,NUEVO YAGAL,38
MONSEÑOR NOUEL,MAIMON,MAIMON,COLEGIO FERNANDO ARTURO DE MERIÑO,CALLE 27 DE FEBRERO,PUERTO RICO,39
MONSEÑOR NOUEL,PIEDRA BLANCA,PIEDRA BLANCA,ESCUELA AMBROSINA RAMIREZ DE ABAD,CALLE MELLA BARRIO BUENOS AIRES,CENTRO DE LA CIUDAD,"0004,0005,0005A,0006,0006A,0018,0033"
MONSEÑOR NOUEL,PIEDRA BLANCA,PIEDRA BLANCA,LICEO SALOME UREÑA,CALLE SANCHEZ/TUNTI CA- CERES,CENTRO DE LA CIUDAD,"0001,0001A,0002,0002A,0003,0003A,0032"
MONSEÑOR NOUEL,PIEDRA BLANCA,PIEDRA BLANCA,ESCUELA PROFESOR JUAN RA- MON DE LA CRUZ,PARAJE ARROYO VUELTA,ARROYO VUELTA ARRIBA,22
MONSEÑOR NOUEL,PIEDRA BLANCA,PIEDRA BLANCA,IGLESIA EL BUEN SAMARITANO,PARAJE LA CUMBRE,LA CUMBRE,34
MONSEÑOR NOUEL,PIEDRA BLANCA,PIEDRA BLANCA,POLITECNICO SALOME UREÑA,CALLE ORLANDO MARTINEZ NO. 3,QUINTO CENTENARIO,"0020,0031,0038"
MONSEÑOR NOUEL,PIEDRA BLANCA,PIEDRA BLANCA,LICEO FRANCISCO RAMIREZ CAPELLAN,PARAJE RINCON DE YUBOA,RINCON DE YUBOA,"0012,0013,0019"
MONSEÑOR NOUEL,PIEDRA BLANCA,VILLA SONADOR (DM),ESCUELA CACIQUE RAFAEL BONAO,CALLE MONSEÑOR NOUEL ESQ. MELLA,SONADOR,"0007,0008,0008A,0009,0026,0029"
MONSEÑOR NOUEL,PIEDRA BLANCA,VILLA SONADOR (DM),POLICLINICA SONADOR,CALLE 26 DE ENERO,SONADOR,11
MONSEÑOR NOUEL,PIEDRA BLANCA,VILLA SONADOR (DM),ESCUELA PETRONILA MERCEDES PEREZ,"CALLE 30 DE MAYO. EL BRISAL, SONADOR","EL BRISAL, SONADOR","0010,0021,0027,0030"
MONSEÑOR NOUEL,PIEDRA BLANCA,VILLA SONADOR (DM),ESCUELA FLORA TOLENTINO,PARAJE LA MINITA,LA MINITA,"0023,0037"
MONSEÑOR NOUEL,PIEDRA BLANCA,VILLA SONADOR (DM),ESCUELA ZENAIDA VICENTE DE GARCIA,"BARRIO NUEVO, LOS PASOS",LA COLONIA,"0024,0036"
MONSEÑOR NOUEL,PIEDRA BLANCA,VILLA SONADOR (DM),ESCUELA JOSEFA HERRERA,PARAJE LA COLONIA ABAJO,LA COLONIA ABAJO,35
MONSEÑOR NOUEL,PIEDRA BLANCA,JUAN ADRIAN (DM),ESCUELA JUAN PABLO DUARTE,CALLE MELLA #2,JUAN ADRIAN,"0016,0016A,0017,0025,0028"
MONSEÑOR NOUEL,PIEDRA BLANCA,JUAN ADRIAN (DM),ESCUELA PROFESORA MARIA RAMONA SANCHEZ,PARAJE LOS PLATANOS,LOS PLATANOS,"0014,0015"
MONTE CRISTI,MONTECRISTI,MONTECRISTI,ESCUELA BASICA ROSA SMESTER,AV. BENITO MONCION NO.33,CENTRO DE LA CIUDAD,"0001,0002,0006,0007,0031"
MONTE CRISTI,MONTECRISTI,MONTECRISTI,CENTRO DE EDUCACION BASICA SALOMON JORGE,CALLE INDEPENDENCIA NO. 4 ESQ. CALLE SANCHEZ,SALOMON JORGE,"0005,0036"
MONTE CRISTI,MONTECRISTI,MONTECRISTI,LICEO SECUNDARIO JOSE MARTI,CALLE HATUEY,LAS FLORES,"0003,0011,0012,0013,0028,0029,0037,0039,0048"
MONTE CRISTI,MONTECRISTI,MONTECRISTI,LOGIA NEWMAN,CALLE PDTE. VASQUEZ,SALOMON JORGE,33
MONTE CRISTI,MONTECRISTI,MONTECRISTI,SALON PARROQUIAL,CALLE PDTE. VASQUEZ,SANTA BARBARA,"0008,0041"
MONTE CRISTI,MONTECRISTI,MONTECRISTI,CENTRO EDUCATIVO CARLOS NAVARRO,PARAJE EL BAITOAL,BAITOAL,"0027,0030,0040"
MONTE CRISTI,MONTECRISTI,MONTECRISTI,CENTRO EDUCATIVO EL RINCON,PARAJE EL RINCON,EL RINCON,15
MONTE CRISTI,MONTECRISTI,MONTECRISTI,ESCUELA LIC. CARMEN MARTINEZ FAMILIA,PARAJE LAGUNA VERDE,LAGUNA VERDE,"0016,0044"
MONTE CRISTI,MONTECRISTI,MONTECRISTI,OFICINA DEL PROYECTO LA CRUZ DE MANZANILLO,PARAJE LA CRUZ,LA CRUZ,"0021,0022"
MONTE CRISTI,MONTECRISTI,MONTECRISTI,CENTRO EDUCATIVO LAS AGUAS,PARAJE LAS AGUAS,LAS AGUAS,23
MONTE CRISTI,MONTECRISTI,MONTECRISTI,CENTRO EDUCATIVO LAS PEÑAS,PARAJE LAS PEÑAS,LAS PEÑA,"0017,0049"
MONTE CRISTI,MONTECRISTI,MONTECRISTI,ESCUELA PRIMARIA LOS CONU- COS,PARAJE LOS CONUCOS,LOS CONUCOS,24
MONTE CRISTI,MONTECRISTI,MONTECRISTI,CENTRO EDUCATIVO MADRE,PARAJE MADRE,MADRE,19
MONTE CRISTI,MONTECRISTI,MONTECRISTI,CENTRO EDUCATIVO MAGUACA,PARAJE MAGUACA,MAGUACA,18
MONTE CRISTI,MONTECRISTI,MONTECRISTI,CENTRO EDUCATIVO WALTERIO,PARAJE WALTERIO,WALTERIO,20
MONTE CRISTI,MONTECRISTI,MONTECRISTI,CENTRO EDUCATIVO NUEVA JUDEA,PARAJE NUEVA JUDEA (LAS LECHOSAS),NUEVA JUDEA (LAS LECHOZAS),"0034,0042"
MONTE CRISTI,MONTECRISTI,MONTECRISTI,INSTITUTO POSTAL DOMINICANO,CALLE DUARTE,CENTRO DE LA CIUDAD,9
MONTE CRISTI,MONTECRISTI,MONTECRISTI,ESCUELA BASICA FRANCISCO JAVIER,"CALLE PROYECTO , BARRIO FRANCISCO JAVIER",FRANCISCO JAVIER,"0014,0043"
MONTE CRISTI,MONTECRISTI,MONTECRISTI,CENTRO EDUCATIVO ANA MER- CEDES CASTRO,"CALLE PROYECTO, BARRIO BELLA VISTA",BELLA VISTA,"0045,0047"
MONTE CRISTI,MONTECRISTI,MONTECRISTI,CLUB SAN PEDRO,"CALLE PIMENTEL # 104, BAR- RIO SAN PEDRO",SAN PEDRO,46
MONTE CRISTI,MONTECRISTI,MONTECRISTI,ESCUELA PRIMARIA BATEY ISABEL,PARAJE ISABEL,ISABEL,50
MONTE CRISTI,MONTECRISTI,MONTECRISTI,POLITECNICO OLGA MODESTA MARTINEZ,CALLE PROYECTO,BUENOS AIRES NORTE,51
MONTE CRISTI,GUAYUBIN,GUAYUBIN,ESCUELA PRIMARIA AURORA TAVAREZ BILLIARD,CALLE BENITO MONCION,GUAYUBIN,"0001,0002,0003,0047,0053,0061"
MONTE CRISTI,GUAYUBIN,GUAYUBIN,ESCUELA PRIMARIA RURAL,PARAJE RANCHADERO,RANCHADERO,"0031,0041,0062"
MONTE CRISTI,GUAYUBIN,GUAYUBIN,ESCUELA PRIMARIA GENERAL DEMETRIO RODRIGUEZ,PARAJE JUAN GOMEZ,JUAN GOMEZ,"0019,0040"
MONTE CRISTI,GUAYUBIN,GUAYUBIN,ESCUELA PRIMARIA MARIA TRINI- DAD SANCHEZ,PARAJE VILLA SINDA,VILLA SINDA,"0017,0018"
MONTE CRISTI,GUAYUBIN,GUAYUBIN,ESCUELA PRIMARIA RURAL,PARAJE BOHIO VIEJO,BOHIO VIEJO,20
MONTE CRISTI,GUAYUBIN,GUAYUBIN,ESCUELA PRIMARIA JOSE MARIA PEREZ,PARAJE EL POCITO,EL POCITO,"0024,0025,0026,0046,0052,0057"
MONTE CRISTI,GUAYUBIN,GUAYUBIN,ESCUELA RAMON EMILIO LOZADA,PARAJE MARTIN GARCIA,LAS AVISPAS,"0028,0029,0042"
MONTE CRISTI,GUAYUBIN,GUAYUBIN,ESCUELA PRIMARIA EMILIA MAR- TINEZ,PARAJE SABANA CRUZ,SABANA CRUZ,"0005,0064"
MONTE CRISTI,GUAYUBIN,VILLA ELISA (DM),ESCUELA PRIMARIA RURAL,PARAJE EL PAPAYO,EL PAPAYO,"0004,0035"
MONTE CRISTI,GUAYUBIN,VILLA ELISA (DM),ESCUELA PRIMARIA CARMEN CELIA BALAGUER,PARAJE EL COPEY,EL COPEY,"0006,0007,0060"
MONTE CRISTI,GUAYUBIN,VILLA ELISA (DM),ESCUELA PRIMARIA CARMELA BELLIARD,P HATO DEL MEDIO ARRIBA,HATO DEL MEDIO ARRIBA,"0013,0044"
MONTE CRISTI,GUAYUBIN,VILLA ELISA (DM),ESCUELA PRIMARIA RURAL,P VILLALOBOS ADENTRO,VILLALOBOS ADENTRO,"0016,0065"
MONTE CRISTI,GUAYUBIN,VILLA ELISA (DM),ESCUELA PRIMARIA RURAL,PARAJE LA GUAJACA,LA GUAJACA,"0015,0039,0059"
MONTE CRISTI,GUAYUBIN,VILLA ELISA (DM),ESCUELA PRIMARIA RURAL,PARAJE VILLA ELISA,VILLA ELISA,"0014,0038,0066"
MONTE CRISTI,GUAYUBIN,HATILLO PALMA (DM),ESCUELA PRIMARIA RURAL,PARAJE DOÑA ANTONIA,DOÑA ANTONIA,"0008,0036,0056"
MONTE CRISTI,GUAYUBIN,HATILLO PALMA (DM),LICEO SECUNDARIO CORINA BELLIARD,PARAJE HATILLO PALMA,HATILLO PALMA,"0009,0010,0037,0048,0051,0058,0063"
MONTE CRISTI,GUAYUBIN,HATILLO PALMA (DM),ESCUELA PRIMARIA RURAL,PARAJE DERRAMADERO,DERRAMADERO,"0011,0012,0043"
MONTE CRISTI,GUAYUBIN,HATILLO PALMA (DM),ESCUELA PRIMARIA RURAL,PARAJE ARROYO CAÑA,ARROYO CAÑA,67
MONTE CRISTI,GUAYUBIN,CANA CHAPETON (DM),ESCUELA PRIMARIA RURAL,PARAJE PILOTO,PILOTO,"0034,0050"
MONTE CRISTI,GUAYUBIN,CANA CHAPETON (DM),ESCUELA PRIMARIA CARLOS GONZALEZ,PARAJE CANA CHAPETON,CANA CHAPETON,"0032,0033,0049,0054"
MONTE CRISTI,GUAYUBIN,CANA CHAPETON (DM),ESCUELA PRIMARIA RURAL,PARAJE CERRO GORDO,CERRO GORDO,"0030,0045,0055"
MONTE CRISTI,VILLA VASQUEZ,VILLA VASQUEZ,ESC. PRIM. LEOPOLDO MIGUEL NAVARRO,BARRIO NORTE,BARRIO NORTE,"0015,0021,0022,0026,0028"
MONTE CRISTI,VILLA VASQUEZ,VILLA VASQUEZ,ESC. PRIMARIA CAMINO LA MINA,CALLE MELLA,CENTRO DE LA CIUDAD,"0001,0002,0017,0027"
MONTE CRISTI,VILLA VASQUEZ,VILLA VASQUEZ,LICEO SEC. FCO. GREGORIO BILLINI,AVE. LIBERTAD,CENTRO DE LA CIUDAD,"0006,0007,0008,0016,0023"
MONTE CRISTI,VILLA VASQUEZ,VILLA VASQUEZ,LICEO SEC. PATRIA BELLIARD SARUBBI,CALLE ALTAGRACIA/BERNAR- DO RODRIGUEZ,CENTRO DE LA CIUDAD,"0009,0010,0018,0024,0029"
MONTE CRISTI,VILLA VASQUEZ,VILLA VASQUEZ,ESCUELA PRIMARIA RURAL,PARAJE LOS UVEROS,LOS UVEROS,14
MONTE CRISTI,VILLA VASQUEZ,VILLA VASQUEZ,ESCUELA PRIMARIA RURAL,PARAJE LOS CONUCOS,LOS CONUCOS,"0013,0020"
MONTE CRISTI,VILLA VASQUEZ,VILLA VASQUEZ,ESCUELA PRIMARIA RURAL,PARAJE EL MANANTIAL,EL MANANTIAL,"0011,0019"
MONTE CRISTI,VILLA VASQUEZ,VILLA VASQUEZ,ESCUELA PRIMARIA RURAL,PARAJE VILLA GARCIA,VILLA GARCIA,12
MONTE CRISTI,VILLA VASQUEZ,VILLA VASQUEZ,ESCUELA PRIMARIA RAUL ALFRE- DO PUJOLS HIJO,PROLONGACION ACTIVO 20-30,LA GALLERA,"0003,0004,0025"
MONTE CRISTI,VILLA VASQUEZ,VILLA VASQUEZ,ESCUELA PRIMARIA LUISA DE LA ROSA HELENA,CALLE BRISAS DEL CANAL,CENTRO DE LA CIUDAD,5
MONTE CRISTI,PEPILLO SALCEDO,PEPILLO SALCEDO,CENTRO EDUCATIVO JOSE GABRI- EL GARCIA,CALLE DUARTE FRENTE AL TALLER,LOS ROBLES,"0003,0004,0027"
MONTE CRISTI,PEPILLO SALCEDO,PEPILLO SALCEDO,LICEO SECUNDARIO PEPILLO SALCEDO,"27 DE FEBRERO, CIUDAD",CENTRO DE LA CIUDAD,"0001,0012,0015"
MONTE CRISTI,PEPILLO SALCEDO,PEPILLO SALCEDO,CENTRO EDUCATIVO PEDRO DE LOS SANTOS,CARRETERA DUARTE/ CALLE 3RA,BARRIO VIEJO,"0008,0009,0014"
MONTE CRISTI,PEPILLO SALCEDO,PEPILLO SALCEDO,CENTRO PRIMARIO COPEY,PARAJE COPEY,COPEY,"0007,0013"
MONTE CRISTI,PEPILLO SALCEDO,PEPILLO SALCEDO,ESCUELA PRIMARIA CRISTO REY DEL ALTO DE LA PALOMA,CENTRO DE LA CIUDAD,ALTO LA PALOMA,2
MONTE CRISTI,PEPILLO SALCEDO,SANTA MARIA (DM),CENTRO EDUCATIVO LA RECTA DE SANITA,CALLE 1RA. NO. 01,SANITA,5
MONTE CRISTI,PEPILLO SALCEDO,SANTA MARIA (DM),CENTRO EDUCATIVO FRANCISCA BIENVENIDA LOZANO,"CALLE PRINCIPAL NO. 58, SANTA MARIA",SANTA MARIA,"0006,0011,0016"
MONTE CRISTI,PEPILLO SALCEDO,SANTA MARIA (DM),CENTRO EDUCATIVO GOZUELA,"CALLE PRINCIPAL NO. 76, GOZUELA",GOZUELA,"0010,0028"
MONTE CRISTI,PEPILLO SALCEDO,SANTA MARIA (DM),ESCUELA PRIMARIA RURAL,PARAJE CARNERO,CARNERO,26
MONTE CRISTI,PEPILLO SALCEDO,SANTA MARIA (DM),ESCUELA PRIMARIA CERAFINA SANCHEZ,PARAJE LA PINTA,LA PINTA,25
MONTE CRISTI,CASTAÑUELAS,CASTAÑUELAS,ESCUELA PRIM. JOSE G. GARCIA,ZONA URBANA,CENTRO DE LA CIUDAD,"0009,0010,0011"
MONTE CRISTI,CASTAÑUELAS,CASTAÑUELAS,CUERPO DE BOMBEROS,GREGORIO LUPERON,CENTRO DE LA CIUDAD,14
MONTE CRISTI,CASTAÑUELAS,CASTAÑUELAS,ESCUELA PRIMARIA RURAL,PARAJE JOBO CORCOBADO,JOBO CORCOBADO,"0012,0023"
MONTE CRISTI,CASTAÑUELAS,CASTAÑUELAS,ESCUELA PRIMARIA RURAL,PARAJE LOMA DE CASTAÑU ELAS,LOMA DE CASTAÑUELA,"0013,0015,0018"
MONTE CRISTI,CASTAÑUELAS,CASTAÑUELAS,ESCUELA PRIMARIA RURAL,PARAJE LA CAPITALITA,LA CAPITALITA,6
MONTE CRISTI,CASTAÑUELAS,CASTAÑUELAS,CENTRO COMUNAL DE LOMA DE CASTAÑUELAS,PARAJE LOMA DE CASTAÑUELAS,LOMA DE CASTAÑUELA,22
MONTE CRISTI,CASTAÑUELAS,CASTAÑUELAS,ESCUELA RAMONA MUÑOZ PASCAL,CALLE GREGORIO LUPERÓN AL FINAL,CENTRO DE LA CIUDAD,"0007,0008"
MONTE CRISTI,CASTAÑUELAS,CASTAÑUELAS,LICEO PEDRO ANTONIO PIMENTEL Y LÓPEZ,CALLE 30 DE MAYO,CENTRO DE LA CIUDAD,"0017,0020"
MONTE CRISTI,CASTAÑUELAS,PALO VERDE (EL AHOGADO) (DM),ESCUELA PRIMARIA RURAL,PARAJE EL AHOGADO,EL AHOGADO,"0003,0004,0016,0019,0024"
MONTE CRISTI,CASTAÑUELAS,PALO VERDE (EL AHOGADO) (DM),ESCUELA PRIMARIA RURAL,PARAJE MAGDALENA,LA MAGDALENA,5
MONTE CRISTI,CASTAÑUELAS,PALO VERDE (EL AHOGADO) (DM),LICEO PEDRO NOLASCO VALDEZ TAVAREZ,"CALLE PROYECTO, FRENTE AL PLEY DE SOFTBOL",EL VIGIADOR,"0001,0002,0021,0025"
MONTE CRISTI,LAS MATAS DE SANTA CRUZ,LAS MATAS DE SAN- TA CRUZ,ESCUELA PRIMARIA URBANA CARLIXTA METZ,CALLE INDEPENDENCIA,CENTRO DE LA CIUDAD,"0008,0008A,0013"
MONTE CRISTI,LAS MATAS DE SANTA CRUZ,LAS MATAS DE SAN- TA CRUZ,ESCUELA CENTRO POBLADO,C/ DINAMARCA,CENTRO DE LA CIUDAD,"0009,0010,0014,0016"
MONTE CRISTI,LAS MATAS DE SANTA CRUZ,LAS MATAS DE SAN- TA CRUZ,LICEO SECUNDARIO LAS MATAS DE SANTA CRUZ,"C/ ANTONIO ESTEVEZ, ZONA URBANA",CENTRO DE LA CIUDAD,"0001,0002,0003,0012,0017"
MONTE CRISTI,LAS MATAS DE SANTA CRUZ,LAS MATAS DE SAN- TA CRUZ,ESC. PRIM. URBANA PEDRO ANTO- NIO PIMENTEL,CALLE PEDRO ANTONIO PIMENTEL,CENTRO DE LA CIUDAD,"0005,0007,0011,0015"
MONTE CRISTI,LAS MATAS DE SANTA CRUZ,LAS MATAS DE SAN- TA CRUZ,ESCUELA PRIMARIA RURAL,PARAJE SANTA CRUZ,SANTA CRUZ,"0004,0006"
MONTE PLATA,BAYAGUANA,BAYAGUANA,LICEO SEC. PROF. MORAYMA VELOZ DE BAEZ,PROLONG. DUARTE,LA CARIDAD,"0004,0005,0006,0034,0037,0039,0041,0047"
MONTE PLATA,BAYAGUANA,BAYAGUANA,ESC. PRIM. URBANA 27 DE FEBRE- RO,CALLE EMILIO OLMOS #2,CENTRO DE LA CIUDAD,"0028,0036,0048,0050,0055"
MONTE PLATA,BAYAGUANA,BAYAGUANA,ESCUELA PANTALEON CASTILLO,CALLE HERMANA MIRABAL ESQ. EURIPIDES SOSA #1,PROXIMO BARRIO HOSPITAL,"0001,0002,0003,0033,0038,0049"
MONTE PLATA,BAYAGUANA,BAYAGUANA,ESCUELA BASICA GENERAL PE- DRO ANTONIO PIMENTEL,PARAJE ANTON SANCHEZ,ANTON SANCHEZ,"0014,0051"
MONTE PLATA,BAYAGUANA,BAYAGUANA,ESCUELA BASICA PROFESOR JESUS MEJIA,PARAJE DAJAO,DAJAO,15
MONTE PLATA,BAYAGUANA,BAYAGUANA,ESCUELA AMAURY GERMAN ARISTY,PARAJE SABANA DEL ESTADO,SABANA DEL ESTADO,13
MONTE PLATA,BAYAGUANA,BAYAGUANA,CENTRO EDUCATIVO RAMON MATIAS MELLA,PARAJE CARABELA ABAJO,CARABELA ABAJO,26
MONTE PLATA,BAYAGUANA,BAYAGUANA,CENTRO EDUCATIVO PEDRO MARIA BALLESTER,PARAJE JIJIBIA,JIJIBIA,35
MONTE PLATA,BAYAGUANA,BAYAGUANA,CENTRO EDUCATIVO JOSE LUIS GONZALEZ,PARAJE EL BOMBON,EL BOMBON,"0024,0025"
MONTE PLATA,BAYAGUANA,BAYAGUANA,CENTRO EDUCATIVO PROF. REY- NALDO ANTONIO CONTRERAS M.,PARAJE COMATILLO,COMATILLO,10
MONTE PLATA,BAYAGUANA,BAYAGUANA,ESCUELA PRIMARIA FRANCISCO GREGORIO BILLINI,PARAJE MATA SANTIAGO,MATA SANTIAGO,"0009,0052"
MONTE PLATA,BAYAGUANA,BAYAGUANA,CENTRO EDUCATIVO JUANA AMINTA SORIANO,PARAJE SIERRA DE AGUA,SIERRA DE AGUA,"0008,0032"
MONTE PLATA,BAYAGUANA,BAYAGUANA,ESCUELA BASICA GENERAL TIMO- TEO OGANDO ENCARNACION,PARAJE SABANA DE LOS JAVIER,SABANA DE LOS JAVIER,"0011,0031"
MONTE PLATA,BAYAGUANA,BAYAGUANA,CENTRO EDUCATIVO Y TV GENER- AL GASPAR POLANCO,PARAJE SABANA DEL MEDIO,SABANA DEL MEDIO,"0012,0030"
MONTE PLATA,BAYAGUANA,BAYAGUANA,CENTRO EDUCATIVO FRANCISCO ALBERTO CAMAÑO DEÑO,PARAJE EL GUANITO,EL GUANITO,"0016,0017,0018"
MONTE PLATA,BAYAGUANA,BAYAGUANA,ESCUELA BASICA SEBASTIAN RIJO CEDEÑO,PARAJE EL TABLON,EL TABLON,19
MONTE PLATA,BAYAGUANA,BAYAGUANA,ESCUELA BASICA PEDRO HEN- RIQUEZ UREÑA,PARAJE CENTRO DE YUVINA,CENTRO DE YUVINA,"0022,0023"
MONTE PLATA,BAYAGUANA,BAYAGUANA,ESCUELA BASICA MANUEL EMILIO DE LOS SANTOS,C/ EL DESVIO,LOS COCOS,"0043,0045,0053"
MONTE PLATA,BAYAGUANA,BAYAGUANA,ESCUELA BASICA DOMINICA,CIUDAD,TORMENTA DEL DESI- ERTO,"0044,0046,0054,0056"
MONTE PLATA,BAYAGUANA,BAYAGUANA,ESCUELA BASICA GENERAL ANTO- NIO DUVERGE,"PARAJE COPEY, COPEY",COPEY,"0020,0042"
MONTE PLATA,BAYAGUANA,BAYAGUANA,ESCUELA PRIMARIA MANUEL DEL CABRAL,"PARAJE RINCON NARANJO, RINCON NARANJO",RINCON NARANJO,7
MONTE PLATA,BAYAGUANA,BAYAGUANA,CENTRO EDUCATIVO MANUEL DE JESUS GALVAN,PARAJE BATEY COCINERO,BATEY COCINERO,21
MONTE PLATA,BAYAGUANA,BAYAGUANA,LICEO EUGENIO MARIA DE HOS- TOS,CALLE HERMANAS MIRABAL,CENTRO DE LA CIUDAD,57
MONTE PLATA,BAYAGUANA,BAYAGUANA,ESCUELA PRIMARIA URBANA 27 DE FEBRERO,CALLE MARIO EMILIO OLMOS NO.2,CENTRO DE LA CIUDAD,"0029,0029A,0040,0040A"
MONTE PLATA,YAMASA,YAMASA,ESCUELA FRAY PEDRO DE COR- DOVA,GASTON FERNANDO DELIGNE,CENTRO DE LA CIUDAD,"0001,0001A,0002,0003,0004,0070,0071,0072,0104,0113"
MONTE PLATA,YAMASA,YAMASA,LICEO SECUNDARIO SAN MARTIN DE PORRES,CALLE JUAN PABLO DUARTE,CENTRO DE LA CIUDAD,"0050,0076,0098,0105,0119"
MONTE PLATA,YAMASA,YAMASA,SALON PARROQUIAL PADRE MIGUEL HDEZ.,GRAL. EUSEBIO MANZUETA,CENTRO DE LA CIUDAD,"0069,0106"
MONTE PLATA,YAMASA,YAMASA,ESCUELA BASICA FRANCISCA MORENO MUÑOZ,PARAJE ANTONCI,ANTONCI,45
MONTE PLATA,YAMASA,YAMASA,CENTRO EDUCATIVO RAMON EMILIO CABA,PARAJE CUESTA DEL JOBO,CUESTA DEL JOBO,"0048,0049,0102"
MONTE PLATA,YAMASA,YAMASA,ESCUELA BASICA ROSALIO DE LA ROSA,PARAJE EL CAIMITO,EL CAIMITO,"0044,0092"
MONTE PLATA,YAMASA,YAMASA,ESCUELA BASICA EL CAÑO,PARAJE EL CANO,EL CAÑO,46
MONTE PLATA,YAMASA,YAMASA,CENTRO EDUCATIVO ISABEL DE LEON,PARAJE EL CERCADILLO,EL CERCADILLO,"0047,0093,0110,0120"
MONTE PLATA,YAMASA,YAMASA,CENTRO EDUCATIVO MERCEDES MANZUETA MORENO,PARAJE EL MOGOTE,EL MOGOTE,"0043,0091"
MONTE PLATA,YAMASA,YAMASA,ESCUELA BÁSICA LA CEJA,PARAJE LA MAYA,LA MAYA,"0051,0082"
MONTE PLATA,YAMASA,YAMASA,ESCUELA PRIMARIA RURAL,CENTRO DE SAN ANTONIO,CENTRO SAN ANTONIO,"0025,0075,0111"
MONTE PLATA,YAMASA,YAMASA,ESCUELA DEMETRIO DE LOS SANTOS,PARAJE CRUCE DE RIO VERDE,CRUCE DE RIO VERDE,"0035,0036,0037"
MONTE PLATA,YAMASA,YAMASA,ESCUELA FERNANDO ARTURO DE MERIÑO,PARAJE EL LLANO,EL LLANO (ISLETA),26
MONTE PLATA,YAMASA,YAMASA,ESCUELA CRISTINA HELENA CRUZ,PARAJE EL MULO,EL MULO,"0087,0097,0103,0112"
MONTE PLATA,YAMASA,YAMASA,ESCUELA ROQUE DE LEON,PARAJE LA GINA,LA GINA,"0029,0031,0032,0080"
MONTE PLATA,YAMASA,YAMASA,ESCUELA PRIMARIA RURAL,PARAJE LA LAMBEDERA,LA LAMBEDERA,"0039,0121"
MONTE PLATA,YAMASA,YAMASA,ESCUELA OTILIO NUÑEZ DE LA CRUZ,PARAJE LA PARCELA,LA PARCELA,"0038,0079"
MONTE PLATA,YAMASA,YAMASA,ESCUELA FRANCISCO DEL ROSA- RIO SANCHEZ,PARAJE LOS GUINEOS,LOS GUINEOS,"0027,0028"
MONTE PLATA,YAMASA,YAMASA,ESCUELA CRISTINO DE LOS SANTOS,PARAJE LOS MOSQUITOS,LOS MOSQUITOS,34
MONTE PLATA,YAMASA,YAMASA,ESCUELA EDUBERTO DIROCHE,PARAJE PIEDRA AZUL,PIEDRA AZUL,33
MONTE PLATA,YAMASA,YAMASA,POLITECNICO PARROQUIAL SOR SUSANA DALY,CALLE GASTON FERNANDO DELIGNE,CENTRO DE LA CIUDAD,117
MONTE PLATA,YAMASA,YAMASA,ESCUELA GASPAR FLETE TINEO,PARAJE EL SIETE,EL SIETE,30
MONTE PLATA,YAMASA,LOS BOTADOS (DM),CENTRO EDUCATIVO DEMETRIO HERNANDEZ,PARAJE CAMARONES,CAMARON,"0058,0099"
MONTE PLATA,YAMASA,LOS BOTADOS (DM),LICEO GENERAL EUSEBIO MANZU- ETA,PARAJE CRUCE DE LOS BOTADOS,CRUCE DE LOS BOTADOS(LA JAVILLA),"0052,0053,0054,0083,0096,0101,0109,0115"
MONTE PLATA,YAMASA,LOS BOTADOS (DM),ESCUELA BASICA LAUREANO HEREDIA,PARAJE LA COLA,LA COLA,"0055,0084"
MONTE PLATA,YAMASA,LOS BOTADOS (DM),ESCUELA BASICA JUAN DE LOS SANTOS,PARAJE LA PIÑA,LA PIÑA,"0056,0057"
MONTE PLATA,YAMASA,LOS BOTADOS (DM),ESCUELA BASICA EMILIO PRUD HOMME,PARAJE REPARADERO,REPARADERO,"0059,0094,0107,0116"
MONTE PLATA,YAMASA,LOS BOTADOS (DM),ESCUELA BASICA BUENOS AIRES,PARAJE EL 35,EL TREINTA Y CINCO,"0060,0095,0108"
MONTE PLATA,YAMASA,LOS BOTADOS (DM),ESCUELA RAFAEL MARIA DIAZ GAVILAN,PARAJE LOS BOTADOS,LOS BOTADOS,118
MONTE PLATA,YAMASA,MAMÁ TINGO (DM),ESCUELA PRIMARIA RURAL,PARAJE EL RANCHITO,EL RANCHITO,"0064,0085"
MONTE PLATA,YAMASA,MAMÁ TINGO (DM),ESCUELA PRIMARIA RURAL,PARAJE LA CUNETA,LA CUNETA,61
MONTE PLATA,YAMASA,MAMÁ TINGO (DM),ESCUELA PRIMARIA RURAL,PARAJE LOS ANGELITOS,LOS ANGELITOS,"0068,0077"
MONTE PLATA,YAMASA,MAMÁ TINGO (DM),ESCUELA PRIMARIA RURAL,PARAJE MAIMON,MAIMON,"0065,0066"
MONTE PLATA,YAMASA,MAMÁ TINGO (DM),ESCUELA PRIMARIA RURAL,PARAJE RIO ARRIBA,RIO ARRIBA,"0062,0063"
MONTE PLATA,YAMASA,MAMÁ TINGO (DM),ESCUELA PRIMARIA RURAL,PARAJE SABANA GRANDE,SABANA GRANDE,"0067,0086,0100,0114"
MONTE PLATA,YAMASA,MAMÁ TINGO (DM),ESCUELA PRIMARIA RURAL,PARAJE EL PLACER,EL PLACER,40
MONTE PLATA,YAMASA,MAMÁ TINGO (DM),ESCUELA PRIMARIA RURAL,PARAJE JAGUA MOCHA,JAGUA MOCHA,"0041,0081"
MONTE PLATA,MONTE PLATA,MONTE PLATA,ESCUELA PRIMARIA DR. JULIO A. CUELLO,AV. MONSEÑOR A. MERIÑO/ GASTON F. DELIGNE,CENTRO DE LA CIUDAD,"0001,0001A,0004,0007,0090,0111"
MONTE PLATA,MONTE PLATA,MONTE PLATA,ESCUELA PRIMARIA MONSEÑOR MERIÑO,AV. MONSEÑOR A. MERIÑO,CENTRO DE LA CIUDAD,"0005,0005A,0006,0006A,0086,0101,0112"
MONTE PLATA,MONTE PLATA,MONTE PLATA,INST. PROMOCIONAL PADRE ARTURO (IPPA),MIGUEL ANGEL MONCLUS,LAS CEJAS,"0083,0083A,0102,0108"
MONTE PLATA,MONTE PLATA,MONTE PLATA,LICEO SECUNDARIO DR. JULIO A. CUELLO,GASTON DELIGNE/CARR. EL DESVIO M. PESADA,VIETNAN,"0002,0002A,0003,0003A,0098,0104,0110"
MONTE PLATA,MONTE PLATA,MONTE PLATA,ESCUELA PRIMARIA RURAL,PARAJE EL DEAN,EL DEAN,"0061,0062,0095"
MONTE PLATA,MONTE PLATA,MONTE PLATA,ESCUELA PRIMARIA RURAL,PARAJE HATILLO,EL HATILLO,63
MONTE PLATA,MONTE PLATA,MONTE PLATA,ESCUELA PRIMARIA RURAL,PARAJE LA ESTRELLA,LA ESTRELLA,64
MONTE PLATA,MONTE PLATA,MONTE PLATA,ESCUELA PRIMARIA RURAL,PARAJE LOS COQUITOS,LOS COQUITOS,65
MONTE PLATA,MONTE PLATA,MONTE PLATA,ESCUELA PRIMARIA RURAL,PARAJE LA LUISA,LA LUISA,"0071,0072,0073"
MONTE PLATA,MONTE PLATA,MONTE PLATA,ESCUELA PRIMARIA RURAL,PARAJE AGUAS VIVAS,AGUAS VIVAS,"0067,0068"
MONTE PLATA,MONTE PLATA,MONTE PLATA,ESCUELA PRIMARIA RURAL,PARAJE LOS ARROYOS,LOS ARROYOS,69
MONTE PLATA,MONTE PLATA,MONTE PLATA,ESCUELA PRIMARIA RURAL,PARAJE PLAZA CACIQUE,PLAZA CACIQUE,66
MONTE PLATA,MONTE PLATA,MONTE PLATA,ESCUELA PRIMARIA RURAL,PARAJE LA LUISA,LA LUISA PRIETA,"0074,0096"
MONTE PLATA,MONTE PLATA,MONTE PLATA,MULTIUSO DEPORTIVO,AVE. MONSEÑOR MERIÑO,CENTRO DE LA CIUDAD,"0087,0087A,0109"
MONTE PLATA,MONTE PLATA,DON JUAN (DM),ESCUELA PRIMARIA NUEVA,PARAJE DON JUAN,DON JUAN,"0051,0052,0084,0092,0106"
MONTE PLATA,MONTE PLATA,DON JUAN (DM),ESCUELA PRIMARIA RURAL,PARAJE BATEY TRIPLE SAN PEDRO,TRIPLE SAN PEDRO,47
MONTE PLATA,MONTE PLATA,DON JUAN (DM),ESCUELA PRIMARIA RURAL,PARAJE EL BOSQUE,EL BOSQUE,"0050,0085"
MONTE PLATA,MONTE PLATA,DON JUAN (DM),ESCUELA PRIMARIA RURAL,PARAJE FRIAS,FRIAS,"0049,0049B"
MONTE PLATA,MONTE PLATA,DON JUAN (DM),ESCUELA PRIMARIA RURAL,PARAJE SABANA DE PAYABO,SABANA DE PAYABO,48
MONTE PLATA,MONTE PLATA,DON JUAN (DM),ESCUELA PRIMARIA RURAL,PARAJE LA JAGUA,LA JAGUA,"0070,0088"
MONTE PLATA,MONTE PLATA,DON JUAN (DM),JUZGADO DE PAZ (SALON),PARAJE DON JUAN,DON JUAN,"0100,0107"
MONTE PLATA,MONTE PLATA,CHIRINO (DM),ESCUELA PRIMARIA RURAL,P SAN JUAN BUENA VISTA,SAN JUAN DE BUENA VISTA,81
MONTE PLATA,MONTE PLATA,CHIRINO (DM),ESCUELA PRIMARIA RURAL,PARAJE CHIRINO,CHIRINO,"0078,0079,0080,0105"
MONTE PLATA,MONTE PLATA,CHIRINO (DM),ESCUELA PRIMARIA RURAL,PARAJE EL TALADO,EL TALADO (SALADO),"0082,0089"
MONTE PLATA,MONTE PLATA,CHIRINO (DM),ESCUELA PRIMARIA RURAL,PARAJE MATA LIMON,MATA LIMON (PUEBLO NUEVO),"0076,0091"
MONTE PLATA,MONTE PLATA,CHIRINO (DM),ESCUELA PRIMARIA RURAL,PARAJE SAN FRANCISCO,SAN FRANCISCO,"0075,0077"
MONTE PLATA,MONTE PLATA,BOYA-EL CENTRO (DM),ESCUELA PRIMARIA RURAL,PARAJE BOYA,BOYA,"0056,0099"
MONTE PLATA,MONTE PLATA,BOYA-EL CENTRO (DM),ESCUELA PRIMARIA RURAL,PARAJE CARA LINDA,CARA LINDA,60
MONTE PLATA,MONTE PLATA,BOYA-EL CENTRO (DM),ESCUELA PRIMARIA RURAL,PARAJE EL CACIQUE,EL CACIQUE,"0058,0059,0093,0103"
MONTE PLATA,MONTE PLATA,BOYA-EL CENTRO (DM),ESCUELA PRIMARIA RURAL,PARAJE EL MAMEY,EL MAMEY,"0054,0055"
MONTE PLATA,MONTE PLATA,BOYA-EL CENTRO (DM),ESCUELA PRIMARIA RURAL,PARAJE EL RODEO,RODEO,53
MONTE PLATA,MONTE PLATA,BOYA-EL CENTRO (DM),ESCUELA PRIMARIA RURAL,PARAJE LOS NARANJOS,LOS NARANJOS,57
MONTE PLATA,MONTE PLATA,BOYA-EL CENTRO (DM),ESCUELA PRIMARIA RURAL,PARAJE CRUZ MORILLO,CRUZ MORILLO,94
MONTE PLATA,MONTE PLATA,BOYA-EL CENTRO (DM),ESCUELA PRIMARIA RURAL,PARAJE CRUCE DE TOÑE,CRUCE DE TOÑE,97
MONTE PLATA,SABANA GRANDE DE BOYA,SABANA GRANDE DE BOYA,ESCUELA PRIMARIA CAMILA E. UREÑA,PARAJE CABEZA DE TORO,CABEZA DE TORO,28
MONTE PLATA,SABANA GRANDE DE BOYA,SABANA GRANDE DE BOYA,ESCUELA PRIMARIA ALFONZO DE LOS SANTOS,PARAJE MATA SECO,MATA SECA,29
MONTE PLATA,SABANA GRANDE DE BOYA,SABANA GRANDE DE BOYA,ESCUELA PRIMARIA ERCILIA PEPIN,PARAJE BATEY ALTAGRACIA,BATEY ALTAGRACIA,7
MONTE PLATA,SABANA GRANDE DE BOYA,SABANA GRANDE DE BOYA,ESCUELA PRIMARIA EDUARDO BRITO,PARAJE BATEY ASERRADERO,BATEY ASERRADERO,9
MONTE PLATA,SABANA GRANDE DE BOYA,SABANA GRANDE DE BOYA,ESCUELA PRIMARIA JOSEFA PERDOMO,PARAJE BATEY COJOBAL,BATEY COJOBAL,12
MONTE PLATA,SABANA GRANDE DE BOYA,SABANA GRANDE DE BOYA,ESCUELA PRIMARIA PASTORA CASTILLO,PARAJE BATEY ENRIQUILLO,BATEY ENRIQUILLO,"0010,0011"
MONTE PLATA,SABANA GRANDE DE BOYA,SABANA GRANDE DE BOYA,ESCUELA PRIMARIA RURAL,PARAJE BATEY JUAN SANCHEZ,BATEY JUAN SANCHEZ,"0001,0008"
MONTE PLATA,SABANA GRANDE DE BOYA,SABANA GRANDE DE BOYA,ESCUELA PRIMARIA GREGORIO AYBAR CONTRERAS,PARAJE BATEY LOS GUINEOS,BATEY LOS GUINEOS,23
MONTE PLATA,SABANA GRANDE DE BOYA,SABANA GRANDE DE BOYA,ESCUELA PRIMARIA RURAL,PARAJE BATEY LUNA,BATEY LUNA,22
MONTE PLATA,SABANA GRANDE DE BOYA,SABANA GRANDE DE BOYA,ESCUELA PRIMARIA RURAL,PARAJE BATEY RINCON CLARO,BATEY RINCON CLARO,21
MONTE PLATA,SABANA GRANDE DE BOYA,SABANA GRANDE DE BOYA,ESCUELA PRIMARIA ANDRES BELLO,PARAJE HATO SAN PEDRO,BATEY HATO SAN PEDRO,"0025,0026"
MONTE PLATA,SABANA GRANDE DE BOYA,SABANA GRANDE DE BOYA,ESCUELA PRIMARIA JUAN BOSCH,CIUDAD,DEPORTIVO,"0035,0036,0037,0043,0046"
MONTE PLATA,SABANA GRANDE DE BOYA,SABANA GRANDE DE BOYA,LICEO YOLANDA ESTHER RIVERA,CALLE JUAN TORRES S/N,EL CEMENTERIO,"0048,0053,0054,0058"
MONTE PLATA,SABANA GRANDE DE BOYA,SABANA GRANDE DE BOYA,NUEVA ESCUELA ANA VIRGINIA REYNOSO,CALLE TENIENTE AMADO GAR- CIA ESQ. PROYECTO ROBERTO,CENTRO DE LA CIUDAD,"0038,0039,0042,0051,0052,0055,0059"
MONTE PLATA,SABANA GRANDE DE BOYA,SABANA GRANDE DE BOYA,CONSTRUCCION DE SABANA LARGA DE COJOBAL,PARAJE BATEY SABANA LARGA DE COJOBAL,BATEY SABANA LARGA DE COJOBAL,27
MONTE PLATA,SABANA GRANDE DE BOYA,SABANA GRANDE DE BOYA,CENTRO EDUCATIVO CORAZON DE JESUS,CALLE EL SEIBO NO. 24,CENTRO DE LA CIUDAD,"0033,0034,0040,0040A,0041,0045,0050"
MONTE PLATA,SABANA GRANDE DE BOYA,SABANA GRANDE DE BOYA,ESCUELA SEVERINO PEREZ SALAZAR,CALLE CESAR NICOLAS PEN- SON NO. 4,EL CEMENTERIO,"0030,0031,0032,0044,0049"
MONTE PLATA,SABANA GRANDE DE BOYA,GONZALO (DM),ESCUELA PRIMARIA EUGENIO MARIA DE HOSTOS,LOS LIMONES,LOS LIMONES,"0013,0014"
MONTE PLATA,SABANA GRANDE DE BOYA,GONZALO (DM),ESCUELA PRIMARIA RURAL,PARAJE BATEY GONZALO,GONZALO,"0017,0018,0057"
MONTE PLATA,SABANA GRANDE DE BOYA,GONZALO (DM),ESCUELA PRIMARIA PEDRO MIR,PARAJE BATEY SABANA LARGA,BATEY SABANA LARGA,20
MONTE PLATA,SABANA GRANDE DE BOYA,GONZALO (DM),ESCUELA PRIMARIA JOSE DE JESUS RAVELO,PARAJE LA OSUA,LA OSUA,16
MONTE PLATA,SABANA GRANDE DE BOYA,GONZALO (DM),ESCUELA PRIMARIA RURAL,PARAJE LAMBEDERA,LAMBEDERA,15
MONTE PLATA,SABANA GRANDE DE BOYA,GONZALO (DM),CLUB DE GONZALO,DM GONZALO,GONZALO,19
MONTE PLATA,SABANA GRANDE DE BOYA,GONZALO (DM),ESCUELA PUBLICA ANACAHONA,"PARAJE LAS TARANAS, CALLE PRINCIPAL",BATEY LAS TARANAS,56
MONTE PLATA,SABANA GRANDE DE BOYA,MAJAGUAL (DM),ESCUELA PRIMARIA JUAN JOSE PEREZ,PARAJE LOS MAPOLOS,LOS MAPOLOS,"0005,0006"
MONTE PLATA,SABANA GRANDE DE BOYA,MAJAGUAL (DM),ESCUELA ROSA DUARTE,DM MAJAGUAL,MAJAGUAL,"0002,0003,0004,0047"
MONTE PLATA,PERALVILLO,PERALVILLO,ESCUELA PRIMARIA MARTIN FER- RER DE LOS SANTOS,PARAJE LA GUAZUMA,LA GUAZUMA,"0005,0078"
MONTE PLATA,PERALVILLO,PERALVILLO,ESCUELA PRIMARIA BRAULIO PEñA,PARAJE CENTRO DE PENSON,CENTRO PENSON,"0010,0074"
MONTE PLATA,PERALVILLO,PERALVILLO,ESCUELA PRIMARIA JOSE VASQUEZ JIMENEZ,PARAJE COROZO ARRIBA,COROZO ARRIBA,6
MONTE PLATA,PERALVILLO,PERALVILLO,ESCUELA PRIMARIA MARIA TERE- SA MIRABAL,PARAJE LA GUARDIA ARRIBA,LA GUARDIA ARRIBA,7
MONTE PLATA,PERALVILLO,PERALVILLO,ESCUELA PRIMARIA JOSE LEYBA DE LOS SANTOS,PARAJE LA JAGUITA,LA JAGUITA,9
MONTE PLATA,PERALVILLO,PERALVILLO,ESCUELA PRIMARIA MODESTO BELEN,PARAJE EL CALVARIO,EL CALVARIO,42
MONTE PLATA,PERALVILLO,PERALVILLO,ESCUELA PRIMARIA RAMON MARTINEZ,PARAJE ARROYO CUABA,ARROYO CUABA,"0015,0016,0017"
MONTE PLATA,PERALVILLO,PERALVILLO,ESCUELA BASICA BENJAMIN HER- RERA DEL ROSARIO,CIUDAD,NARANJO,"0024,0090"
MONTE PLATA,PERALVILLO,PERALVILLO,ESCUELA BASICA ANDRES DIAZ,CIUDAD,LA PLACETA,"0021,0022,0023,0089,0092"
MONTE PLATA,PERALVILLO,PERALVILLO,ESCUELA PRIMARIA EMILIO BATISTA,PARAJE SERRALLET,SERRALLET,"0018,0019,0020"
MONTE PLATA,PERALVILLO,PERALVILLO,LICEO SECUNDARIO RAUL MATOS,C/ PRINCIPAL CARRET. YAMASA,EL CASERIO,"0011,0012,0013,0088,0093"
MONTE PLATA,PERALVILLO,PERALVILLO,AYUNTAMIENTO MUNICIPAL,"CALLE PRINCIPAL EL MANGUI- TO, CENTRO DE LA CIUDAD",CENTRO DE LA CIUDAD,1
MONTE PLATA,PERALVILLO,PERALVILLO,ESCUELA BASICA JUSTO BREA SOLANO,"PARAJE CUABA ARRIBA, CUA- BA ARRIBA",LA CUABA ARRIBA,14
MONTE PLATA,PERALVILLO,PERALVILLO,LICEO RAMON MOREL,"PARAJE MATEO PICO, MATEO PICO",MATEO PICO,"0008,0073"
MONTE PLATA,PERALVILLO,PERALVILLO,ESCUELA BASICA MELANIA MANZUETA,PARAJE MATA DE PLATANO,MATA DE PLATANO,91
MONTE PLATA,PERALVILLO,PERALVILLO,ESCUELA FLORENCIA DE LA CRUZ,CALLE JUAN PABLO DUARTE,LOS ARROYOS,94
PEDERNALES,PEDERNALES,PEDERNALES,LICEO PASTOR ROBERTO MENDEZ,AVENIDA LIBERTAD,ALCOA,"0004,0005,0006,0006A,0017,0018"
PEDERNALES,PEDERNALES,PEDERNALES,ESCUELA PRIMARIA NO.2,"CALLE L, BARRIO MERCEDES",LAS MERCEDES,"0007,0007A"
PEDERNALES,PEDERNALES,PEDERNALES,ESCUELA PRIMARIA BIENVENIDO MORILLO,BARRIO CAMPO DE AVIACION,CENTRO DE LA CIUDAD,"0013,0013A"
PEDERNALES,PEDERNALES,PEDERNALES,ESCUELA PRIMARIA HERNANDO GORJON,"AVE. DUARTE, BARRIO IVES",IVES,"0001,0002,0003,0014,0019"
PEDERNALES,PEDERNALES,PEDERNALES,ESCUELA PRIMARIA RURAL,PARAJE LAS MERCEDES,LAS MERCEDES,12
PEDERNALES,PEDERNALES,PEDERNALES,ESCUELA PRIMARIA LUIS EMILIO PEREZ MENDEZ,BARRIO LOS CAYUCOS,LOS CAYUCOS,"0020,0023,0024"
PEDERNALES,PEDERNALES,PEDERNALES,CENTRO EDUCATIVO DIVINO NIÑO,BARRIO DOMINGO ORTIZ,LAS FLORES,"0008,0008A,0016,0021"
PEDERNALES,PEDERNALES,JOSE FRANCISCO PEÑA GOMEZ (DM),ESCUELA PRIMARIA RURAL,PARAJE AGUAS NEGRAS,AGUAS NEGRAS,"0011,0015"
PEDERNALES,PEDERNALES,JOSE FRANCISCO PEÑA GOMEZ (DM),ESCUELA PRIMARIA RURAL,P MENCIA FLOR DE ORO,MENCIA (FLOR DE ORO),10
PEDERNALES,OVIEDO,OVIEDO,AYUNTAMIENTO MUNICIPAL,JUAN PABLO DUARTE/EUGENIO MA. DE HOSTOS,CENTRO DE LA CIUDAD,"0001,0002,0008"
PEDERNALES,OVIEDO,OVIEDO,ESCUELA PRIMARIA GASTON FERNANDO DELIGNE,CALLE RAMON MATIAS MELLA,CENTRO DE LA CIUDAD,"0005,0005A,0007,0009"
PEDERNALES,OVIEDO,OVIEDO,ESCUELA PRIMARIA RURAL,PARAJE LOS TRES CHARCOS,LOS TRES CHARCOS,"0006,0011"
PEDERNALES,OVIEDO,JUANCHO (DM),ESCUELA PRIMARIA RURAL,PARAJE COLONIA VILLA ESPER- ANZA,LA COLONIA DE VILLA ESPERANZA,"0004,0004A,0012"
PEDERNALES,OVIEDO,JUANCHO (DM),ESCUELA PRIMARIA RURAL,PARAJE JUANCHO,JUANCHO,"0003,0003A,0010"
PERAVIA,BANI,BANI,ESC.PRIMARIA ANA REYES DE PEREZ,CALLE SANCHEZ #61 BARRIO MEJORAMIENTO SOCIAL,30 DE MAYO,"0027,0028,0152,0153"
PERAVIA,BANI,BANI,ESCUELA PRIMARIA CANADA,CALLE PRESIDENTE BILLINI NO 61,MEJORAMIENTO SOCIAL,"0029,0029A,0030,0102"
PERAVIA,BANI,BANI,LICEO SECUNDARIO FRANCISCO G. BILLINI,CALLE GASTON FERNANDO DELIGNE NO. 60,MEJORAMIENTO SOCIAL,"0032,0033,0033A,0109,0112,0339,0348,0377"
PERAVIA,BANI,BANI,ESCUELA PRIM. ANA AMERICA VDA. BUCARELLY,LAS MERCEDES/CANELA MOTA,VILLA MEJEGA,"0021,0021A,0022,0022A,0126,0349,0397"
PERAVIA,BANI,BANI,CENTRO PAROQUIAL JUAN RO- BERTO SMIT.,CALLE DUARTE NO.82,SANTA CRUZ,"0010,0011,0100,0129,0129A,0370"
PERAVIA,BANI,BANI,COLEGIO NUESTRA SEÑORA DE FATIMA,CALLE FABIO F. HERRERA/EL NUMERO,FABIO F. HERRERA,"0031,0111,0154,0155,0155A,0342,0350,0372,0388,0398"
PERAVIA,BANI,BANI,EDIF. OF. PUBLICAS REP. LOCAL DE TRAB.,CALLE CANELA MOTA #01,CENTRO DE LA CIUDAD,"0012,0128,0365"
PERAVIA,BANI,BANI,"ESC CAP. FEMENINA, LICEO FCO. G. BILLINI",CALLE FERNANDO DELIGNE,MEJORAMIENTO SOCIAL,"0013,0014,0130"
PERAVIA,BANI,BANI,ESCUELA PRIMARIA AQUILES CABRAL BILLINI,CALLE PEDRO VALVERDE Y LARA NO 11,PUEBLO NUEVO,"0007,0007A,0008,0008A,0009,0009A,0009B,0105,0106,0107,0125,0125A,0351"
PERAVIA,BANI,BANI,ESCUELA PRIMARIA MAXIMO GOMEZ,CALLE SANTOME 110,PARTE NORTE DE LA CIUDAD,"0001,0001A,0002,0002A,0003,0003A,0004,0004A,0005,0005A,0006,0006A,0006B,0006C,0124,0384"
PERAVIA,BANI,BANI,ESCUELA PRIMARIA VILLA DAVID,CALLE NUESTRA SEÑORA DEL CARMEN S/N,LOS BARRANCONES,"0121,0122,0123,0123A,0123B,0343,0352,0373,0389,0399"
PERAVIA,BANI,BANI,PALACIO DE JUSTICIA,CALLE PROLONGACION MAXI- MO GOMEZ #106,BRISAS DE GUAZUMA,400
PERAVIA,BANI,BANI,PALACIO DEL AYUNTAMIENTO,CALLE SANCHEZ/MELLA,CENTRO DE LA CIUDAD,"0015,0034,0034A,0035,0101,0156,0157"
PERAVIA,BANI,BANI,SALUD PUBLICA Y ASISTENCIA SOCIAL,CALLE PTE. BILLINI/CANELA MOTA,CENTRO DE LA CIUDAD,"0017,0103,0110,0353"
PERAVIA,BANI,BANI,SECRETARIA DE ESTADO DE EDUCACION,CALLE GASTON FERNANDO DELIGNE S/N,MEJORAMIENTO SOCIAL,16
PERAVIA,BANI,BANI,ESCUELA PRIMARIA FUNDACION DE PERAVIA,PARAJE FUNDACION DE PERAVIA,FUNDACION DE PER- AVIA,"0050,0050A,0051,0051A,0354,0402"
PERAVIA,BANI,BANI,ESCUELA PRIMARIA PERAVIA,PARAJE PERAVIA,PERAVIA,"0063,0063A,0113,0355,0403"
PERAVIA,BANI,BANI,ESCUELA PRIMARIA PROF. AMAN- CIA OBIJO ANDUJAR,PARAJE RIO ARRIBA,RIO ARRIBA,"0046,0047,0047A,0144,0395"
PERAVIA,BANI,BANI,ESCUELA PRIMARIA VITALINA GUERRERO,PARAJE BOCA CANASTA,BOCA CANASTA,"0084,0085,0086,0139,0140,0141,0148,0149,0150"
PERAVIA,BANI,BANI,ESCUELA PRIMARIA CARMEN SOFIA VILLALONA,PARAJE CAÑAFISTOL,CAÑAFISTOL,"0073,0074,0074A,0136,0146,0394"
PERAVIA,BANI,BANI,ESCUELA PRIMARIA ANDRES PEÑA CABRAL,PARAJE EL LLANO,EL LLANO,"0087,0088,0119,0142,0151,0381"
PERAVIA,BANI,BANI,ESCUELA PRIMARIA EL RECODO,PARAJE EL RECODO,EL RECODO,40
PERAVIA,BANI,BANI,ESCUELA PRIMARIA HONDURAS,PARAJE HONDURAS,HONDURAS,"0037,0138"
PERAVIA,BANI,BANI,ESCUELA PRIMARIA LA MONTERIA,PARAJE LA CAOBA,LA CAOBA,44
PERAVIA,BANI,BANI,ESCUELA PRIMARIA YAGUARIZOS,PARAJE YAGUARIZOS,YAGUARIZOS,"0045,0143"
PERAVIA,BANI,BANI,ESCUELA PRIMARIA DR. PEDRO JOSE ALTAGRACIA BLANDIN,PARAJE LAS CALDERAS,LAS CALDERAS,"0081,0082,0082A,0120,0147"
PERAVIA,BANI,BANI,ESCUELA PRIMARIA MILAGROS ALTAGRACIA MELO,PARAJE LAS SALINAS,LAS SALINAS,"0083,0137"
PERAVIA,BANI,BANI,ESCUELA PRIMARIA ARROYO BLANCO,PARAJE ARROYO BLANCO,ARROYO BLANCO,"0041,0042"
PERAVIA,BANI,BANI,ESCUELA PRIMARIA MANUEL EMILIO PEÑA,PARAJE EL FUNDO,EL FUNDO,"0036,0048,0048A,0049,0049A,0104,0104A,0104B,0104C,0363,0376,0385"
PERAVIA,BANI,BANI,CAMARA DEL COMERCIO Y PRO- DUCCION,CALLE CANELA MOTA #01,CENTRO DE LA CIUDAD,"0020,0023,0132"
PERAVIA,BANI,BANI,EDIFICIO DE LA GOBERNACION PROVINCIAL,CALLE SANCHEZ NO 01,MEJORAMIENTO SOCIAL,"0133,0133A,0340,0364"
PERAVIA,BANI,BANI,ESCUELA PRIMARIA SANTA ROSA,CALLE PROLONGACION CANE- LA MOTA,SANTA ROSA,"0347,0368,0387,0392,0408"
PERAVIA,BANI,BANI,ESCUELA PRIMARIA LA SAONA,VILLA GUERA,LA SAONA,"0366,0386,0391,0396"
PERAVIA,BANI,BANI,CENTRO EDUCATIVO EUGENIO MARIA DE HOSTOS,CALLE TERCERA S/N,BRISAS DE GUAZUMA,"0018,0019,0108,0134,0374,0390"
PERAVIA,BANI,BANI,CINE TEATRO VAGANIONA,CALLE ULADISLAO GUERRERO NO. 03,CENTRO DE LA CIUDAD,"0024,0025,0026,0131"
PERAVIA,BANI,VILLA FUNDACION (DM),ESCUELA PRIMARIA CARLOS JULIO TEJEDA ORTIZ,PARAJE VILLA FUNDACION,VILLA FUNDACION,"0079,0079A,0080,0080A,0118,0118A,0358,0405"
PERAVIA,BANI,VILLA FUNDACION (DM),ESCUELA PRIMARIA LAS CARRE- RAS,PARAJE LAS CARRERAS,LAS CARRERAS,"0038,0038A,0039,0039A,0158,0379"
PERAVIA,BANI,SABANA BUEY (DM),ESCUELA PRIMARIA LEDIA MARIA AGRAMONTE,DISTRITO MUNICIPAL,SABANA BUEY,"0077,0077A,0078,0078A"
PERAVIA,BANI,PAYA (DM),ESCUELA PRIMARIA ESCONDIDO,PARAJE ESCONDIDO,ESCONDIDO,"0067,0067A,0115,0360"
PERAVIA,BANI,PAYA (DM),ESCUELA PRIMARIA CARMEN GONZALEZ CASTILLO,PARAJE MATA GORDA,MATA GORDA,"0068,0116,0135,0145,0393"
PERAVIA,BANI,PAYA (DM),ESCUELA PRIMARIA MARIA INOCE- NIA BELEN,CALLE BELEN #16,PAYA,"0069,0069A,0070,0070A,0070B,0071,0071A,0071B,0345,0361,0382,0406"
PERAVIA,BANI,VILLA SOMBRERO (DM),ESCUELA PRIMARIA VILLA SOM- BRERO,DISTRITO MUNICIPAL,Villa Sombrero,"0089,0089A,0090,0090A,0091,0091A,0092,0092A,0163,0362,0383,0407"
PERAVIA,BANI,EL CARRETON (DM),ESCUELA PRIMARIA PROF. BARIAS PEÑA,PARAJE CARRETON,CARRETON,"0064,0064A,0065,0065A,0357,0380,0404"
PERAVIA,BANI,LA CATALINA (DM),ESCUELA NURIDES GONZALEZ PACHANO,PARAJE LA CATALINA,LA CATALINA,"0066,0066A,0114,0367,0401"
PERAVIA,BANI,EL LIMONAL (DM),ESCUELA PRIMARIA ARROYO SALADO,PARAJE ARROYO SALADO,ARROYO SALADO,"0055,0056,0159"
PERAVIA,BANI,EL LIMONAL (DM),ESCUELA PRIMARIA EL LIMONAR,D.M. LIMONAR,EL LIMONAL,"0057,0057A,0058,0058A,0160,0375,0378"
PERAVIA,BANI,EL LIMONAL (DM),ESCUELA PRIMARIA IGUANA,PARAJE LA IGUANA,LA IGUANA,43
PERAVIA,BANI,LAS BARIAS (DM),ESCUELA PRIMARIA LA BARIA,PARAJE LA BARIA,LA BARIA,"0052,0053,0054,0371"
PERAVIA,NIZAO,NIZAO,ESCUELA PRIMARIA E INTER. ALIRO PAULINO,CALLE FRANCISCO DEL ROSA- RIO SANCHEZ,CENTRO DE LA CIUDAD,"0001,0002,0020,0021,0025,0028"
PERAVIA,NIZAO,NIZAO,ESCUELA PRIMARIA RURAL,PARAJE DON GREGORIO,DON GREGORIO,"0009,0010,0017,0017A,0017B"
PERAVIA,NIZAO,NIZAO,LICEO SECUNDARIO ALIRIO PAULINO,"CALLE RESPALDO MAXIMO GO- MEZ ESQ. GASTON F. DELIGNE, CIUDAD",CENTRO DE LA CIUDAD,"0003,0004,0005,0015,0016,0016A"
PERAVIA,NIZAO,NIZAO,LICEO ASELA FUENTE,PARAJE DON GREGORIO,DON GREGORIO,"0008,0023,0027,0030"
PERAVIA,NIZAO,PIZARRETE (DM),ESCUELA PRIMARIA RURAL,PARAJE PIZARRETE,PIZARRETE,"0006,0006A,0007,0013,0019,0024"
PERAVIA,NIZAO,PIZARRETE (DM),ESCUELA DE EDUCACION BASICA DE GUALEY,PARAJE GUALEY,GUALEY (LOS PUELLO),"0022,0029"
PERAVIA,NIZAO,SANTANA (DM),ESCUELA PRIMARIA RURAL,D.M. SANTANA,SANTANA,"0011,0011A,0012,0012A,0014"
PERAVIA,NIZAO,SANTANA (DM),LICEO PROF. DOMINGO GONZA- LEZ,DM. SANTANA,SANTANA,"0018,0018A,0026,0031"
PERAVIA,MATANZAS,MATANZAS,ESCUELA PRIMARIA ANGOSTURA,ANGOSTURA,ANGOSTURA,1
PERAVIA,MATANZAS,MATANZAS,ESCUELA PRIMARIA FE Y ALEGRIA,PARAJE SAN JOSE,SAN JOSE,"0127,0127A,0127B"
PERAVIA,MATANZAS,MATANZAS,ESCUELA BASICA MONSEÑOR ROBERTO JAMES HYMUS,PARAJE LAS TABLAS,LAS TABLAS,"0072,0072A,0161"
PERAVIA,MATANZAS,MATANZAS,ESCUELA PRIMARIA IDALINA GUERRERO,MATANZAS,MATANZAS,"0075,0075A,0076,0076A,0076B,0117"
PERAVIA,MATANZAS,MATANZAS,ESCUELA PRIMARIA JUAN ISMAEL ZAPATA NIVAR,PARAJE QUIJADA QUIETA,QUIJADA QUIETA,"0346,0375"
PERAVIA,MATANZAS,MATANZAS,CASA CLUB 21 DE ENERO,PARAJE ARROYO HONDO,ARROYO HONDO,371
PERAVIA,MATANZAS,MATANZAS,ESCUELA PRIMARIA GALEON,PARAJE GALEON,GALEON,372
PERAVIA,MATANZAS,MATANZAS,ESCUELA PRIMARIA RAMON REYNOSO,PARAJE LOS TUMBAOS,LOS TUMBAOS,373
PERAVIA,MATANZAS,MATANZAS,ESCUELA PRIMARIA PROFESOR RAFAEL CROUSSET,BARRIO ANA LUCILA (BARRIO DE WASHINGTON).,CENTRO DE LA CIUDAD,374
PERAVIA,MATANZAS,MATANZAS,ESCUELA BASICA MATIAS RAMON MELLA,"C/ ASNOLDO PIMENTEL ESQ. C/GREGORIO LUPERON, MATANZAS ARRIBA",NORTE DE MATANZAS,"0117A,0162,0344,0359,0369,0370"
PERAVIA,MATANZAS,MATANZAS,ESCUELA PRIMARIA FÉ Y ALEGRÍA MÓDULO NUM. 2,PARAJE SAN JOSÉ,CENTRO DE LA CIUDAD,"0341,0356"
PUERTO PLATA,PUERTO PLATA,PUERTO PLATA,ESCUELA ACTIVO 20-30,CALLE “C” BARRIO LOS COCOS,LOS COCOS,"0041,0042,0042A,0043,0043A,0043B,0137,0189"
PUERTO PLATA,PUERTO PLATA,PUERTO PLATA,COLEGIO MONJAS LUISA ORTEGA,AVENIDA LUIS GINEBRA,CENTRO DE LA CIUDAD,"0033,0033A,0034,0034A,0177,0217,0219"
PUERTO PLATA,PUERTO PLATA,PUERTO PLATA,COLEGIO SAN FELIPE APOSTOL,ANTERA MOTA/SEPARACION,DISTRITO CENTRAL,"0003,0003A,0006,0007,0007A"
PUERTO PLATA,PUERTO PLATA,PUERTO PLATA,ESCUELA CIANI (CONANI) PUERTO PLATA,CALLE 5 NO. 5,GRAL. GREGORIO LUPERON,"0011,0011A,0011B,0011C,0011D,0152,0190"
PUERTO PLATA,PUERTO PLATA,PUERTO PLATA,ESCUELA PRIMARIA ANDRES BRUGAL,ANDRES BRUGAL M.,LUPERON,"0031,0139"
PUERTO PLATA,PUERTO PLATA,PUERTO PLATA,CENTRO EDUCATIVO GREGORIO LUPERON,CALLE 5 NO. 5,GRAL. GREGORIO LUPERON,"0013,0013A,0014,0014A,0015,0015A,0015B,0017,0017A,0017B,0018,0018A,0153,0191"
PUERTO PLATA,PUERTO PLATA,PUERTO PLATA,CENTRO EDUCATIVO VIRGINIA ELENA ORTEA,AVENIDA PEDRO CLISANTE ESQ. MANOLO TAVAREZ JUSTO,CENTRO DE LA CIUDAD,"0024,0024A,0024B,0025,0025A,0026,0026A,0027,0027A,0126,0126A,0126B,0129,0129A,0154,0163,0178,0192,0202,0209"
PUERTO PLATA,PUERTO PLATA,PUERTO PLATA,ESTACION DEL FERROCARRIL,AVENIDA PRESIDENTE CAAMAÑO NO. 5,DISTRITO CENTRAL,"0009,0016,0016A,0164"
PUERTO PLATA,PUERTO PLATA,PUERTO PLATA,GREMIO DE PORTUARIOS,CALLE SALOME UREÑA ESQ. SAN FELIPE,DISTRITO CENTRAL,"0008,0008A"
PUERTO PLATA,PUERTO PLATA,PUERTO PLATA,CENTRO EDUCATIVO JOSE DUBEAU,PEDRO CLISANTE/J. E. KUND- HART,CENTRO DE LA CIUDAD,"0019,0019A,0020,0020A,0021,0021A,0022,0022A,0023,0023A,0028,0028A,0128"
PUERTO PLATA,PUERTO PLATA,PUERTO PLATA,PONTIFICIA UNIVERSIDAD CATOLI- CA MADRE Y MAESTRA (PUCMM),CALLE SEPARACION NO. 2,DISTRITO CENTRAL,"0001,0002,0002A,0004,0004A,0005"
PUERTO PLATA,PUERTO PLATA,PUERTO PLATA,CENTRO EDUCATIVO ISABEL MEYRELES,PARAJE EL CUPEY,EL CUPEY,"0091,0092,0194"
PUERTO PLATA,PUERTO PLATA,PUERTO PLATA,ESCUELA PRIMARIA EL GALLO,PARAJE EL GALLO,EL GALLO,93
PUERTO PLATA,PUERTO PLATA,PUERTO PLATA,ESCUELA BASICA EL NARANJAL,PARAJE EL NARANJAL,EL NARANJAL,94
PUERTO PLATA,PUERTO PLATA,PUERTO PLATA,ESCUELA BASICA RANCHO AM- BROSIO ABAJO,PARAJE RANCHO AMBROSIO,RANCHO AMBROSIO,"0095,0096"
PUERTO PLATA,PUERTO PLATA,PUERTO PLATA,ESCUELA BASICA JUANA CARA- BALLO,"PARAJE LOS DOMINGUEZ, CALLE PRINCIPAL",LOS DOMINGUEZ,"0062,0062A,0062B,0062C,0135"
PUERTO PLATA,PUERTO PLATA,PUERTO PLATA,ESCUELA PRIMARIA RURAL SA- BANA DEL COROZO,PARAJE SABANA DEL COROZO,SABANA DEL COROZO,61
PUERTO PLATA,PUERTO PLATA,PUERTO PLATA,CENTRO EDUCATIVO SAN MAR- COS ABAJO,PARAJE SAN MARCOS ABAJO/ CARRETERA TURISTICA EL CUPEY,SAN MARCOS ABAJO,"0059,0059A,0059B,0136,0143,0161,0176"
PUERTO PLATA,PUERTO PLATA,PUERTO PLATA,ESCUELA BASICA SAN MARCOS ARRIBA,PARAJE SAN MARCOS ARRIBA,SAN MARCOS ARRIBA,"0060,0151"
PUERTO PLATA,PUERTO PLATA,PUERTO PLATA,ESCUELA BASICA SABANA GRANDE,PARAJE CANTABRIA,CANTABRIA,"0070,0071,0206"
PUERTO PLATA,PUERTO PLATA,PUERTO PLATA,ESCUELA BASICA MARIA MER- CEDES MEYRELES,PARAJE MUÑOZ,MUÑOZ,"0069,0134,0166,0220"
PUERTO PLATA,PUERTO PLATA,PUERTO PLATA,ESCUELA INICIAL Y BASICA CAMU,"PARAJE CAMU, CARRETERA TURISTICA LUPERON KM 14",CAMU O SABANA DE LOS MUERTOS,"0103,0103A"
PUERTO PLATA,PUERTO PLATA,PUERTO PLATA,ESCUELA PRIMARIA RURAL AR- ROYO ANCHO,PARAJE ARROYO ANCHO,ARROYO ANCHO,104
PUERTO PLATA,PUERTO PLATA,PUERTO PLATA,ESCUELA PRIMARIA RURAL JUAN DE NINA,PARAJE JUAN DE NINA,JUAN DE NINA MUÑOZ,102
PUERTO PLATA,PUERTO PLATA,PUERTO PLATA,ESCUELA PRIMARIA RURAL LOS COQUITOS,PARAJE PALO BLANCO,PALO BLANCO,"0106,0107"
PUERTO PLATA,PUERTO PLATA,PUERTO PLATA,ESCUELA PRIMARIA TUBAGUA,"PARAJE TUBAGUA, CARRET- ERA TURISTICA LUPERON KM. 20",TUBAGUA O EL VEINTE,105
PUERTO PLATA,PUERTO PLATA,PUERTO PLATA,UNIVERSIDAD DOMINICANA O Y M,AVENIDA ANTONIO IMBERT BARRERA NO. 57-A,CENTRO DE LA CIUDAD,"0046,0046A,0046B,0047,0047A,0048,0048A,0048B,0049,0049A"
PUERTO PLATA,PUERTO PLATA,PUERTO PLATA,CENTRO EDUCATIVO MARIA CON- CEPCION GOMEZ MATOS,AVENIDA PEDRO CLISANTE ESQ. CALLE 8,LOS MAMEYES,"0063,0063A,0063B,0063C,0063D,0063E,0063F,0063G,0063H,0063I,0063J,0141,0168,0184,0198"
PUERTO PLATA,PUERTO PLATA,PUERTO PLATA,ESCUELA JOSE FRANCISCO PEÑA GOMEZ,CALLE PROF. BIENVENIDO CESPEDES MURRAY,CENTRO DE LA CIUDAD,"0050,0050A,0050B,0148,0174,0199,0207"
PUERTO PLATA,PUERTO PLATA,PUERTO PLATA,POLIDEPORTIVO GRAL. GREGO- RIO LUPERON,AVE. LUIS GINEBRA,LUPERON,"0030,0030A,0032,0169"
PUERTO PLATA,PUERTO PLATA,PUERTO PLATA,UASD- CENTRO PUERTO PLATA,"CARRETERA PUERTO PLA- TA-IMBERT, EL JAVILLAR",CIUDAD UNIVERSITARIA,"0055,0055A,0150,0170,0188,0205"
PUERTO PLATA,PUERTO PLATA,PUERTO PLATA,ESCUELA LA VIGIA,PARAJE LA VIGIA,SABANA DE LA VIGIA,157
PUERTO PLATA,PUERTO PLATA,PUERTO PLATA,ESCUELA JUANA HURTADO,PARAJE LOMA DE LAS BESTIAS,LOMA DE LA BESTIAS,158
PUERTO PLATA,PUERTO PLATA,PUERTO PLATA,CLUB DEPORTIVO Y CULTURAL BATEY 3,CALLE JUAN RAMON LOPEZ,CENTRO DE LA CIUDAD,"0029,0029A"
PUERTO PLATA,PUERTO PLATA,PUERTO PLATA,ESCUELA ANGEL SIXTO BONILLA,CALLE PENETRACION AL MUELLE,CENTRO DE LA CIUDAD,"0010,0010A,0010B,0010C,0010D,0010E,0012,0012A,0012B"
PUERTO PLATA,PUERTO PLATA,PUERTO PLATA,ESCUELA SAN ANTONIO MARIA CLARET,"CALLE 6 , ESQUINA PENETRA- CION AL MUELLE",DUBEAU,212
PUERTO PLATA,PUERTO PLATA,PUERTO PLATA,LICEO PROFESOR JAVIER MARTI- NEZ ARIAS,CALLE PENETRACION AL MUELLE,ANTIGUA CHOCOLAT- ERA,"0156,0173,0185,0196,0213"
PUERTO PLATA,PUERTO PLATA,PUERTO PLATA,ESCUELA EDUARDO BRITO,AVENIDA MANOLO TAVAREZ JUSTO,CENTRO DE LA CIUDAD,"0147,0167,0187,0197,0214"
PUERTO PLATA,PUERTO PLATA,PUERTO PLATA,ESCUELA LOS RIELES II,CALLE PRINCIPAL,SAN MARCOS ABAJO,"0186,0200,0204,0211,0215,0221"
PUERTO PLATA,PUERTO PLATA,PUERTO PLATA,COLEGIO DIVINO NIÐO,"CALLE 2, NO. 24",PADRES LAS CASAS,216
PUERTO PLATA,PUERTO PLATA,PUERTO PLATA,COLEGIO MUNDO FELIZ,CALLE PRIMAVERA N0. 2,URBANIZACION CO- DETEL,"0140,0155,0165,0179,0222"
PUERTO PLATA,PUERTO PLATA,PUERTO PLATA,ESCUELA EDUCACION ESPECIAL,CALLE PROF. BIENVENIDO CESPEDES MURRAY,CENTRO DE LA CIUDAD,"0127,0127A,0127B,0130,0130A,0138,0162,0183,0201,0218"
PUERTO PLATA,PUERTO PLATA,PUERTO PLATA,ESCUELA PADRE GRANERO,CALLE PRIMAVERA N0. 3,URBANIZACION CO- DETEL,"0193,0203,0210"
PUERTO PLATA,PUERTO PLATA,PUERTO PLATA,CENTRO EDUCATIVO PROFESOR ABRAHAM SMITH,PARAJE LOS DOMÍNGUEZ,LOS DOMINGUEZ,"0149,0171,0195,0208"
PUERTO PLATA,PUERTO PLATA,PUERTO PLATA,INFOTEP,"CALLE PRIVADA, ANTIGUO HOTEL MONTEMAR",LONG BEACH,"0132,0132A,0132B,0132C,0133,0133A,0133B,0133C"
PUERTO PLATA,PUERTO PLATA,PUERTO PLATA,INSTITUTO TECNICO VOCACIONAL (ITEVO),URBANIZACION JUAN BOSCH,MIRAMAR,"0044,0044A,0045,0045A"
PUERTO PLATA,PUERTO PLATA,YASICA ARRIBA (DM),CENTRO EDUCATIVO BENITO MARTINEZ,PARAJE BENITO MARTINEZ-EL LLANO,BENITO MARTINEZ O EL LLANO,124
PUERTO PLATA,PUERTO PLATA,YASICA ARRIBA (DM),CENTRO EDUCATIVO MARIA DO- LORES TEJADA ABREU,PARAJE GURABITO DE YAROA,GURABITO DE YAROA,"0122,0123,0125"
PUERTO PLATA,PUERTO PLATA,YASICA ARRIBA (DM),ESCUELA BASICA LA PIRAGUA,PARAJE LA PIRAGUA,LA PIRAGUA,119
PUERTO PLATA,PUERTO PLATA,YASICA ARRIBA (DM),ESCUELA LAJAS DE YAROA,"PARAJE LAJAS DE YAROA, CAR- RETERA TURISTICA LUPERON",LAJAS DE YAROA,"0120,0121"
PUERTO PLATA,PUERTO PLATA,YASICA ARRIBA (DM),ESCUELA PRIMARIA RURAL CRE- CENCIO CASTAÑO,PARAJE YASICA ABAJO,YASICA ABAJO,"0116,0117,0118"
PUERTO PLATA,PUERTO PLATA,YASICA ARRIBA (DM),CENTRO EDUCATIVO YAROA ABAJO,PARAJE YAROA ABAJO,YASICA ABAJO,159
PUERTO PLATA,PUERTO PLATA,YASICA ARRIBA (DM),CENTRO EDUCATIVO INICIAL Y BASICO YAROA,SONADOR DE YAROA,SONADOR DE YAROA (DM YASICA ARRIBA),181
PUERTO PLATA,PUERTO PLATA,YASICA ARRIBA (DM),LICEO ROSA ADALKA RODRÍGUEZ,PARAJE YÁSICA ARRIBA,YASICA ARRIBA,"0113,0114,0114A,0115,0180"
PUERTO PLATA,PUERTO PLATA,MAIMON (DM),ESCUELA PRIMARIA EL BURRO,PARAJE EL BURRO,EL BURRO,54
PUERTO PLATA,PUERTO PLATA,MAIMON (DM),ESCUELA BASICA EL TORO,PARAJE EL TORO,EL TORO,53
PUERTO PLATA,PUERTO PLATA,MAIMON (DM),CENTRO EDUCATIVO LAS AVISPAS,PARAJE LAS AVISPAS,LAS AVISPAS,"0058,0160"
PUERTO PLATA,PUERTO PLATA,MAIMON (DM),CENTRO EDUCATIVO CRUCE DE GUZMAN,CRUCE DE GUZMAN-LOS CALA- BACITOS,CALABACITOS,"0051,0052,0057M"
PUERTO PLATA,PUERTO PLATA,MAIMON (DM),CLUB DEPORTIVO Y CULTURAL JUVENTUD CRISTIANA,PARAJE LOS CAÑOS,LOS CAÑOS,175
PUERTO PLATA,PUERTO PLATA,MAIMON (DM),ESCUELA BASICA CONCEPCION GARCIA,DON GREGORIO,DON GREGORIO,182
PUERTO PLATA,PUERTO PLATA,MAIMON (DM),LICEO RAMIRO CORONADO VENTURA,PARAJE MAIMON,MAIMON,"0056,0056A,0057,0131,0142,0172"
PUERTO PLATA,IMBERT,IMBERT,ESCUELA PRIMARIA JUAN N. RAVELO,CALLE HERMANAS MIRABAL,NORTE DE LA CIUDAD,"0004,0005,0006,0032,0038,0045"
PUERTO PLATA,IMBERT,IMBERT,LICEO SECUNDARIO PROF. ISRAEL BRITO BRUNO,CALLE LUIS LOPEZ,NORTE DE LA CIUDAD,"0001,0002,0003,0025,0026,0027,0039,0044"
PUERTO PLATA,IMBERT,IMBERT,CENTRO EDUCATIVO BASICA DE CABIA,PARAJE EL MANGO,CABIA,"0019,0028"
PUERTO PLATA,IMBERT,IMBERT,ESCUELA PRIMARIA RURAL,PARAJE LA CABIRMA,LA CABIRMA,18
PUERTO PLATA,IMBERT,IMBERT,ESCUELA PRIMARIA RURAL,PARAJE LA PIRAGUA ABAJO,PIRAGUA ABAJO,16
PUERTO PLATA,IMBERT,IMBERT,ESCUELA DE EDUCACION BASICA LOS LLABONES,PARAJE LOS LLABONES,LOS LLABONES,33
PUERTO PLATA,IMBERT,IMBERT,CENTRO EDUCATIVO FELIX MARIA PERALTA,PARAJE RANCHITO SECCION CAONAO,EL RANCHO DE LOS PERALTA,13
PUERTO PLATA,IMBERT,IMBERT,CENTRO EDUCATIVO EUGENIO FRANCISCO,PARAJE CAONAO SECCION CAONAO,CAONAO,14
PUERTO PLATA,IMBERT,IMBERT,ESCUELA PRIMARIA RURAL GON- ZALO DISLA,PARAJE PALMARITO,LOS PALMARITOS,15
PUERTO PLATA,IMBERT,IMBERT,ESCUELA BASICA ANGOSTURA,PARAJE ANGOSTURA,ANGOSTURA,10
PUERTO PLATA,IMBERT,IMBERT,ESCUELA BASICA DELIA GOMEZ,PARAJE ESCALERETA,ESCALERETA,"0007,0007A"
PUERTO PLATA,IMBERT,IMBERT,ESCUELA PRIMARIA RURAL ROSE- LIA HERNANDEZ,PARAJE LAS CANAS,LAS CANAS,8
PUERTO PLATA,IMBERT,IMBERT,ESCUELA PRIMARIA RURAL,PARAJE BARRABAS,BARRABAS,"0020,0031"
PUERTO PLATA,IMBERT,IMBERT,CENTRO EDUCATIVO FELIX HEN- RIQUEZ,PARAJE GUANABANO,GUANABANO,"0024,0034"
PUERTO PLATA,IMBERT,IMBERT,ESCUELA PRIMARIA RURAL,PARAJE INGENIO AMISTAD,INGENIO AMISTAD,"0022,0030,0040"
PUERTO PLATA,IMBERT,IMBERT,CENTRO DE EDUCACION BASICA SABALLO,PARAJE SABALLO,SABALLO,"0012,0017,0036"
PUERTO PLATA,IMBERT,IMBERT,ESCUELA PRIMARIA RURAL,PARAJE VUELTA LARGA,VUELTA LARGA,"0011,0035"
PUERTO PLATA,IMBERT,IMBERT,ESCUELA PRIMARIA RURAL PARA- JE LOS LLANOS,PARAJE LOS LLANOS DE PEREZ,LLANOS DE PEREZ,"0021,0029,0041,0046"
PUERTO PLATA,IMBERT,IMBERT,ESCUELA PRIMARIA RURAL,"PARAJE BOCA DE CABIA, BOCA DE CABIA",LA BOCA DE CABIA,9
PUERTO PLATA,IMBERT,IMBERT,ESCUELA BASICA SANTIAGO PERALTA,PAARAJE EL PUERTO DE BARRABAS,EL PUERTO,42
PUERTO PLATA,IMBERT,IMBERT,ESCUELA SALOME UREÑA,PARAJE LA GRUA,LA GRUA,43
PUERTO PLATA,IMBERT,IMBERT,CENTRO EDUCATIVO LA COLO- RADA,"PARAJE LA COLORADA, AUTO- PISTA PUERTO PLATA-IMBERT",LA COLORADA,0037M
PUERTO PLATA,IMBERT,IMBERT,ESCUELA BARRERO HOYO DE PEREZ,PARAJE HOYO DE PEREZ,HOYO DE PEREZ,23
PUERTO PLATA,IMBERT,IMBERT,ESCUELA JUAN PABLO DUARTE (LA ESCUELITA DEL CLUB),CALLE PROYECTO NO. 5,NORTE DE LA CIUDAD,47
PUERTO PLATA,ALTAMIRA,ALTAMIRA,LICEO SECUNDARIO RUBEN DARIO,LOS ARROYOS,LOS ARROYOS,"0004,0056,0061"
PUERTO PLATA,ALTAMIRA,ALTAMIRA,AYUNTAMIENTO MUNICIPAL,CALLE 30 DE MAYO ESQ. DUARTE,CENTRO DE LA CIUDAD,"0001,0053"
PUERTO PLATA,ALTAMIRA,ALTAMIRA,CENTRO EDUCATIVO ENRIQUE CHAMBERLAIN,CALLE JAVIER MARTINEZ ESQ. LA UNION,CENTRO DE LA CIUDAD,"0002,0002A"
PUERTO PLATA,ALTAMIRA,ALTAMIRA,ESCUELA MARIA CONCEPCION CABRERA RODRIGUEZ,CALLE LUIS DE VERAS,EL JAMO,"0003,0055,0066"
PUERTO PLATA,ALTAMIRA,ALTAMIRA,CENTRO EDUCATIVO NICOLAS MELENDEZ,"PARAJE COPEY, SECCION EL MAMEY",EL COPEY,"0046,0062"
PUERTO PLATA,ALTAMIRA,ALTAMIRA,ESCUELA PRIMARIA EL MAMEY,PARAJE EL MAMEY,EL MAMEY,45
PUERTO PLATA,ALTAMIRA,ALTAMIRA,ESCUELA PRIMARIA ARROYO BLANCO,PARAJE ARROYO BLANCO,ARROYO BLANCO,27
PUERTO PLATA,ALTAMIRA,ALTAMIRA,ESCUELA PRIMARIA LA CHINA,PARAJE LA CHINA,LA CHINA,28
PUERTO PLATA,ALTAMIRA,ALTAMIRA,CENTRO EDUCATIVO ALBERTINO CABRERA ARIAS,PARAJE QUITA SUEÑO,QUITA SUEÑO,26
PUERTO PLATA,ALTAMIRA,ALTAMIRA,ESCUELA PRIMARIA ESCALERA ABAJO,PARAJE ESCALERA ABAJO,ESCALERA ABAJO,48
PUERTO PLATA,ALTAMIRA,ALTAMIRA,ESCUELA PRIMARIA ESCALERA ARRIBA,PARAJE ESCALERA ARRIBA,ESCALERA ARRIBA,"0049,0050"
PUERTO PLATA,ALTAMIRA,ALTAMIRA,ESCUELA MULTIGRADO INNOVADA ROBERTO UREÑA COLLADO,PARAJE LA CRUZ DE MANACLA,CRUZ DE LA MANACLA,52
PUERTO PLATA,ALTAMIRA,ALTAMIRA,CENTRO EDUCATIVO LUIS EN- RIQUE VERAS,PARAJE EL COROZO,EL COROZO,51
PUERTO PLATA,ALTAMIRA,ALTAMIRA,ESCUELA PRIMARIA LA JAGUA,PARAJE LA JAGUA,LA JAGUA,43
PUERTO PLATA,ALTAMIRA,ALTAMIRA,CENTRO EDUCATIVO MANUEL DE JESUS GALLARDO,PARAJE LA LOMOTA SECCION LOS LLANOS,LA LOMOTA,44
PUERTO PLATA,ALTAMIRA,ALTAMIRA,CENTRO EDUCATIVO RAMON DISLA MERCADO,PARAJE LOS LLANOS,LOS LLANOS,"0042,0068"
PUERTO PLATA,ALTAMIRA,ALTAMIRA,ESCUELA BASICA INICIAL DANIEL VARGAS PARRA,PARAJE BAJABONICO ARRIBA SECCION PALMAR GRANDE,BAJABONICO ARRIBA,"0012,0013,0014"
PUERTO PLATA,ALTAMIRA,ALTAMIRA,ESCUELA PRIMARIA HERVIDOR,PARAJE HERVIDOR,HERVIDOR,"0010,0017"
PUERTO PLATA,ALTAMIRA,ALTAMIRA,ESCUELA PRIMARIA PALMAR GRANDE,PARAJE PALMAR GRANDE,PALMAR GRANDE,"0015,0016"
PUERTO PLATA,ALTAMIRA,ALTAMIRA,CENTRO EDUCATIVO LOS CATALI- NO,PARAJE LOS CATALINO,LOS CATALINO,30
PUERTO PLATA,ALTAMIRA,ALTAMIRA,CENTRO EDUCATIVO JOSE RA- MON VASQUEZ MERCADO,PARAJE DESCUBIERTA,LA DESCUBIERTA,29
PUERTO PLATA,ALTAMIRA,ALTAMIRA,ESCUELA PRIMARIA LAS LAJAS,PARAJE LAS LAJAS,LAS LAJAS,"0025,0063"
PUERTO PLATA,ALTAMIRA,ALTAMIRA,CENTRO EDUCATIVO RAFAELA SANTOS,PARAJE QUEBRADA HONDA,QUEBRADA HONDA,"0023,0024,0067"
PUERTO PLATA,ALTAMIRA,ALTAMIRA,ESCUELA MULTIGRADO INNOVADA CARMEN CABRERA,PARAJE RANCHO NUEVO,RANCHO NUEVO,47
PUERTO PLATA,ALTAMIRA,ALTAMIRA,CENTRO EDUCATIVO RAMON ANTONIO MORFE,PARAJE LOS BONILLAS,LOS BONILLAS,11
PUERTO PLATA,ALTAMIRA,ALTAMIRA,LOCAL COMUNAL DE LA CUMBRE,PARAJE LA CUMBRE,LA CUMBRE,59
PUERTO PLATA,ALTAMIRA,RIO GRANDE (DM),ESCUELA MULTIGRADO PROF. ESTENISLAO CABRERA,"PARAJE EL ALMACEN, PESCA- DO BOBO",EL ALMACEN,"0033,0034,0035,0036,0058"
PUERTO PLATA,ALTAMIRA,RIO GRANDE (DM),ESCUELA PRIMARIA BAJABONIQ- UITO,PARAJE BAJABONIQUITO,BAJABONIQUITO,32
PUERTO PLATA,ALTAMIRA,RIO GRANDE (DM),ESCUELA PRIMARIA EL MANGUITO,PARAJE EL MANGUITO,EL MANGUITO,60
PUERTO PLATA,ALTAMIRA,RIO GRANDE (DM),ESCUELA PRIMARIA PESCADO BOBO ARRIBA,PARAJE CRUCE DE PESCADO BOBO,PESCADO BOBO ARRIBA,31
PUERTO PLATA,ALTAMIRA,RIO GRANDE (DM),CENTRO EDUCATIVO GREGORIO TORIBIO,PARAJE ARROYO DEL CLAVO,ARROYO DEL CLAVO,57
PUERTO PLATA,ALTAMIRA,RIO GRANDE (DM),ESCUELA MULTIGRADO INNOVADA SIXTO PEÑA FRANCISCO,PARAJE LOS MANGOS,LOS MANGOS,41
PUERTO PLATA,ALTAMIRA,RIO GRANDE (DM),CENTRO EDUCATIVO ERNESTO CABRERA DURAN,PARAJE RIO GRANDE AL MEDIO,RIO GRANDE AL MEDIO,"0038,0039"
PUERTO PLATA,ALTAMIRA,RIO GRANDE (DM),CENTRO EDUCATIVO MARCOS ANTONIO MARTINEZ,PARAJE RIO GRANDE ARRIBA,RIO GRANDE ARRIBA,"0040,0064"
PUERTO PLATA,ALTAMIRA,RIO GRANDE (DM),ESCUELA PRIMARIA RIO GRANDE ABAJO,PARAJE RIO GRANDE ABAJO,RIO GRANDE ABAJO,"0037,0065"
PUERTO PLATA,LUPERON,LUPERON,ESCUELA PRIMARIA PEDRO A. PINA,SALOME UREÑA,CENTRO DE LA CIUDAD,"0001,0003,0058,0058A"
PUERTO PLATA,LUPERON,LUPERON,ESCUELA PRIMARIA ALTAGRACIA TAMARY,PARAJE CARMONI,CARMONI,"0008,0060"
PUERTO PLATA,LUPERON,LUPERON,ESCUELA BASICA SALOMON VASQUEZ,PARAJE BARRANCON,BARRANCON,"0007,0059"
PUERTO PLATA,LUPERON,LUPERON,ESCUELA PRIMARIA RURAL,PARAJE QUEBRADA HONDA,QUEBRADA HONDA,32
PUERTO PLATA,LUPERON,LUPERON,ESCUELA PRIMARIA Y LICEO SE- CUNDARIO JULIO NOR COLON,PARAJE EL HIGO,EL HIGO,28
PUERTO PLATA,LUPERON,LUPERON,ESCUELA PRIMARIA MARTINA VARGAS,PARAJE LOS TAVAREZ,LOS TAVARES,"0030,0031"
PUERTO PLATA,LUPERON,LUPERON,ESCUELA PRIMARIA RURAL EL CANAL,PARAJE EL CANAL,EL CANAL,9
PUERTO PLATA,LUPERON,LUPERON,ESCUELA DE EDUCACION BASICA ANGELA GONZALEZ NUGERT,PARAJE LA SABANA,LA SABANA,"0010,0061,0076"
PUERTO PLATA,LUPERON,LUPERON,LICEO SECUNDARIO GREGORIO LUPERON,"AVE. JUAN PABLO DUARTE, CIUDAD",CENTRO DE LA CIUDAD,"0002,0006,0069,0070"
PUERTO PLATA,LUPERON,LUPERON,ESCUELA PRIMARIA NOVILLERO,PARAJE NOVILLERO,NOVILLERO,79
PUERTO PLATA,LUPERON,LUPERON,LICEO SECUNDARIO EULOGIO ROSARIO,PARAJE CAMBIASO,CAMBIASO,0056M
PUERTO PLATA,LUPERON,LA ISABELA (DM),ESCUELA DE EDUCACION PROFE- SOR LEONCIO POLANCO,PARAJE CANDELON,CANDELON,5
PUERTO PLATA,LUPERON,LA ISABELA (DM),ESCUELA PRIMARIA RURAL LAS MARAS,PARAJE LAS MARAS,LAS MARAS,4
PUERTO PLATA,LUPERON,LA ISABELA (DM),ESCUELA BASICA NATIVIDAD DEBORA,PARAJE EL CASTILLO,EL CASTILLO,"0066,0077"
PUERTO PLATA,LUPERON,BELLOSO (DM),ESCUELA BASICA FRANCISCO E. ORTEGA,PARAJE BELLOSO,BELLOSO,"0026,0072"
PUERTO PLATA,LUPERON,BELLOSO (DM),ESCUELA BASICA LOS ARQUIES,PARAJE LOS ARQUIES,LOS ARQUIES,71
PUERTO PLATA,LUPERON,BELLOSO (DM),ESCUELA PRIMARIA CERROS DE NAVAS,PARAJE CERRO DE NAVAS,CERRO DE NAVAS,"0027,0065"
PUERTO PLATA,LUPERON,BELLOSO (DM),CENTRO EDUCATIVO PROYECTO AMA,PARAJE PROYECTO AMA,PARAJE PROYECTO AMA,74
PUERTO PLATA,LUPERON,BELLOSO (DM),ESCUELA PRIMARIA MARCELINA ARAGONÉS,PARAJE LOS CONUCOS,LOS CONUCOS,78
PUERTO PLATA,LUPERON,ESTRECHO DE LUPERON OMAR BROSS (DM),ESCUELA PRIMARIA VICTORIANA POLANCO,PARAJE MARTIN ALONZO,MARTIN ALONZO,"0011,0012"
PUERTO PLATA,LUPERON,ESTRECHO DE LUPERON OMAR BROSS (DM),ESCUELA PRIMARIA RURAL,PARAJE EL ESTRECHO ABAJO,EL ESTRECHO ABAJO,67
PUERTO PLATA,LUPERON,ESTRECHO DE LUPERON OMAR BROSS (DM),ESCUELA DE EDUCACION BASICA SIXTO CRUZ HENRIQUEZ,PARAJE EL ESTRECHO,EL ESTRECHO,"0013,0014,0073"
PUERTO PLATA,LUPERON,ESTRECHO DE LUPERON OMAR BROSS (DM),ESCUELA PRIMARIA RURAL,PARAJE ARROYO AMARGO,ARROYO AMARGO,68
PUERTO PLATA,SOSUA,SOSUA,CENTRO EDUCATIVO LA GINA,BARRIO SAN ANTONIO,SAN ANTONIO,"0007,0008,0008A,0009,0010,0010A,0011,0011A,0022,0022A,0026,0026A,0027,0027A"
PUERTO PLATA,SOSUA,SOSUA,CENTRO EDUCATIVO GREGORIO LUPERON,"CALLE DAVID STERN, EL BATEY",EL BATEY,"0006,0006A,0006B,0006C,0045,0060,0064,0071"
PUERTO PLATA,SOSUA,SOSUA,CENTRO EDUCATIVO LOMA BLANCA,PARAJE LOMA BLANCA,LOMA BLANCA,4
PUERTO PLATA,SOSUA,SOSUA,CENTRO EDUCATIVO JULIO ALZENO,PARAJE SOSUA ABAJO,SOSUA ABAJO,"0002,0003,0003A,0046"
PUERTO PLATA,SOSUA,SOSUA,CENTRO EDUCATIVO LA MON- TEADA,PARAJE LAS MONTEADAS,LAS MONTEADAS,"0017,0019"
PUERTO PLATA,SOSUA,SOSUA,CENTRO EDUCATIVO JAGUA MOCHA,PARAJE JAGUA MOCHA,JAGUA MOCHA,"0018,0021"
PUERTO PLATA,SOSUA,SOSUA,CENTRO EDUCATIVO LOMA BAJITA,PARAJE LOMA BAJITA,LOMA BAJITA,"0030,0030A,0053,0065"
PUERTO PLATA,SOSUA,SOSUA,CENTRO EDUCATIVO SABANETA DE CANGREJOS,PARAJE SABANETA DE CAN- GREJOS,SABANETA DE CAN- GREJOS,"0001,0028,0028A,0048,0066"
PUERTO PLATA,SOSUA,SOSUA,CENTRO EDUCATIVO AUSBERTO LUNA LAGOMBRA,PARAJE PROYECTO HABITA- CIONAL LA UNION,PROYECTO HABITACIO- NAL LA UNION,"0034,0036,0039,0049,0062,0068,0075"
PUERTO PLATA,SOSUA,SOSUA,CENTRO EDUCATIVO BELLA VISTA,PARAJE BELLA VISTA,BELLA VISTA,"0037,0052,0076"
PUERTO PLATA,SOSUA,SOSUA,"COLEGIO EVANGELICO LUZ , AMOR Y VIDA","PARAJE SOSUA ABAJO, SOSUA ABAJO",SOSUA ABAJO,"0029,0029A,0029B,0057"
PUERTO PLATA,SOSUA,SOSUA,CENTRO EDUCATIVO EL TABLON,CALLE 1RA HABITACIONAL VILLA LIBERACION,VILLA LIBERACION,"0043,0059"
PUERTO PLATA,SOSUA,SOSUA,COLEGIO MIS PRIMEROS PASOS,CALLE 3RA. NO. 2,LOS CASTILLOS,"0050,0058,0070"
PUERTO PLATA,SOSUA,SOSUA,COLEGIO ESPACIO DE AMOR,"CALLE PRINCIPAL, PARAJE VILLA SION",MARANATA,"0044,0061,0069,0077"
PUERTO PLATA,SOSUA,CABARETE (DM),CENTRO EDUCATIVO EL CHOCO,PARAJE COLONIA DEL CHOCO,LA COLONIA DEL CHOCO,5
PUERTO PLATA,SOSUA,CABARETE (DM),CENTRO EDUCATIVO ISLABON,PARAJE ISLABON SECCION ISLABON,ESLABON,"0013,0040"
PUERTO PLATA,SOSUA,CABARETE (DM),CENTRO EDUCATIVO LA CATALINA,PARAJE LA CATALINA,LA CATALINA,14
PUERTO PLATA,SOSUA,CABARETE (DM),CENTRO EDUCATIVO PUERTO CABARETE,PARAJE CABARETE,CABARETE,"0012,0023,0023A,0041,0054,0072"
PUERTO PLATA,SOSUA,CABARETE (DM),CENTRO EDUCATIVO LA CIENAGA,PARAJE LA CIENAGA,LA CIENAGA,"0031,0032,0042,0055,0067"
PUERTO PLATA,SOSUA,CABARETE (DM),CENTRO EDUCATIVO MANUEL GÓMEZ POLANCO,PARAJE LA COLONIA VIE- JA-CALLEJÓN DE LA LOMA,LA COLONIA VIEJA,"0033,0035,0056,0063,0074"
PUERTO PLATA,SOSUA,SABANETA DE YASI- CA (DM),CENTRO EDUCATIVO CUESTA BARROSA,PARAJE CUESTA BARROSA,CUESTA BARROSA,"0016,0024,0047"
PUERTO PLATA,SOSUA,SABANETA DE YASI- CA (DM),CENTRO EDUCATIVO ENRIQUETA OMLER,PARAJE SABANETA DE YASICA,SABANETA DE YASICA O VERDUN,"0015,0025,0038,0051,0073"
PUERTO PLATA,LOS HIDALGOS,LOS HIDALGOS,ESCUELA DE EDUCACION BASICA FELICIANO NOESI,PARAJE AGUA CLARA,AGUA CLARA,"0006,0027"
PUERTO PLATA,LOS HIDALGOS,LOS HIDALGOS,ESCUELA PRIMARIA PROFESOR JOSE MARIA QUEZADA,PARAJE RANCHETE,RANCHETE,17
PUERTO PLATA,LOS HIDALGOS,LOS HIDALGOS,ESCUELA PRIMARIA RAFAEL AN- TONIO RODRIGUEZ,PARAJE LOS TRES PASOS,LOS TRES PASOS,21
PUERTO PLATA,LOS HIDALGOS,LOS HIDALGOS,ESCUELA ALFONSO DOMINGUEZ,PARAJE LOS ALTOS DE MAR- MOLEJOS,LOS ALTOS,24
PUERTO PLATA,LOS HIDALGOS,LOS HIDALGOS,CENTRO EDUCATIVO ISABEL LUNA,PARAJE MARMOLEJO SEC- CION MARMOLEJO,MARMOLEJOS,"0010,0011,0020"
PUERTO PLATA,LOS HIDALGOS,LOS HIDALGOS,ESCUELA PRIMARIA EMELINDA HERNANDEZ,PARAJE CAÑADA GRANDE SECCION UNIJICA,CAÑADA GRANDE,4
PUERTO PLATA,LOS HIDALGOS,LOS HIDALGOS,ESCUELA PRIMARIA GUILLERMO ACEVEDO,PARAJE LA BOCA SECCION UNIJICA,LA BOCA,"0005,0019,0032"
PUERTO PLATA,LOS HIDALGOS,LOS HIDALGOS,ESCUELA PRIMARIA ANA JULIA HERNANDEZ,PARAJE LA PIRAGUA SECCION UNIJICA,LA PIRAGUA,22
PUERTO PLATA,LOS HIDALGOS,LOS HIDALGOS,CENTRO EDUCATIVO FLORENTINA SANCHEZ,PARAJE ROMERICO SECCION UNIJICA,ROMERICO,1
PUERTO PLATA,LOS HIDALGOS,LOS HIDALGOS,ESCUELA PRIMARIA RAFAELA LOPEZ,PARAJE UNIJICA,UNIJICA,3
PUERTO PLATA,LOS HIDALGOS,LOS HIDALGOS,ESCUELA PRIMARIA JOSE MARIA FRANCISCO,PARAJE LA CEIBA,LA CEIBA,26
PUERTO PLATA,LOS HIDALGOS,LOS HIDALGOS,ESCUELA PRIMARIA JUAN GUZ- MAN,PARAJE VUELTA LARGA,VUELTA LARGA,13
PUERTO PLATA,LOS HIDALGOS,LOS HIDALGOS,LICEO DIURNO LIC. FRANCISCO ROJAS ZAPATA,CALLE INDEPENDENCIA,CENTRO DE LA CIUDAD,"0025,0029,0030"
PUERTO PLATA,LOS HIDALGOS,NAVAS (DM),ESCUELA PRIMARIA ANA DO- LORES PEÑA,PARAJE LOS CEDROS,LOS CEDROS,23
PUERTO PLATA,LOS HIDALGOS,NAVAS (DM),CENTRO EDUCATIVO POLIBIO UREÑA,PARAJE RUISEÑOR,RUISEÑOR,2
PUERTO PLATA,LOS HIDALGOS,NAVAS (DM),ESCUELA PRIMARIA EDUARDO GONZALEZ,PARAJE VISTA ALEGRE SEC- CION MARMOLEJOS,VISTA ALEGRE,"0012,0031"
PUERTO PLATA,LOS HIDALGOS,NAVAS (DM),ESCUELA PRIMARIA ROSALIA RODRIGUEZ,PARAJE ARROYOS DE NAVAS,NAVAS,7
PUERTO PLATA,LOS HIDALGOS,NAVAS (DM),ESCUELA ROSA MARIA,PARAJE LA FINCA DE NAVAS,NAVAS,28
PUERTO PLATA,LOS HIDALGOS,NAVAS (DM),ESCUELA AMINTA REYES,PARAJE NAVAS,NAVAS,"0008,0009"
PUERTO PLATA,GUANANICO,GUANANICO,ESCUELA PRIMARIA JOSE CASTEL- LAÑOS,CALLE PADRE JOSE CORTINA NO. 13,CENTRO DE LA CIUDAD,"0002,0003,0013,0014"
PUERTO PLATA,GUANANICO,GUANANICO,ESCUELA PRIMARIA LAUREANA ESPINAL,PARAJE RINCON CALIENTE,RINCON CALIENTE,"0007,0015"
PUERTO PLATA,GUANANICO,GUANANICO,ESCUELA PRIMARIA RURAL PEDRO NOLASCO ARIAS,PARAJE FUNDACION,FUNDACION,"0005,0006"
PUERTO PLATA,GUANANICO,GUANANICO,ESCUELA PRIMARIA RURAL,PARAJE HOYA GRANDE,HOYA GRANDE,11
PUERTO PLATA,GUANANICO,GUANANICO,ESCUELA PRIMARIA RURAL,PARAJE LA CABIRMA,LA CABIRMA,10
PUERTO PLATA,GUANANICO,GUANANICO,ESCUELA PRIMARIA MARIA DE JESUS LIRIANO,PARAJE LOMA DE GUANANICO,LOMA DE GUANANICO,8
PUERTO PLATA,GUANANICO,GUANANICO,ESCUELA PRIMARIA RURAL,PARAJE PARADERO,PARADERO,12
PUERTO PLATA,GUANANICO,GUANANICO,ESCUELA PRIMARIA RURAL,PARAJE RANCHO VIEJO,RANCHO VIEJO,"0009,0016"
PUERTO PLATA,GUANANICO,GUANANICO,LICEO FRANCISCO JAVIER BILLINI,CALLE CRISTOBAL COLON #01,CENTRO DE LA CIUDAD,"0001,0017,0018"
PUERTO PLATA,GUANANICO,GUANANICO,MULTIUSO COMPLEJO DEPORTIVO,CALLE FRANCISCO DEL ROSA- RIO SANCHEZ,LA MARIPOSA,"0004,0019"
PUERTO PLATA,VILLA ISABELA,VILLA ISABELA,ESCUELA DE EDUCACION BASICA MARIA IFIGENIA CRESPO,PARAJE LAS ENEAS,LAS ENEAS,23
PUERTO PLATA,VILLA ISABELA,VILLA ISABELA,CENTRO EDUCATIVO ANGEL REYES,PARAJE DIEGUITO,DIEGUITO,9
PUERTO PLATA,VILLA ISABELA,VILLA ISABELA,ESCUELA DE EDUCACION BASICA JOSE LINO PASCUAL,PARAJE LA BALSA,LA BALSA,"0011,0027"
PUERTO PLATA,VILLA ISABELA,VILLA ISABELA,LICEO SECUNDARIO HERMANAS MIRABAL,PARALE LA LLANADA,LA LLANADA,"0013,0013A,0033"
PUERTO PLATA,VILLA ISABELA,VILLA ISABELA,ESCUELA DE EDUCACION BASICA SILVANO REYNOSO,PARAJE LAGUNA GRANDE,LAGUNA GRANDE,"0010,0012,0022"
PUERTO PLATA,VILLA ISABELA,VILLA ISABELA,ESCUELA DE EDUCACION BASICA JUAN BAUTISTA OZORIA,PARAJE POZO BONITO,POZO BONITO,24
PUERTO PLATA,VILLA ISABELA,VILLA ISABELA,ESCUELA PRIMARIA PADRE BOIL,CALLE LAS COLINAS,CENTRO DE LA CIUDAD,"0001,0002,0003,0004,0005,0028,0031,0035,0036"
PUERTO PLATA,VILLA ISABELA,ESTERO HONDO (DM),ESCUELA PRIMARIA HERMO- GENES SANCHEZ,ESTERO HONDO,ESTERO HONDO,"0007,0008,0032"
PUERTO PLATA,VILLA ISABELA,ESTERO HONDO (DM),CENTRO EDUCATIVO FRANCISCO CABRAL,PARAJE RANCHO MANUEL,RANCHO MANUEL,6
PUERTO PLATA,VILLA ISABELA,ESTERO HONDO (DM),ESCUELA DE EDUCACION BASICA NIÑOS DEL MUNDO,PARAJE PUNTA RUSIA,PUNTA RUSIA,29
PUERTO PLATA,VILLA ISABELA,ESTERO HONDO (DM),CENTRO EDUCATIVO NEREYDA ORTEGA,PARAJE LA CIENAGA,LA CIENAGA,30
PUERTO PLATA,VILLA ISABELA,LA JAIBA (DM),ESCUELA DE EDUCACION BASICA LUISA GOMEZ,PARAJE DE GRAN DIABLO,GRAN DIABLO,26
PUERTO PLATA,VILLA ISABELA,LA JAIBA (DM),CENTRO EDUCATIVO PEDRO PEREZ,PARAJE LOS ANEGADIZOS,LOS AGNEGADIZOS,14
PUERTO PLATA,VILLA ISABELA,LA JAIBA (DM),ESCUELA DE EDUCACION BASICA OTILIO ROSARIO,PARAJE SOLIMAN,SOLIMAN,21
PUERTO PLATA,VILLA ISABELA,GUALETE (DM),ESCUELA DE EDUCACION BASICA BUENAVENTURA GONZALEZ,PARAJE COMEDERO,COMEDERO,15
PUERTO PLATA,VILLA ISABELA,GUALETE (DM),ESCUELA BASICA CLARA ELENA RODRIGUEZ,PARAJE GUALETE AL MEDIO,GUALETE AL MEDIO,"0018,0019,0020"
PUERTO PLATA,VILLA ISABELA,GUALETE (DM),CENTRO EDUCATIVO GEREMIAS GRECESQUI,PARAJE GUALETICO,GUALETICO,25
PUERTO PLATA,VILLA MONTELLANO,VILLA MONTELLANO,ESCUELA PRIMARIA RURAL,PARAJE ARROYO DE LECHE,ARROYO DE LECHE,"0089,0090"
PUERTO PLATA,VILLA MONTELLANO,VILLA MONTELLANO,ESCUELA PRIMARIA RURAL,PARAJE CARABALLO,CARABALLO,88
PUERTO PLATA,VILLA MONTELLANO,VILLA MONTELLANO,ESCUELA PRIMARIA RURAL,PARAJE LOS CIRUELOS,LOS CIRUELOS,"0085,0085A,0145,0149"
PUERTO PLATA,VILLA MONTELLANO,VILLA MONTELLANO,ESCUELA PRIMARIA URBANA,CENTRO DE LA CIUDAD,CENTRO DE LA CIUDAD,"0001,0079,0080,0081,0082,0083,0084"
PUERTO PLATA,VILLA MONTELLANO,VILLA MONTELLANO,ESCUELA PRIMARIA RURAL,PARAJE MOZOVI,MOZOVI,"0086,0087"
PUERTO PLATA,VILLA MONTELLANO,VILLA MONTELLANO,ESCUELA PRIMARIA PROY. HABIT. NUEVO MONTELLANO,"NUEVO MONTELLANO, CIUDAD",CENTRO DE LA CIUDAD,"0078,0144,0147,0151"
PUERTO PLATA,VILLA MONTELLANO,VILLA MONTELLANO,CENTRO EDUCATIVO IVELISSE CORNIEL CIRIACO,CALLE TRANSPORTACION,LA CABALLERIZA,152
PUERTO PLATA,VILLA MONTELLANO,VILLA MONTELLANO,CENTRO EDUCATIVO JUAN LOCK- WARD,CALLE POZA DEL CASTILLO,JUAN LOCKWARD,153
PUERTO PLATA,VILLA MONTELLANO,VILLA MONTELLANO,CENTRO EDUCATIVO MADRE MARÍA TERESA DE CALCUTA,CALLE AQUINO PIMENTEL,EL SILENCIO,"0079A,0081A,0082A,0083A,0084A,0146,0148,0150"
HERMANAS MIRABAL,VILLA TAPIA,VILLA TAPIA,AYUNTAMIENTO MUNICIPAL,CIUDAD,CENTRO DE LA CIUDAD,2
HERMANAS MIRABAL,VILLA TAPIA,VILLA TAPIA,ESCUELA FEDERICO AUGUSTO GONZALEZ,CALLE JUAN VENTURA ESQ. C/ CLUB DE LEONES,CENTRO DE LA CIUDAD,"0001,0003,0004,0005,0034,0039,0045,0049,0054,0055,0056"
HERMANAS MIRABAL,VILLA TAPIA,VILLA TAPIA,ESCUELA PRIMARIA JESUS MARIA JORGE,PARAJE EL HOSPITAL,EL HOSPITAL,"0008,0009,0036"
HERMANAS MIRABAL,VILLA TAPIA,VILLA TAPIA,CENTRO EDUCATIVO CARIDAD CAPELLAN,PARAJE LA CEIBA,LA CEIBA,"0006,0007,0007A,0050"
HERMANAS MIRABAL,VILLA TAPIA,VILLA TAPIA,ESCUELA PRIMARIA JUAN VEN- TURA,PARAJE LAS GUAZUMAS,LA GUAZUMA,"0021,0022,0043"
HERMANAS MIRABAL,VILLA TAPIA,VILLA TAPIA,ESCUELA PRIMARIA RURAL LOS LIMONES,PARAJE LOS LIMONES,LOS LIMONES,"0020,0033,0046"
HERMANAS MIRABAL,VILLA TAPIA,VILLA TAPIA,ESCUELA PRIMARIA IGNACIO MARTE GUZMAN,PARAJE POLANCO,POLANCO,"0016,0035"
HERMANAS MIRABAL,VILLA TAPIA,VILLA TAPIA,ESCUELA PRIMARIA RURAL ANTO- NIO VILLAR,PARAJE EL COCO NUM 1,EL COCO NO. 1,"0013,0014,0040"
HERMANAS MIRABAL,VILLA TAPIA,VILLA TAPIA,CENTRO EDUCATIVO LOS COCOS,PARAJE EL COCO NUM. 2,EL COCO NO. 2,"0015,0038"
HERMANAS MIRABAL,VILLA TAPIA,VILLA TAPIA,ESCUELA EL RANCHITO,PARAJE EL RANCHITO,EL RANCHITO,"0012,0047"
HERMANAS MIRABAL,VILLA TAPIA,VILLA TAPIA,ESCUELA BASICA LA GINA,PARAJE LA GINA,LA GINA,"0019,0032,0051"
HERMANAS MIRABAL,VILLA TAPIA,VILLA TAPIA,ESCUELA PRIMARIA SABANA ANGOSTA,PARAJE SABANA ANGOSTA,SABANA ANGOSTA,"0017,0018,0042"
HERMANAS MIRABAL,VILLA TAPIA,VILLA TAPIA,ESCUELA PRIMARIA RURAL JUAN BAUTISTA DE LA CRUZ,PARAJE SAN JOSE,SAN JOSE,"0010,0011,0053"
HERMANAS MIRABAL,VILLA TAPIA,VILLA TAPIA,ESCUELA PRIMARIA RURAL EL TABLON,PARAJE EL TABLON,EL TABLON,"0024,0025"
HERMANAS MIRABAL,VILLA TAPIA,VILLA TAPIA,ESCUELA PRIMARIA RURAL LA CUARENTA,PARAJE LA CUARENTA,LA CUARENTA,"0029,0037,0048"
HERMANAS MIRABAL,VILLA TAPIA,VILLA TAPIA,CENTRO EDUCATIVO SIGFREDO RAFAEL MENA,PARAJE MADRID,MADRID,"0023,0044"
HERMANAS MIRABAL,VILLA TAPIA,VILLA TAPIA,CENTRO EDUCATIVO AMINTA VALERIO,PARAJE SANTA ANA,SANTA ANA,"0026,0027,0028,0041,0052"
HERMANAS MIRABAL,VILLA TAPIA,VILLA TAPIA,ESCUELA PRIMARIA RURAL SAN JOSE DE CENOVI,PARAJE SAN JOSE DE CENOVI,SAN JOSE DE CENOVI,"0030,0031"
HERMANAS MIRABAL,VILLA TAPIA,VILLA TAPIA,ESCUELA PRIMARIA FRANCISCO GONZALEZ,PARAJE EL HATO,EL HATO,57
HERMANAS MIRABAL,VILLA TAPIA,VILLA TAPIA,CENTRO EDUCATIVO LAS AROMAS,PARAJE LAS AROMAS,LOS AROMAS,58
HERMANAS MIRABAL,SALCEDO,SALCEDO,AYUNTAMIENTO MUNICIPAL,FRANCISCA R. MOLLINS NO.37,CENTRO DE LA CIUDAD,"0001,0090"
HERMANAS MIRABAL,SALCEDO,SALCEDO,ESC. MARIA JOSEFA GOMEZ,HERMANAS MIRABAL NO.118,CENTRO DE LA CIUDAD,"0003,0008,0009,0010,0012,0056"
HERMANAS MIRABAL,SALCEDO,SALCEDO,ESCUELA VILLA AMARO,CALLE FRANCISCO ARIZA NO. 31,VILLA AMARO,"0004,0005,0006,0068,0098"
HERMANAS MIRABAL,SALCEDO,SALCEDO,LICEO SECUNDARIO EMILIANO TEJERA,PROLONGACION AV. MANOLO TAVAREZ JUSTO,EL HOSPITAL,"0007,0066,0073,0081,0099"
HERMANAS MIRABAL,SALCEDO,SALCEDO,ESCUELA PRIMARIA RURAL,PARAJE EL ZANJON,EL ZANJON,"0052,0078"
HERMANAS MIRABAL,SALCEDO,SALCEDO,ESCUELA PRIMARIA RURAL,PARAJE AGUA FRIA,AGUA FRIA,"0043,0043A"
HERMANAS MIRABAL,SALCEDO,SALCEDO,ESCUELA PRIMARIA RURAL,PARAJE CONUCO,CONUCO,"0047,0047A,0048"
HERMANAS MIRABAL,SALCEDO,SALCEDO,ESCUELA PRIMARIA RURAL,PARAJE EL JOBO,EL JOBO,30
HERMANAS MIRABAL,SALCEDO,SALCEDO,ESCUELA PRIMARIA RURAL,PARAJE JAYABO AFUERA,JAYABO AFUERA,"0040,0083"
HERMANAS MIRABAL,SALCEDO,SALCEDO,ESCUELA PRIMARIA RURAL,PARAJE LA CUEVA,LA CUEVA,"0046,0063"
HERMANAS MIRABAL,SALCEDO,SALCEDO,ESCUELA PRIMARIA RURAL,PARAJE LA PAILITA,LA PAILITA,31
HERMANAS MIRABAL,SALCEDO,SALCEDO,ESCUELA PRIMARIA RURAL,PARAJE LAS LILAS,LAS LILAS,"0033,0034"
HERMANAS MIRABAL,SALCEDO,SALCEDO,ESCUELA PRIMARIA RURAL,PARAJE LOS TOCONES,LOS TOCONES,"0042,0084,0097"
HERMANAS MIRABAL,SALCEDO,SALCEDO,ESCUELA PRIMARIA RURAL,PARAJE MONTE ADENTRO,MONTE ADENTRO,"0035,0036"
HERMANAS MIRABAL,SALCEDO,SALCEDO,ESCUELA PRIMARIA RURAL,PARAJE OJO DE AGUA,OJO DE AGUA,"0037,0038,0039"
HERMANAS MIRABAL,SALCEDO,SALCEDO,ESCUELA PRIMARIA RURAL,PARAJE SAN JOSE,SAN JOSE,"0044,0045,0071"
HERMANAS MIRABAL,SALCEDO,SALCEDO,ESCUELA PRIMARIA RURAL,PARAJES LOS ROBLES,LOS ROBLES,32
HERMANAS MIRABAL,SALCEDO,SALCEDO,ESCUELA PRIMARIA RURAL,PARAJE LOS CACAOS,LOS CACAOS,"0029,0086"
HERMANAS MIRABAL,SALCEDO,SALCEDO,ESCUELA PRIMARIA RURAL,PARAJE ALTO DE PIEDRA,ALTO DE PIEDRA,"0055,0075"
HERMANAS MIRABAL,SALCEDO,SALCEDO,ESCUELA PRIMARIA RURAL,PARAJE CAMINO REAL,PALMARITO (CAMINO REAL),"0053,0054,0093"
HERMANAS MIRABAL,SALCEDO,SALCEDO,ESCUELA PRIMARIA RURAL,PARAJE EL RANCHO,EL RANCHO,"0050,0051,0079"
HERMANAS MIRABAL,SALCEDO,SALCEDO,ESCUELA PRIMARIA RURAL,PARAJE PALMAR,PALMAR,"0057,0058"
HERMANAS MIRABAL,SALCEDO,SALCEDO,ESCUELA PRIMARIA RURAL,PARAJE PALMAR ABAJO BACUI,PALMAR ABAJO (BACUI),"0059,0094"
HERMANAS MIRABAL,SALCEDO,SALCEDO,ESCUELA PRIMARIA RURAL,PARAJE RANCHO AL MEDIO,RANCHO AL MEDIO,"0060,0061,0072"
HERMANAS MIRABAL,SALCEDO,SALCEDO,ESCUELA PRIMARIA RURAL,PARAJE RANCHO ARRIBA,RANCHO ARRIBA,"0049,0049A,0074"
HERMANAS MIRABAL,SALCEDO,SALCEDO,CENTRO COMUNAL,PARAJE MONTE ADENTRO,MONTE ADENTRO,"0064,0095"
HERMANAS MIRABAL,SALCEDO,SALCEDO,POLIDEPORTIVO,C/ COLON ESQ. 11 DE FEBRE- RO,LOS MANGOS,"0082,0087,0096"
HERMANAS MIRABAL,SALCEDO,SALCEDO,CLUB RECREATIVO Y CULTURAL,PARAJE JAYABO AFUERA,JAYABO AFUERA,"0041,0088"
HERMANAS MIRABAL,SALCEDO,SALCEDO,CENTRO DE LA CULTURA,CENTRO DE LA CIUDAD,CENTRO DE LA CIUDAD,2
HERMANAS MIRABAL,SALCEDO,SALCEDO,CENTRO MODELO INICIAL,CENTRO DE LA CIUDAD,CLAVIJO,"0076,0080,0089"
HERMANAS MIRABAL,SALCEDO,SALCEDO,LICEO DANELIA SARMIENTO,PARAJE OJO DE AGUA,OJO DE AGUA,"0070,0085,0092"
HERMANAS MIRABAL,SALCEDO,SALCEDO,LICEO RAMÓN ARSENIO ALBA,CENTRO DE LA CIUDAD,LAS CAOBAS,"0011,0062,0065,0077,0091"
HERMANAS MIRABAL,SALCEDO,SALCEDO,POLIVALENTE,AVENIDA 14 DE JUNIO,CENTRO DE LA CIUDAD,"0013,0067"
HERMANAS MIRABAL,SALCEDO,MONTE LLANO (JA- MAO AFUERA) (DM),ESCUELA PRIMARIA RURAL,PARAJE LOS AZULES,LOS AZULES,28
HERMANAS MIRABAL,SALCEDO,MONTE LLANO (JA- MAO AFUERA) (DM),ESCUELA PRIMARIA RURAL,PARAJE MONTE LLANO,MONTE LLANO,"0027,0069"
HERMANAS MIRABAL,SALCEDO,MONTE LLANO (JA- MAO AFUERA) (DM),ESCUELA PRIMARIA RURAL,PARAJE LAS TRES CRUCES,LAS TRES CRUCES,"0014,0015"
HERMANAS MIRABAL,SALCEDO,MONTE LLANO (JA- MAO AFUERA) (DM),ESCUELA PRIMARIA RURAL,PARAJE LA CUMBRE,LA CUMBRE,24
HERMANAS MIRABAL,SALCEDO,MONTE LLANO (JA- MAO AFUERA) (DM),ESCUELA PRIMARIA RURAL,PARAJE CAÑADA CLARA,CAÑADA CLARA,18
HERMANAS MIRABAL,SALCEDO,MONTE LLANO (JA- MAO AFUERA) (DM),ESCUELA PRIMARIA RURAL,PARAJE EL CATEY,EL CATEY,17
HERMANAS MIRABAL,SALCEDO,MONTE LLANO (JA- MAO AFUERA) (DM),ESCUELA PRIMARIA RURAL,PARAJE JAMAO,JAMAO,"0020,0022"
HERMANAS MIRABAL,SALCEDO,MONTE LLANO (JA- MAO AFUERA) (DM),ESCUELA PRIMARIA RURAL,PARAJE LOS ARACENES,LOS ARACENES,"0023,0025"
HERMANAS MIRABAL,SALCEDO,MONTE LLANO (JA- MAO AFUERA) (DM),ESCUELA PRIMARIA RURAL,PARAJE LOS CAÑOS,LOS CAÑOS,16
HERMANAS MIRABAL,SALCEDO,MONTE LLANO (JA- MAO AFUERA) (DM),ESCUELA PRIMARIA,"SECCION JAMAO AFUERA, PARAJE EL ATRAVEZADO",JAMAO AFUERA,19
HERMANAS MIRABAL,SALCEDO,MONTE LLANO (JA- MAO AFUERA) (DM),ESCUELA PRIMARIA,PARAJA JAMAO ADENTRO,MANGO FRESCO ABAJO,26
HERMANAS MIRABAL,SALCEDO,MONTE LLANO (JA- MAO AFUERA) (DM),LICEO MARIA TERESA BRITO,PARAJE EL ABANICO. EL ABANICO,EL ABANICO,21
HERMANAS MIRABAL,TENARES,TENARES,ESCUELA SALUSTIO MORILLO,CALLE 16 DE AGOSTO,EL ABANICO,"0004,0005,0036,0036A,0049,0064,0070"
HERMANAS MIRABAL,TENARES,TENARES,LICEO SECUNDARIO REGINO CAMILO,CALLE PROFESOR CRUZ PORTES,LA GRAMITA,"0001,0002,0037,0037A,0050,0061,0062,0065,0072"
HERMANAS MIRABAL,TENARES,TENARES,ESCUELA BASICA BLANQUITO,PARAJE BLANQUITO,BLANQUITO,15
HERMANAS MIRABAL,TENARES,TENARES,ESCUELA PRIMARIA FELIX JAVIER REINOSO,PARAJE BOBA ARRIBA,BOBA ARRIBA,"0012,0013,0040"
HERMANAS MIRABAL,TENARES,TENARES,ESCUELA BASICA LOS GUAYOS,PARAJE LOS GUAYOS,LOS GUAYOS,"0014,0052"
HERMANAS MIRABAL,TENARES,TENARES,ESCUELA BASICA CANETE,PARAJE CANETE,CANETE,"0016,0034"
HERMANAS MIRABAL,TENARES,TENARES,ESCUELA BASICA LOS GUAZAROS,PARAJE LOS GUAZAROS,LOS GUAZAROS,17
HERMANAS MIRABAL,TENARES,TENARES,ESCUELA BASICA EL PLACER,PARAJE EL PLACER,EL PLACER,"0020,0021,0042,0058"
HERMANAS MIRABAL,TENARES,TENARES,ESCUELA BASICA LA AMAPOLA,PARAJE LA AMAPOLA,LA AMAPOLA,"0018,0041"
HERMANAS MIRABAL,TENARES,TENARES,ESCUELA BASICA LA JAGUITA,PARAJE LA JAGUITA ARRIBA,LA JAGUITA ARRIBA,"0022,0023"
HERMANAS MIRABAL,TENARES,TENARES,ESCUELA BASICA LOMA AZUL,PARAJE LOMA AZUL,LOMA AZUL,"0019,0035"
HERMANAS MIRABAL,TENARES,TENARES,ESCUELA BASICA LA GRAN PARADA,PARAJE LA GRAN PARADA,LA GRAN PARADA,"0025,0026,0043"
HERMANAS MIRABAL,TENARES,TENARES,ALMACEN DE TOMAS JAVIER,PARAJE LA GRAN PARADA ABAJO,LA GRAN PARADA ABAJO,28
HERMANAS MIRABAL,TENARES,TENARES,ESCUELA BASICA LOS PALMARITO,PARAJE LOS PALMARITOS ARRIBA,PALMARITOS ARRIBA,24
HERMANAS MIRABAL,TENARES,TENARES,ESCUELA BASICA EL COROZAL ARRIBA,PARAJE EL COROZAL ARRIBA,EL COROZAL,"0032,0054"
HERMANAS MIRABAL,TENARES,TENARES,CLUB JOSE AMADO PEÑA,PARAJE LOS POMOS,LOS POMOS,29
HERMANAS MIRABAL,TENARES,TENARES,ESCUELA BASICA PROFESORA ANA LUISA DE LA CRUZ,PARAJE EL COROZAL ABAJO,EL COROZAL ABAJO,"0033,0045"
HERMANAS MIRABAL,TENARES,TENARES,ESCUELA BASICA PASO HONDO,PARAJE PASO HONDO,PASO HONDO,"0031,0044"
HERMANAS MIRABAL,TENARES,TENARES,ESCUELA BASICA ANDRES JAVIER ROSARIO,PARAJE LOMA DE AGUA,GRAN PARADA AFUERA,"0027,0071"
HERMANAS MIRABAL,TENARES,TENARES,ESCUELA BASICA PASO HONDO ARRIBA,PARAJE PASO HONDO ARRIBA,PASO HONDO ARRIBA (PIEDRA DURA),30
HERMANAS MIRABAL,TENARES,TENARES,ESCUELA BASICA ANA ANTONIA CABRAL,PARAJE LOS POMOS,LOS POMOS,53
HERMANAS MIRABAL,TENARES,TENARES,ESCUELA PRIMARIA RURAL LA ESPERANZA,PARAJE LA ESPERANZA,LA ESPERANZA,68
HERMANAS MIRABAL,TENARES,TENARES,LICEO JULIAN JAVIER,BARRIO CRISTO REY,"CRISTO REY, EL ABAN- ICO","0047,0059,0069,0073"
HERMANAS MIRABAL,TENARES,TENARES,ESCUELA PRIMARIA RURAL,PARAJE LA SIGUA,SIGUA,56
HERMANAS MIRABAL,TENARES,TENARES,ESCUELA BASICA REGINO CAMILO,CALLE FRANCISCO VALERIANO,CENTRO DE LA CIUDAD,"0003,0048,0051,0063,0075"
HERMANAS MIRABAL,TENARES,TENARES,CLUB DE LAS PIRAMIDES,CIUDAD MODELO TENARES,URBANIZACION CIUDAD MODELO,76
HERMANAS MIRABAL,TENARES,BLANCO (DM),ESCUELA BASICA DE BLANCO ABAJO,PARAJE BLANCO ABAJO,BLANCO ABAJO,6
HERMANAS MIRABAL,TENARES,BLANCO (DM),ESCUELA BASICA DE BLANCO AL MEDIO,PARAJE BLANCO AL MEDIO,BLANCO AL MEDIO,7
HERMANAS MIRABAL,TENARES,BLANCO (DM),ESCUELA BASICA RAFAEL MER- CEDES,PARAJE BLANCO ARRIBA (EL CASERIO),BLANCO ARRIBA (EL CASERIO),"0009,0010,0039,0055"
HERMANAS MIRABAL,TENARES,BLANCO (DM),ESCUELA BASICA LA GUAMA,PARAJE LA GUAMA,LA GUAMA,"0008,0057"
HERMANAS MIRABAL,TENARES,BLANCO (DM),ESCUELA BASICA PABLO ROMERO AYBAR,PARAJE LOS NEGRITOS,LOS NEGRITOS,"0011,0067"
HERMANAS MIRABAL,TENARES,BLANCO (DM),ESCUELA BASICA SONADOR,PARAJE SONADOR,SONADOR,38
HERMANAS MIRABAL,TENARES,BLANCO (DM),ESCUELA BASICA FELIX MARIA ALVARADO,PARAJE PALO DE LA JAIBA,PALO DE LA JAIBA,46
SAMANA,SAMANA,SAMANA,ESC. PRIMARIA ELISEO DEMORIZI,AV. FCO. DEL ROSARIO SAN- CHEZ,PARTE OESTE DE LA CIUDAD (ENTRADA DE LA CIUDAD),"0005,0006,0007,0050,0050A,0058,0066,0070,0074,0081,0084,0088"
SAMANA,SAMANA,SAMANA,LICEO SECUNDARIO JOSE GABRI- EL GARCIA,JULIO A. LAVANDIER/TEODORO CHASSSENEAUX,PARTE ESTE DE LA CIUDAD (CENTRO DE LA CIUDAD),"0001,0002,0003,0004,0049,0057,0069,0082,0087"
SAMANA,SAMANA,SAMANA,ESCUELA PRIMARIA RURAL,PARAJE ACOSTA,ACOSTA,"0017,0017A,0043,0060,0090"
SAMANA,SAMANA,SAMANA,ESCUELA PRIMARIA RURAL,PARAJE EL VALLE,EL VALLE,14
SAMANA,SAMANA,SAMANA,ESCUELA PRIMARIA RURAL,PARAJE MONTE ROJO,MONTE ROJO,"0015,0091"
SAMANA,SAMANA,SAMANA,ESCUELA PRIMARIA RURAL,PARAJE RIO SAN JUAN,RIO SAN JUAN,16
SAMANA,SAMANA,SAMANA,ESCUELA PRIMARIA RURAL,PARAJE VILLA CLARA,VILLA CLARA,"0018,0044,0075"
SAMANA,SAMANA,SAMANA,ESCUELA PRIMARIA RURAL,PARAJE HONDURAS,HONDURAS,"0028,0029,0078"
SAMANA,SAMANA,SAMANA,ESCUELA PRIMARIA RURAL,PARAJE LOS ALGARROBOS,LOS ALGARROBOS,"0024,0025"
SAMANA,SAMANA,SAMANA,ESCUELA PRIMARIA RURAL,PARAJE NOROESTE,NOROESTE,"0027,0048"
SAMANA,SAMANA,SAMANA,ESCUELA PRIMARIA RURAL,PARAJE ARROYO CHICO,ARROYO CHICO,21
SAMANA,SAMANA,SAMANA,ESCUELA PRIMARIA RURAL,PARAJE JUANA VICENTA,JUANA VICENTA,"0023,0046,0062,0079,0097"
SAMANA,SAMANA,SAMANA,ESCUELA PRIMARIA RURAL,PARAJE RANCHO ESPAÑOL,COLONIA RANCHO ESPAÑOL,"0022,0045"
SAMANA,SAMANA,SAMANA,ESCUELA PRIMARIA RURAL,PARAJE CARENERO,CARENERO,"0034,0052"
SAMANA,SAMANA,SAMANA,ESCUELA PRIMARIA RURAL,PARAJE EL FRANCES,EL FRANCES,30
SAMANA,SAMANA,SAMANA,ESCUELA PRIMARIA RURAL,PARAJE LOS CACAOS,LOS CACAOS,"0032,0033,0051,0073"
SAMANA,SAMANA,SAMANA,ESCUELA PRIMARIA RURAL,PARAJE PUNTA BALANDRA,PUNTA BALANDRA,"0031,0053"
SAMANA,SAMANA,SAMANA,ESCUELA JAIME SHEPHARD,PARAJE MAJAGUALITO,MAJAGUALITO,"0026,0047,0063"
SAMANA,SAMANA,SAMANA,ESCUELA PRIMARIA JOSE GABRI- EL GARCÍA,CALLE SAN JUAN,PARTE ESTE DE LA CIUDAD (CENTRO DE LA CIUDAD),92
SAMANA,SAMANA,EL LIMON (DM),ESCUELA PRIMARIA RURAL,PARAJE EL LIMON,EL LIMON,"0019,0020,0020A,0042,0061,0067,0076,0083"
SAMANA,SAMANA,EL LIMON (DM),LICEO SANTO ALCALÁ,D.M. EL LIMON,EL LIMON,94
SAMANA,SAMANA,EL LIMON (DM),CENTRO EDUCATIVO MARCELINA ENCARNACION,PARAJE AGUA SABROSA,AGUA SABROSA,98
SAMANA,SAMANA,ARROYO BARRIL (DM),ESCUELA PRIMARIA RURAL,PARAJE LOS ROBALOS,LOS ROBALOS,"0035,0036,0055,0071,0089"
SAMANA,SAMANA,ARROYO BARRIL (DM),ESCUELA PRIMARIA RURAL,PARAJE RIO LOS COCOS,RIO LOS COCOS,41
SAMANA,SAMANA,ARROYO BARRIL (DM),ESCUELA PRIMARIA RURAL,PARAJE ARROYO BARRIL,ARROYO BARRIL,"0037,0038,0054,0064,0072,0086"
SAMANA,SAMANA,ARROYO BARRIL (DM),ESCUELA PRIMARIA RURAL,PARAJE LA PASCUALA,LA PASCUALA,"0039,0040,0056,0065,0077,0096"
SAMANA,SAMANA,ARROYO BARRIL (DM),ESCUELA PRIMARIA ÁNGEL FER- MÍN ACOSTA,D.M. ARROYO BARRIL,ARROYO BARRIL,93
SAMANA,SAMANA,LAS GALERAS (DM),ESCUELA PRIMARIA RURAL,PARAJE EL RINCON,EL RINCON,"0008,0009"
SAMANA,SAMANA,LAS GALERAS (DM),ESCUELA PRIMARIA RURAL,PARAJE LAS GALERAS,LAS GALERAS,"0010,0011,0059,0068,0080,0085"
SAMANA,SAMANA,LAS GALERAS (DM),ESCUELA PRIMARIA RURAL,PARAJE PALMA CLARA,PALMA CLARA (LOS TOCONES),"0012,0013"
SAMANA,SANCHEZ,SANCHEZ,CUERPO DE BOMBEROS,CALLE SAMANA NO.1,CENTRO DE LA CIUDAD,8
SAMANA,SANCHEZ,SANCHEZ,ESCUELA ADOLFO MALOON,CALLE 21 DE JUNIO,CENTRO DE LA CIUDAD,"0007,0042"
SAMANA,SANCHEZ,SANCHEZ,ESCUELA PRIMARIA PABLO PU- MAROL,C/ TRINA DE MOYA,CENTRO DE LA CIUDAD,"0001,0002,0040,0051,0054,0056"
SAMANA,SANCHEZ,SANCHEZ,LICEO SEC. FCO. DEL ROSARIO SANCHEZ,CARRETERA SANCHEZ-SA- MANA,CENTRO DE LA CIUDAD,"0003,0004,0036,0041,0048,0049"
SAMANA,SANCHEZ,SANCHEZ,ESCUELA PRIMARIA RURAL,PARAJE JURUNGO,JURUNGO,28
SAMANA,SANCHEZ,SANCHEZ,ESCUELA PRIMARIA RURAL,PARAJE PALMAR NUEVO,PALMAR NUEVO,27
SAMANA,SANCHEZ,SANCHEZ,ESCUELA PRIMARIA RURAL,PARAJE CATEY AFUERA,CATEY AFUERA,"0031,0053"
SAMANA,SANCHEZ,SANCHEZ,ESCUELA PRIMARIA RURAL,PARAJE LA MAJAGUA,LA MAJAGUA,"0015,0030"
SAMANA,SANCHEZ,SANCHEZ,ESCUELA PRIMARIA RURAL,PARAJE LAS CANOAS,LAS CANOAS,"0017,0032"
SAMANA,SANCHEZ,SANCHEZ,ESCUELA PRIMARIA RURAL,PARAJE NARANJO AFUERA,NARANJO AFUERA,18
SAMANA,SANCHEZ,SANCHEZ,CENTRO EDUCATIVO NARCISO CHALJUB,PARAJE PIEDRA QUEMADA,PIEDRA QUEMADA,16
SAMANA,SANCHEZ,SANCHEZ,ESCUELA PRIMARIA RURAL,PROY. LOS HAITISES PJE. CAT- EY ADENTRO,CATEY ADENTRO,44
SAMANA,SANCHEZ,SANCHEZ,ESCUELA PRIMARIA PROF. MAURA PAYANO,"CARR. SANCHEZ/SAMANA, PJE. A. HIGUERO",ARROYO HIGUERO,"0043,0058"
SAMANA,SANCHEZ,SANCHEZ,ESCUELA PRIMARIA RURAL,PARAJE LAS GARITAS,LAS GARITAS,"0023,0024,0034"
SAMANA,SANCHEZ,SANCHEZ,ESCUELA PRIMARIA RURAL,PARAJE PUNTA GORDA,PUNTA GORDA,"0025,0026,0059"
SAMANA,SANCHEZ,SANCHEZ,ESCUELA PRIMARIA RURAL,PARAJE LOS CORRALES,LOS CORRALES,"0021,0039"
SAMANA,SANCHEZ,SANCHEZ,ESCUELA PRIMARIA RURAL,PARAJE MAJAGUAL ADENTRO,MAJAGUAL ADENTRO,"0019,0020"
SAMANA,SANCHEZ,SANCHEZ,ESCUELA PRIMARIA RURAL,PARAJE MAJAGUAL,MAJAGUAL,"0022,0033"
SAMANA,SANCHEZ,SANCHEZ,ESCUELA PRIMARIA RURAL,PARAJE SANTA CAPUZA,SANTA CAPUZA,50
SAMANA,SANCHEZ,SANCHEZ,AYUNTAMIENTO MUNICIPAL,CALLE LIBERTAD NO. 10,CENTRO DE LA CIUDAD,"0009,0035"
SAMANA,SANCHEZ,SANCHEZ,ESCUELA PRIMARIA RURAL,PARAJE LOS CHICHARONES,LOS CHICHARRONES,52
SAMANA,SANCHEZ,SANCHEZ,LICEO CRUCE DE LA MAJAGUA,CRUCE DE LA MAJAGUA,CRUCE DE LA MAJAGUA,55
SAMANA,SANCHEZ,SANCHEZ,ESCUELA PRIMARIA MATEO REYES,CALLE LOS RIELES,CENTRO DE LA CIUDAD,57
SAMANA,SANCHEZ,SANCHEZ,CENTRO MODELO INICIAL,"PROLONGACION CALLE LU- PERON, PUEBLO ARRIBA",CENTRO DE LA CIUDAD,"0005,0006"
SAMANA,LAS TERRENAS,LAS TERRENAS,ESCUELA PRIMARIA URBANA,CALLE PRINCIPAL,CENTRO DE LA CIUDAD,"0001,0002,0003,0004,0005,0009,0010,0011,0011A,0011B,0012"
SAMANA,LAS TERRENAS,LAS TERRENAS,ESCUELA PRIMARIA RURAL,PARAJE EL JAMITO,EL JAMITO,"0006,0013,0019,0025"
SAMANA,LAS TERRENAS,LAS TERRENAS,ESCUELA PRIMARIA RURAL,PARAJE EL NARANJITO,EL NARANJITO,"0007,0008,0014"
SAMANA,LAS TERRENAS,LAS TERRENAS,LICEO NOCTURNO SANTO ESTE- BAN RIVERA,"C/ SANCHEZ, #92",CENTRO DE LA CIUDAD,"0015,0016,0017,0018"
SAMANA,LAS TERRENAS,LAS TERRENAS,POLITECNICO SANTO ESTEBAN RIVERA,CALLE BOULEVARD DEL ATLANTICO,EL ATRAVESAO,"0020,0021,0022,0023,0026"
SAMANA,LAS TERRENAS,LAS TERRENAS,ESCUELA SALVADOR PADILLA,PARAJE HOYO CACAO,HOYO DEL CACAO,24
SAMANA,LAS TERRENAS,LAS TERRENAS,ESCUELA PRIMARIA MARIA ALVA- REZ,CARRETERA LAS TERRENAS-EL LIMON,BARBACOA ABAJO,27
SAMANA,LAS TERRENAS,LAS TERRENAS,LICEO SECUNDARIO LUIS EMILIO VANDERHOST,CALLE PRINCIPAL,LA GRANJA,28
SAN CRISTOBAL,SAN CRISTOBAL,SAN CRISTOBAL,"CENTRO EDUCATIVO MARCOS CASTAÑER, F.A.",CALLE DUARTE NO. 23,MADRE VIEJA NORTE,"0236,0236A,0236B,0260,0260A,0261,0261A,0313,0314,0381,0424,0449,0468"
SAN CRISTOBAL,SAN CRISTOBAL,SAN CRISTOBAL,ESC. PRIM. URB. PROF. PABLO BARINAS,CALLE PABLO BARINAS NO. 3,LAVAPIES,"0009,0009A,0010,0010A,0227,0227A,0228,0228A,0245,0245A,0250,0250A,0256,0256A,0257,0257A,0287"
SAN CRISTOBAL,SAN CRISTOBAL,SAN CRISTOBAL,LICEO ENEDINA PUELLO RENVILLE,"CARRETERA SANCHEZ, KM 1 1/2, FRENTE A LA SIRENA.",MADRE VIEJA SUR,"0231,0231A,0232,0232A,0233,0233A,0233B,0275,0295,0296,0297,0298,0299,0382,0425,0469"
SAN CRISTOBAL,SAN CRISTOBAL,SAN CRISTOBAL,CENTRO EDUCATIVO LUIS OSCAR URIBE,CALLE 12 #56,PUEBLO NUEVO,"0001,0002,0005,0006,0349,0383,0426"
SAN CRISTOBAL,SAN CRISTOBAL,SAN CRISTOBAL,INSTITUTO PREPARATORIO DE MENORES,AV. LUPERON NO. 31,SAN ISIDRO,"0007,0008,0008A,0008B,0229,0230,0252"
SAN CRISTOBAL,SAN CRISTOBAL,SAN CRISTOBAL,LOCAL DE CONANI,AVENIDA LUPERON NO. 33,SAN ISIDRO,"0254,0254A,0255,0255A,0281,0282"
SAN CRISTOBAL,SAN CRISTOBAL,SAN CRISTOBAL,AYUNTAMIENTO MUNICIPAL,AVENIDA CONSTITUCION NO.116,CENTRO DE LA CIUDAD,"0030,0030A,0384"
SAN CRISTOBAL,SAN CRISTOBAL,SAN CRISTOBAL,CENTRO SANITARIO,CALLE JUAN TOMAS DIAZ NO.2,VILLA VALDEZ,"0024,0025,0026,0031,0031A,0031B,0306,0307,0308"
SAN CRISTOBAL,SAN CRISTOBAL,SAN CRISTOBAL,COLEGIO OFICIALIZADO SAN RAFAEL,GENERAL CABRAL NO.102,CENTRO DE LA CIUDAD,"0012,0013,0014,0015,0015A,0283,0284"
SAN CRISTOBAL,SAN CRISTOBAL,SAN CRISTOBAL,ESCUELA PRIMARIA JUAN PABLO PINA,AVENIDA CONSTITUCION NO.186,CENTRO DE LA CIUDAD,"0033,0033A,0033B,0034,0034A,0304,0305,0385,0450"
SAN CRISTOBAL,SAN CRISTOBAL,SAN CRISTOBAL,ESCUELA PARROQUIAL SANTA RITA,AVENIDA LIBERTAD NO. 31,CENTRO DE LA CIUDAD,"0022,0022A,0023,0042,0042A,0043,0043A,0386,0388,0451"
SAN CRISTOBAL,SAN CRISTOBAL,SAN CRISTOBAL,ESTADIO TEMISTOCLES METZ,CALLE PADRE AYALA NO.29,CENTRO DE LA CIUDAD,"0019,0020,0020A,0021,0246,0246A,0274,0293,0294"
SAN CRISTOBAL,SAN CRISTOBAL,SAN CRISTOBAL,INSTITUTO POLITECNICO LOYOLA,REVERENDO PADRE JESUITA ANGEL ARIAS,PUEBLO NUEVO,"0016,0016A,0017,0017A,0018,0018A,0285,0286,0387,0427"
SAN CRISTOBAL,SAN CRISTOBAL,SAN CRISTOBAL,ESCUELA BASICA MANUEL MARIA VALENCIA,AVENIDA CONSTITUCION NO.129,CENTRO DE LA CIUDAD,"0038,0038A,0039,0039A,0234,0234A,0249,0249A,0258,0258A,0309"
SAN CRISTOBAL,SAN CRISTOBAL,SAN CRISTOBAL,POLIDEPORTIVO SAN CRISTOBAL,CALLE PEDRO RENVILLE ES- QUINA DUARTE,PUEBLO NUEVO,"0003,0003A,0004,0004A,0276,0277,0278,0279,0280"
SAN CRISTOBAL,SAN CRISTOBAL,SAN CRISTOBAL,CLUB CASINO SAN CRISTOBAL,AVENIDA CONSTITUCION NO.89,CENTRO DE LA CIUDAD,"0035,0035A,0036,0036A,0036B,0310,0369"
SAN CRISTOBAL,SAN CRISTOBAL,SAN CRISTOBAL,ESCUELA JOSE M. ALEJANDRO PICHARDO,AV. CONSTITUCION NO.186,CENTRO DE LA CIUDAD,"0032,0032A,0269,0269A,0302,0303"
SAN CRISTOBAL,SAN CRISTOBAL,SAN CRISTOBAL,ESCUELA PRIMARIA PADRE BORBON,PARAJE EL POMIER,EL POMIER,"0081,0082,0083,0084,0351,0373,0406,0470"
SAN CRISTOBAL,SAN CRISTOBAL,SAN CRISTOBAL,ESCUELA BASICA SABANA TORO,PARAJE SABANA TORO,SABANA TORO,"0085,0085A,0086,0086A,0271,0271A,0271B,0318,0319,0389,0428,0471"
SAN CRISTOBAL,SAN CRISTOBAL,SAN CRISTOBAL,ESCUELA BASICA VILLEGAS,PARAJE VILLEGAS,VILLEGAS,"0262,0317,0408"
SAN CRISTOBAL,SAN CRISTOBAL,SAN CRISTOBAL,CENTRO EDUCATIVO RAFAELA CORPORAN YOLÍ,PARAJE EL TABLAZO,EL TABLAZO,"0061,0409"
SAN CRISTOBAL,SAN CRISTOBAL,SAN CRISTOBAL,ESCUELA BASICA JOSE MELEN- DEZ,PARAJE INGENIO NUEVO,INGENIO NUEVO ( EL CENTRO ),"0179,0180,0181,0181A,0336,0413,0455"
SAN CRISTOBAL,SAN CRISTOBAL,SAN CRISTOBAL,CENTRO EDUCATIVO MIRA CIELO,"PARAJE MIRA CIELO, CARRET- ERA PALENQUE KM 9 1/2",MIRA CIELO,"0268,0394"
SAN CRISTOBAL,SAN CRISTOBAL,SAN CRISTOBAL,ESCUELA BASICA NIZA ARRIBA,"PARAJE NIZA ARRIBA, CARRET- ERA PALENQUE KM 7 1/2",NIZA,"0182,0183,0184"
SAN CRISTOBAL,SAN CRISTOBAL,SAN CRISTOBAL,ESCUELA BASICA CAMBITA STERLING,PARAJE CAMBITA STERLING CARRETERA PRINCIPAL,CAMBITA STERLIN,"0162,0162A,0163,0328,0430"
SAN CRISTOBAL,SAN CRISTOBAL,SAN CRISTOBAL,CENTRO EDUCATIVO CANASTA II,PARAJE CANASTA,CANASTA,"0167,0168,0169,0446"
SAN CRISTOBAL,SAN CRISTOBAL,SAN CRISTOBAL,CENTRO EDUCATIVO PROYECTO CANASTA,PARAJE CANASTICA KM 5,CANASTICA ( KLM. 5 ),"0211,0248,0335,0360,0395,0431"
SAN CRISTOBAL,SAN CRISTOBAL,SAN CRISTOBAL,ESCUELA BASICA LA ROSA,"PARAJE LA ROSA, CALLE 1RA. NO. 38",LA ROSA,"0244,0456"
SAN CRISTOBAL,SAN CRISTOBAL,SAN CRISTOBAL,CENTRO EDUCATIVO NAJAYO ARRIBA,PARAJE NAJAYO ARRIBA,NAJAYO ARRIBA,"0164,0165,0166,0329,0347,0396,0448"
SAN CRISTOBAL,SAN CRISTOBAL,SAN CRISTOBAL,ESCUELA BASICA SANTA LUCIA DE CAMBA,PARAJE SANTA LUCIA DE CAMBA,SANTA LUCIA DE CAMBA,"0267,0348,0414"
SAN CRISTOBAL,SAN CRISTOBAL,SAN CRISTOBAL,ESCUELA BASICA SAINAGUA,"PARAJE SAINAGUA, CARRET- ERA PALENQUE NO, 74",SAINAGUA,"0147,0148,0149,0150,0151,0152,0364,0432"
SAN CRISTOBAL,SAN CRISTOBAL,SAN CRISTOBAL,ESCUELA BASICA SANTA MARIA,PARAJE SANTA MARIA,LA PLACETA SANTA MARIA,"0088,0089,0457"
SAN CRISTOBAL,SAN CRISTOBAL,SAN CRISTOBAL,ESCUELA BASICA CANASTICA KM.2,"PARAJE CANASTICA KM2, CAL- LE DOMINGO SABIO NO. 136",CANASTICA KM. 2,"0241,0241A,0241B,0251,0251A,0330,0331,0332,0333,0334,0365,0375,0397,0458,0477"
SAN CRISTOBAL,SAN CRISTOBAL,SAN CRISTOBAL,COLEGIO CRISTIANO ALFARERO,CALLE BERNARDO ALIES NO. 248,LAVAPIES,"0011,0011A,0415,0478"
SAN CRISTOBAL,SAN CRISTOBAL,SAN CRISTOBAL,COMEDOR ECONOMICO DEL ESTADO DOMINICANO,CALLE PABLO BARINAS NO. 221,LAVAPIES,"0288,0289,0290,0291,0292,0398,0459"
SAN CRISTOBAL,SAN CRISTOBAL,SAN CRISTOBAL,ESCUELA PRIMARIA DOÑA CHU- CHA,CALLE PEDRO ANTONIO GAR- CIA NO. 59,MADRE VIEJA NORTE,"0311,0312,0353,0355,0362,0368,0399,0402,0460"
SAN CRISTOBAL,SAN CRISTOBAL,SAN CRISTOBAL,INSTITUTO POSTAL,AV. CONSTITUCION #188,CENTRO DE LA CIUDAD,"0259,0259A,0400"
SAN CRISTOBAL,SAN CRISTOBAL,SAN CRISTOBAL,LOCAL DEL JUDO,CALLE SANTOME ESQUINA ARMANDO NIVAR,CENTRO DE LA CIUDAD,"0028,0029,0272,0273"
SAN CRISTOBAL,SAN CRISTOBAL,SAN CRISTOBAL,UNIVERSIDAD EUGENIO MARIA DE HOSTOS,CARRETERA SANCHEZ,MADRE VIEJA NORTE,"0235,0235A,0235B,0401"
SAN CRISTOBAL,SAN CRISTOBAL,SAN CRISTOBAL,OFICINA DE TRANSITO MUNICIPAL,CALLE PADRE AYALA ESQ. DR. BRIOSO,CENTRO DE LA CIUDAD,"0037,0037A,0040,0040A,0041,0041A"
SAN CRISTOBAL,SAN CRISTOBAL,SAN CRISTOBAL,ESC. BASICA MADRE VIEJA SUR,C/ TERCERA MADRE VIEJA SUR,MADRE VIEJA SUR,"0354,0356,0376,0403,0423,0434,0464,0479"
SAN CRISTOBAL,SAN CRISTOBAL,SAN CRISTOBAL,ESCUELA BASICA VILLA FUNDA- CION,"PARAJE VILLA FUNCACION, CALLE 2DA. NO. 1",VILLA FUNDACION,"0352,0358,0361,0377,0404,0422,0435,0480"
SAN CRISTOBAL,SAN CRISTOBAL,SAN CRISTOBAL,CENTRO EDUCATIVO CLUB ROTARIO,PARAJE KILOMETRO 4,KILOMETRO 4,"0366,0405,0436"
SAN CRISTOBAL,SAN CRISTOBAL,SAN CRISTOBAL,CENTRO EDUCATIVO MISION TU PUEDES,"PARAJE LA ALTAGRACIA, CALLE 2DA.",LA ALTAGRACIA (NA- JAYO ARRIBA),"0367,0437"
SAN CRISTOBAL,SAN CRISTOBAL,SAN CRISTOBAL,ESCUELA PRIMARIA JUAN PABLO DUARTE,CALLE MEXICO NO. 33,LOS MOLINA,"0370,0416,0461"
SAN CRISTOBAL,SAN CRISTOBAL,SAN CRISTOBAL,ESCUELA PRIMARIA FERNANDO CABRAL ORTEGA,CALLE CAYENA NO.01,LAS FLORES,"0371,0438,0481"
SAN CRISTOBAL,SAN CRISTOBAL,SAN CRISTOBAL,ESCUELA BASICA OFELIA MARIA RIVAS,"PARAJE 5 DE ABRIL, CALLE PRIMERA NO. 101",5 DE ABRIL,"0372,0417,0439,0482"
SAN CRISTOBAL,SAN CRISTOBAL,SAN CRISTOBAL,ESCUELA AMERICO LUGO,CALLE 18 DE AGOSTO # 80,PUEBLO NUEVO,"0378,0483"
SAN CRISTOBAL,SAN CRISTOBAL,SAN CRISTOBAL,ASOCIACION DE CONTADORES PUBLICOS AUTORIZADOS,AVENIDA LIBERTAD,CENTRO DE LA CIUDAD,379
SAN CRISTOBAL,SAN CRISTOBAL,SAN CRISTOBAL,ESCUELA PRIMARIA LOS CACAI- TOS,PARAJE LOS CACAITOS,CACAITOS,380
SAN CRISTOBAL,SAN CRISTOBAL,SAN CRISTOBAL,EDIFICIO EL HUACALITO,"CALLE SANTOME, CENTRO DE LA CIUDAD",CENTRO DE LA CIUDAD,"0027,0300,0301"
SAN CRISTOBAL,SAN CRISTOBAL,SAN CRISTOBAL,ESCUELA BASICA MARIA TRINIDAD SANCHEZ,"CALLE 11, SABANA TORO",MOSCU,"0418,0440,0484"
SAN CRISTOBAL,SAN CRISTOBAL,SAN CRISTOBAL,CENTRO EDUCATIVO PEDRO MIR,CAÑADA HONDA,CAÑADA HONDA,419
SAN CRISTOBAL,SAN CRISTOBAL,SAN CRISTOBAL,ESCUELA BASICA MATIAS RAMON MELLA,CALLE PRINCIPAL,VILLA PROGRESO,"0420,0441,0485"
SAN CRISTOBAL,SAN CRISTOBAL,SAN CRISTOBAL,CENTRO EDUCATIVO VILLA MER- CEDES,CALLE LAS TRINITARIAS,MADRE VIEJA SUR,"0421,0442"
SAN CRISTOBAL,SAN CRISTOBAL,SAN CRISTOBAL,INSTITUTO POLITECNICO FRAN- CISCO J. PEYNADO,CALLE CRISTO REY ESQ. 6 DE NOVIEMBRE,LAVAPIES,443
SAN CRISTOBAL,SAN CRISTOBAL,SAN CRISTOBAL,ESCUELA BASICA PROF. MILA- GROS OZUNA,"CALLE ERCILIA PEPIN, FRENTE AL MERCADO",CANASTICA KM. 2,"0444,0462"
SAN CRISTOBAL,SAN CRISTOBAL,SAN CRISTOBAL,CENTRO EDUCATIVO ESTEBAN DIAZ MONTERO,CARRETERA LA TOMA,LA SUIZA,465
SAN CRISTOBAL,SAN CRISTOBAL,SAN CRISTOBAL,SOTANO DE LA IGLESIA CATOLICA,PARAJE LAS PALMAS,LA PALMA,466
SAN CRISTOBAL,SAN CRISTOBAL,SAN CRISTOBAL,ESCUELA BASICA LOMA VERDE,CALLE PRIMERA DEL SECTOR LOMA VERDE,LOMA VERDE,467
SAN CRISTOBAL,SAN CRISTOBAL,SAN CRISTOBAL,ESCUELA BASICA SAN RAFAEL,"KM 2, CARRETERA SANCHEZ",LA COQUERA,486
SAN CRISTOBAL,SAN CRISTOBAL,HATO DAMAS (DM),CENTRO EDUCATIVO FRANCISCO HENRIQUEZ Y CARVAJAL,PARAJE CARVAJAL,CARVAJAL,"0218,0407"
SAN CRISTOBAL,SAN CRISTOBAL,HATO DAMAS (DM),ESCUELA BASICA EL RAMON,"PARAJE EL RAMON, CALLE PRINCIPAL NO.20",EL RAMON,"0219,0357"
SAN CRISTOBAL,SAN CRISTOBAL,HATO DAMAS (DM),ESCUELA INICIAL Y BASICA SAN FRANCISCO,PARAJE SAN FRANCISCO,SAN FRANCISCO,"0078,0079,0080,0390"
SAN CRISTOBAL,SAN CRISTOBAL,HATO DAMAS (DM),ESCUELA BASICA VICTORIANO CEBALLOS DIAZ,PARAJE BOCA DE LOS DOS RIOS,BOCA DE LOS RIOS,"0060,0247"
SAN CRISTOBAL,SAN CRISTOBAL,HATO DAMAS (DM),ESCUELA BASICA MALUCO,PARAJE MALUCO,MALUCO,"0057,0058,0059,0472"
SAN CRISTOBAL,SAN CRISTOBAL,HATO DAMAS (DM),ESCUELA BASICA ANGEL MARIA DE LA ROSA,D.M. HATO DAMAS,HATO DAMAS,"0064,0064A,0065,0065A,0315,0316,0429,0474"
SAN CRISTOBAL,SAN CRISTOBAL,HATO DAMAS (DM),ESCUELA BASICA LOS MONTONES II,PARAJE LOS MONTONES,LOS MONTONES,"0062,0063,0393"
SAN CRISTOBAL,SAN CRISTOBAL,HATO DAMAS (DM),ESCUELA BASICA LOS HOYOS,PARAJE LOS HOYOS,LOS HOYOS,"0345,0433"
SAN CRISTOBAL,SAN CRISTOBAL,HATILLO (DM),ESCUELA BASICA ESTEBANIA,"CALLE B, NUMERO 8",ESTEBANIA,"0270,0344,0410,0473"
SAN CRISTOBAL,SAN CRISTOBAL,HATILLO (DM),ESCUELA BASICA CALLA BONITA,PARAJE CALLA BONITA,"EL CALVARIO, CALLA BONITA","0238,0238A,0391,0463"
SAN CRISTOBAL,SAN CRISTOBAL,HATILLO (DM),ESCUELA BASICA JOSÉ FRANCIS- CO PEÑA GOMEZ,"PARAJE HOJAS ANCHAS, CAL- LE OSVALDO BAZIL NO. 155",HOJAS ANCHAS,"0111,0239,0239A,0322,0411,0452"
SAN CRISTOBAL,SAN CRISTOBAL,HATILLO (DM),CENTRO EDUCATIVO HATILLO,"PARAJE LA SABANA, C/ TULIO MANUEL CESTERO NO. 80",LA SABANA,"0108,0108A,0109,0110,0110A,0320,0321,0392,0453"
SAN CRISTOBAL,SAN CRISTOBAL,HATILLO (DM),CENTRO EDUCATIVO SAN MIGUEL,"PARAJE SAN MIGUEL, CARRET- ERA SANCHEZ KM. 23 1/2",SAN MIGUEL,"0107,0107A,0264,0359,0412,0454"
SAN CRISTOBAL,SAN CRISTOBAL,HATILLO (DM),ESCUELA BASICA SAN RAFAEL,"PARAJE SAN RAFAEL, CARRET- ERA SANCHEZ KM 26",SAN RAFAEL,"0112,0113,0114"
SAN CRISTOBAL,SAN CRISTOBAL,HATILLO (DM),ESCUELA BASICA LAS PALMAS,PARAJE LA CRUZ DE SANTI- AGO,LA CRUZ DE SANTIAGO,"0090,0263,0374,0475"
SAN CRISTOBAL,SAN CRISTOBAL,HATILLO (DM),ESCUELA BASICA LOS MAMEYES,PARAJE LOS MAMEYES,LOS MAMEYES,"0087,0237,0346,0447"
SAN CRISTOBAL,SAN CRISTOBAL,HATILLO (DM),ESCUELA BASICA MATA NARANJO,"PARAJE MATA NARANJO, CAL- LE ENRIQUE DURAN NO. 141",MATA NARANJO,"0091,0115,0363,0476"
SAN CRISTOBAL,SAN CRISTOBAL,HATILLO (DM),ESCUELA BASICA LOS ALGARRO- BOS,"LOS CANTINES, CALLE LAS MERCEDES",HATILLO,445
SAN CRISTOBAL,VILLA ALTAGRACIA,VILLA ALTAGRACIA,AYUNTAMIENTO MUNICIPAL,AUTOPISTA DUARTE,CENTRO DE LA CIUDAD,"0006,0008,0060,0079"
SAN CRISTOBAL,VILLA ALTAGRACIA,VILLA ALTAGRACIA,COLEGIO AVEMARIA (ANT. GOLE- GIO PIAGET),CALLE MELLA NO.28,CENTRO DE LA CIUDAD,"0012,0013,0013A,0014"
SAN CRISTOBAL,VILLA ALTAGRACIA,VILLA ALTAGRACIA,CUARTEL DE BOMBEROS CIVILES,GASTON F. DELIGNE NO 25,CENTRO DE LA CIUDAD,1
SAN CRISTOBAL,VILLA ALTAGRACIA,VILLA ALTAGRACIA,ESC. PRIM. JAVIER ANGULO GURIDI,CALLE ALTAGRACIA ESQ. ANACAONA,CENTRO DE LA CIUDAD,"0004,0005,0009,0010,0011,0052,0059,0115"
SAN CRISTOBAL,VILLA ALTAGRACIA,VILLA ALTAGRACIA,PALACIO DE JUSTICIA DE VILLA ALTAGRACIA,CALLE ROBERTICO JIMENEZ (ANTIGUA ISABEL LA CATOL- ICA),PRIMAVERAL,"0015,0015A,0062,0113"
SAN CRISTOBAL,VILLA ALTAGRACIA,VILLA ALTAGRACIA,ESCUELA PRIMARIA BASICA LAS 10 CASITAS,PARAJE LAS 10 CASITAS,LAS 10 CASITAS,"0024,0025,0065,0085,0101"
SAN CRISTOBAL,VILLA ALTAGRACIA,VILLA ALTAGRACIA,ESCUELA FRANCISCO DEL ROSA- RIO SANCHEZ,PARAJE CARVAJAL SECCION MANA DE HAINA,CARVAJAL (LA LOMITA),29
SAN CRISTOBAL,VILLA ALTAGRACIA,VILLA ALTAGRACIA,ESCUELA PRIMARIA PATRIA MIRABAL,PARAJE HORMIGO SECCION MANA DE HAINA,HORMIGO,"0032,0057"
SAN CRISTOBAL,VILLA ALTAGRACIA,VILLA ALTAGRACIA,ESCUELA BASICA LORENZO PE- REZ POCHE,PARAJE MADRIGAL SECCION MANA DE HAINA,MADRIGAL,"0034,0076,0088,0116"
SAN CRISTOBAL,VILLA ALTAGRACIA,VILLA ALTAGRACIA,ESCUELA BASICA ISIDRO RODRI- GUEZ,PARAJE MANA DE HAINA,MANA DE HAINA (MAIZAL),"0033,0036,0037,0068"
SAN CRISTOBAL,VILLA ALTAGRACIA,VILLA ALTAGRACIA,CENTRO EDUCATIVO JUAN PABLO DUARTE,CALLE CENTRAL NO. 39,DUARTE,"0030,0030A,0031,0031A,0056,0056A,0067,0067A,0102,0117"
SAN CRISTOBAL,VILLA ALTAGRACIA,VILLA ALTAGRACIA,LICEO MANUEL PATIN MACEO,CALLE ALTAGRACIA ESQ. ANACAONA,CENTRO DE LA CIUDAD,"0051,0061,0070,0071,0077,0078,0080,0080A,0118"
SAN CRISTOBAL,VILLA ALTAGRACIA,VILLA ALTAGRACIA,FUNDACION CAAMAÑO CONTRA LA MISERIA,CALLE GASTON FERNANDO DELIGNE NO. 1 ESQ. DUARTE,CENTRO DE LA CIUDAD,3
SAN CRISTOBAL,VILLA ALTAGRACIA,VILLA ALTAGRACIA,ESCUELA PRIM. ETILIANO SUSANA,BARRIO LA 80 CASITAS,CATAREY,"0091,0093,0099,0105,0119"
SAN CRISTOBAL,VILLA ALTAGRACIA,VILLA ALTAGRACIA,ESCUELA BASICA VILLA NUEVA,VILLA NUEVA,VILLA NUEVA,"0092,0100,0120"
SAN CRISTOBAL,VILLA ALTAGRACIA,VILLA ALTAGRACIA,BIBLIOTECA FABIO FIALLO,"CALLE NICARAGUA NO. 28, CENTRO DE LA CIUDAD",CENTRO DE LA CIUDAD,90
SAN CRISTOBAL,VILLA ALTAGRACIA,VILLA ALTAGRACIA,FEDERACION DE JUNTAS DE VECINOS,"C/GASTON F. DELIGNE NO. 27 ESQ. DUARTE (2DO. PISO), CIUDAD",CENTRO DE LA CIUDAD,"0002,0002A"
SAN CRISTOBAL,VILLA ALTAGRACIA,VILLA ALTAGRACIA,ESCUELA BASICA DE LA COLINA 4,BARRIO COLINA 4,COLINA 4,107
SAN CRISTOBAL,VILLA ALTAGRACIA,VILLA ALTAGRACIA,ESCUELA PRIMARIA LIDIA CE- LESTE REYNOSO,"PARAJE KM. 45, C/ SAN ANTO- NIO S/N",FLOR DE LIZ (KM 45),"0075,0086,0103,0108"
SAN CRISTOBAL,VILLA ALTAGRACIA,VILLA ALTAGRACIA,POLITECNICO NUESTRA SEÑORA DE LA ALTAGRACIA,CALLE PADRE BILLINI,PAJARITO,"0109,0121"
SAN CRISTOBAL,VILLA ALTAGRACIA,VILLA ALTAGRACIA,ESCUELA PRIMARIA ERCILIA PEPIN,CALLE TOMAS DE LA CONCHA,NANDITA (DUARTE),"0110,0122"
SAN CRISTOBAL,VILLA ALTAGRACIA,VILLA ALTAGRACIA,SECRETARIA DE LA MUJER,CALLE ROBERTICO JIMENEZ,LOS ALEMANES,"0081,0095"
SAN CRISTOBAL,VILLA ALTAGRACIA,VILLA ALTAGRACIA,OFICINA DE ADUANAS ZONA FRANCA,PARAJE CATAREY,CATAREY,27
SAN CRISTOBAL,VILLA ALTAGRACIA,VILLA ALTAGRACIA,EDIFICIO DEL CEA,PARAJE CATAREY,CATAREY,66
SAN CRISTOBAL,VILLA ALTAGRACIA,VILLA ALTAGRACIA,ESCUELA JUAN DE MOTA,PARAJE MADRIGAL,QUINTO CENTENARIO,"0097,0106,0123"
SAN CRISTOBAL,VILLA ALTAGRACIA,VILLA ALTAGRACIA,CLUB MUNICIPAL,CALLE NICARAGUA,CENTRO DE LA CIUDAD,"0007,0016"
SAN CRISTOBAL,VILLA ALTAGRACIA,VILLA ALTAGRACIA,DISTRITO ESCOLAR 04-04,CALLE DUARTE N0. 45,CENTRO DE LA CIUDAD,"0053,0063"
SAN CRISTOBAL,VILLA ALTAGRACIA,VILLA ALTAGRACIA,ESCUELA PRIMARIA HERMANAS MIRABAL,PARAJE MANA,MANA DE HAINA (MAIZAL),35
SAN CRISTOBAL,VILLA ALTAGRACIA,VILLA ALTAGRACIA,MINISTERIO DE AGRICULTURA,CALLE DUARTE AL LADO DE LA ZONA FRANCA,CENTRO DE LA CIUDAD,26
SAN CRISTOBAL,VILLA ALTAGRACIA,SAN JOSE-PINO HERRADO-EL PUER- TO(DM),ESCUELA SONIA ALTAGRACIA PEÑA,PARAJE CAÑADA HONDA,CAÑADA HONDA (LOS ARROYONES),22
SAN CRISTOBAL,VILLA ALTAGRACIA,SAN JOSE-PINO HERRADO-EL PUER- TO(DM),ESCUELA PRIMARIA FELICIA CUESTA DIAZ,PARAJE BASIMA,BASIMA,"0023,0054,0084,0096,0111"
SAN CRISTOBAL,VILLA ALTAGRACIA,SAN JOSE-PINO HERRADO-EL PUER- TO(DM),ESCUELA BASICA PROF. GUARION- EX FERREIRA R.,PARAJE SABANA PIEDRA,SABANA PIEDRA,"0028,0055,0087"
SAN CRISTOBAL,VILLA ALTAGRACIA,SAN JOSE-PINO HERRADO-EL PUER- TO(DM),ESCUELA AURA ESTELA NUÑEZ,PARAJE BATEY 56,BATEY 56,"0020,0021,0083"
SAN CRISTOBAL,VILLA ALTAGRACIA,SAN JOSE-PINO HERRADO-EL PUER- TO(DM),LICEO TULIO MANUEL CESTERO,PARAJE PINO HERRADO,PINO HERRADO,"0017,0017A,0018,0019,0064,0082,0098,0104"
SAN CRISTOBAL,VILLA ALTAGRACIA,SAN JOSE-PINO HERRADO-EL PUER- TO(DM),CENTRO EDUCATIVO MARIA TERE- SA HERNANDEZ,D.M. SAN JOSE DEL PUERTO,LA CUMBRE,112
SAN CRISTOBAL,VILLA ALTAGRACIA,SAN JOSE-PINO HERRADO-EL PUER- TO(DM),ESCUELA BASICA KILOMETRO 59,D.M. SAN JOSE DEL PUERTO,KILOMETRO 59,114
SAN CRISTOBAL,VILLA ALTAGRACIA,SAN JOSE-PINO HERRADO-EL PUER- TO(DM),CENTRO COMUNAL ALEJANDRO SANTIAGO,PARAJE LOS MOGOTES,LOS MOGOTES,124
SAN CRISTOBAL,VILLA ALTAGRACIA,SAN JOSE-PINO HERRADO-EL PUER- TO(DM),ESCUELA PRIMARIA SALOME UREÑA,PARAJE KM 61,KM. 61,125
SAN CRISTOBAL,VILLA ALTAGRACIA,SAN JOSE-PINO HERRADO-EL PUER- TO(DM),LICEO POLITECNICO MANUEL AURELIO TAVAREZ JUSTO,"PARAJE GUANANITO, BASIMA",GUANANITO,126
SAN CRISTOBAL,VILLA ALTAGRACIA,MEDINA (DM),ESCUELA PRIMARIA GREGORIA DOÑE DE ABAD,PARAJE LOMA VERDE,LOMA VERDE,"0046,0046A,0058,0074"
SAN CRISTOBAL,VILLA ALTAGRACIA,MEDINA (DM),ESCUELA REPUBLICA DE LAS BAHAMAS,PARAJE MEDINA,MEDINA,"0047,0048,0049,0050"
SAN CRISTOBAL,VILLA ALTAGRACIA,MEDINA (DM),ESCUELA PRIMARIA RURAL DANI- LO GINEBRA,PARAJE PEDRERO,EL PEDRERO,94
SAN CRISTOBAL,VILLA ALTAGRACIA,MEDINA (DM),ESCUELA PRIMARIA GREGORIO LUPERON,PARAJE CASTAÑO,CASTAÑO,127
SAN CRISTOBAL,VILLA ALTAGRACIA,LA CUCHILLA (DM),ESCUELA EL CAOBAL,PARAJE EL CAOBAL,CAOBAL,"0040,0041,0073,0089"
SAN CRISTOBAL,VILLA ALTAGRACIA,LA CUCHILLA (DM),LICEO PROFESOR CESAR EVERTZ,PARAJE EL CIDRAL,EL CIDRAL,"0038,0039,0072"
SAN CRISTOBAL,VILLA ALTAGRACIA,LA CUCHILLA (DM),ESCUELA BASICA LA CUCHILLA,PARAJE LA CUCHILLA,LA CUCHILLA,"0042,0043,0043A,0044,0045,0045A,0069"
SAN CRISTOBAL,YAGUATE,YAGUATE,ESCUELA BASICA FRAY BAR- TOLOME DE LAS CASAS,AV. LIBERTAD,CENTRO DE LA CIUDAD,"0002,0002A,0003,0032,0032A,0037,0062"
SAN CRISTOBAL,YAGUATE,YAGUATE,ESCUELA BASICA RAMONA ANTO- NIA CABRERA,PARAJE ARROYO MAMEY SEC- CION LAS GALLARDAS,ARROYO MAMEY,"0034,0043"
SAN CRISTOBAL,YAGUATE,YAGUATE,ESCUELA BASICA LA CUEVA,PARAJE LA CUEVA SECCION LAS GALLARDAS,LA CUEVA,"0029,0038"
SAN CRISTOBAL,YAGUATE,YAGUATE,ESCUELA BASICA LAS MERCEDES,PARAJE LAS MERCEDES SEC- CION LAS GALLARDAS,LAS MERCEDES,"0012,0013,0042,0068"
SAN CRISTOBAL,YAGUATE,YAGUATE,ESCUELA BASICA SEMANA SANTA,PARAJE SEMANA SANTA,SEMANA SANTA,"0030,0064,0069"
SAN CRISTOBAL,YAGUATE,YAGUATE,ESCUELA BASICA BOCA DE MANA,PARAJE HATILLO DE YAGUATE SECCION MANA DE YAGUATE,HATILLO DE YAGUATE (HATILLO MANA ABAJO),"0006,0033"
SAN CRISTOBAL,YAGUATE,YAGUATE,ESCUELA BASICA MANA DE YAGUATE,PARAJE MANA DE YAGUATE SECCION MANA DE YAGUATE,MANA DE YAGUATE,"0004,0005,0031"
SAN CRISTOBAL,YAGUATE,YAGUATE,ESCUELA BASICA DUVEAUX,PARAJE DUVEAUX SECCION NAJAYO EN MEDIO,DOVEAUX,"0025,0026,0049,0071"
SAN CRISTOBAL,YAGUATE,YAGUATE,ESCUELA BASICA INGENIO CAEI,PARAJE INGENIO CAEI,INGENIO CAEI,"0020,0021"
SAN CRISTOBAL,YAGUATE,YAGUATE,ESCUELA BASICA LA VACA,PARAJE LA CABIRMA SECCION NAJAYO EN MEDIO,LA CABIRMA,"0028,0050"
SAN CRISTOBAL,YAGUATE,YAGUATE,ESCUELA BASICA LA CABRIA,PARAJE LA CABRIA SECCION NAJAYO EN MEDIO,LA CABRIA,"0024,0035,0058"
SAN CRISTOBAL,YAGUATE,YAGUATE,ESCUELA BASICA LOS VALLEJOS,PARAJE LA LOMA SECCION NAJAYO EN MEDIO,LA LOMA,"0027,0036,0045"
SAN CRISTOBAL,YAGUATE,YAGUATE,ESCUELA BASICA LA CABIRMA,PARAJE LOS SANCHEZ SEC- CION NAJAYO EN MEDIO,LOS SANCHEZ,"0017,0047"
SAN CRISTOBAL,YAGUATE,YAGUATE,ESCUELA BASICA NAJAYO AL MEDIO,PARAJE NAJAYO EN MEDIO,NAJAYO EN MEDIO,"0018,0040,0059,0072"
SAN CRISTOBAL,YAGUATE,YAGUATE,POLITECNICO ANA LILIANS MIRANDA,CIUDAD,CENTRO DE LA CIUDAD,"0001,0001A,0054,0060,0063,0073"
SAN CRISTOBAL,YAGUATE,YAGUATE,ESCUELA BASICA LA JAGUA,PARAJE LA JAGUA SECCION LAS GALLARDAS,LA JAGUA,51
SAN CRISTOBAL,YAGUATE,YAGUATE,ESCUELA BASICA LOS LEONES,PARAJE LOS LEONES SECCION NAJAYO EN MEDIO,LOS LEONES,"0019,0053"
SAN CRISTOBAL,YAGUATE,YAGUATE,ESCUELA BASICA PAJARITO,PARAJE PAJARITO,PAJARITO,"0022,0048,0052"
SAN CRISTOBAL,YAGUATE,YAGUATE,ESCUELA PRIMARIA EL CORTE,"PARAJE EL CORTE, EL CORTE",EL CORTE,7
SAN CRISTOBAL,YAGUATE,YAGUATE,ESCUELA BASICA EL LIMON,PARAJE DOVEAUX,DOVEAUX,61
SAN CRISTOBAL,YAGUATE,YAGUATE,LICEO HERMANAS MIRABAL,PARAJE SEMANA SANTA,SEMANA SANTA,"0030A,0056"
SAN CRISTOBAL,YAGUATE,DOÑA ANA (DM),ESCUELA BASICA LAS GALLARDAS,PARAJE DOÑA ANA,DOÑA ANA,"0014,0015,0016,0016A,0044,0055,0067"
SAN CRISTOBAL,YAGUATE,DOÑA ANA (DM),ESCUELA BASICA LA SIERRA,PARAJE LA SIERRA,LA SIERRA,"0008,0039,0041"
SAN CRISTOBAL,YAGUATE,DOÑA ANA (DM),ESCUELA BASICA LOS BRUJANES,PARAJE LOS BRUJAN,LOS BRUJANES,"0009,0010,0011"
SAN CRISTOBAL,YAGUATE,DOÑA ANA (DM),ESCUELA BASICA MACHIN,PARAJE MACHIN,MACHIN,"0023,0046,0070"
SAN CRISTOBAL,YAGUATE,DOÑA ANA (DM),CENTRO EDUCATIVO PROF. PATRIA MARIA PEREYRA,PARAJE DOÑA ANA,DOÑA ANA,"0057,0065,0066,0074"
SAN CRISTOBAL,SABANA GRANDE DE PALENQUE,SABANA GRANDE DE PALENQUE,ESC. PRIMARIA BASICA PADRE BORBON,CALLE ROMUALDO TEJEDA,CENTRO DE LA CIUDAD,"0001,0002,0003,0004,0005,0015"
SAN CRISTOBAL,SABANA GRANDE DE PALENQUE,SABANA GRANDE DE PALENQUE,ESCUELA BASICA JUAN BARON,PARAJE JUAN BARON SECCION JUAN BARON,JUAN BARON,"0006,0007,0008,0009,0017,0021,0023,0024"
SAN CRISTOBAL,SABANA GRANDE DE PALENQUE,SABANA GRANDE DE PALENQUE,ESCUELA PRIMARIA RURAL,PARAJE SABANA PALENQUE,SABANA PALENQUE,"0010,0011,0012,0013,0014,0019,0020"
SAN CRISTOBAL,SABANA GRANDE DE PALENQUE,SABANA GRANDE DE PALENQUE,LICEO MELIDA ALTAGRACIA BAEZ,CALLE HERMANAS MIRABAL,CENTRO DE LA CIUDAD,"0016,0018,0022,0025"
SAN CRISTOBAL,BAJOS DE HAINA,BAJOS DE HAINA,ESCUELA JUAN PABLO DUARTE,CALLE GERONIMO PELLERANO #17,VILLA PENCA,"0027,0027A,0027B,0028,0029,0029A,0066,0077"
SAN CRISTOBAL,BAJOS DE HAINA,BAJOS DE HAINA,ESCUELA PRIMARIA DEL KM. 17,"KM. 17, CARRET. SANCHEZ",CENTRO DE LA CIUDAD,"0034,0035,0035A,0134"
SAN CRISTOBAL,BAJOS DE HAINA,BAJOS DE HAINA,ESCUELA BASICA PROF. MER- CEDES PEREZ (NEREIDA),RESP. CARRET. SANCHEZ. BO. EL BAGAZO,CENTRO DE LA CIUDAD,"0047,0052,0052A,0055,0078,0102,0119"
SAN CRISTOBAL,BAJOS DE HAINA,BAJOS DE HAINA,COLEGIO CESAR NICOLAS PEN- SON,AVENIDA RIO HAINA,CENTRO DE LA CIUDAD,"0020,0020A,0021,0021A,0022,0023,0023A"
SAN CRISTOBAL,BAJOS DE HAINA,BAJOS DE HAINA,ESCUELA MAX HENRIQUEZ UREÑA,C/ DELMONTE Y TEJADA. CIUDAD,CENTRO DE LA CIUDAD,"0031,0031A,0033,0033A,0037,0037A,0042,0044,0044A,0056,0057,0058,0103,0135"
SAN CRISTOBAL,BAJOS DE HAINA,BAJOS DE HAINA,CENTRO DE ESTUDIO SIBILIO,C/ 27 DE FEBRERO #23,CENTRO DE LA CIUDAD,"0040,0040A,0045,0045A,0063,0079,0136"
SAN CRISTOBAL,BAJOS DE HAINA,BAJOS DE HAINA,CENTRO SANITARIO,BAJOS DE HAINA,CENTRO DE LA CIUDAD,"0024,0024B"
SAN CRISTOBAL,BAJOS DE HAINA,BAJOS DE HAINA,COLEGIO SAN MARCOS,AVENIDA RIO HAINA/PLAZO- LETA,CENTRO DE LA CIUDAD,"0016,0017,0018,0018A,0019,0019A,0043,0043A,0051"
SAN CRISTOBAL,BAJOS DE HAINA,BAJOS DE HAINA,COLEGIO SAN AGUSTIN,CALLE SAN AGUSTIN,CENTRO DE LA CIUDAD,"0032,0032A,0032B,0104"
SAN CRISTOBAL,BAJOS DE HAINA,BAJOS DE HAINA,ESCUELA DE BARSEQUILLO,PARAJE BARSEQUILLO,BARSEQUILLO,"0015,0015A,0015B,0073,0090,0105,0113,0137"
SAN CRISTOBAL,BAJOS DE HAINA,BAJOS DE HAINA,CENTRO DE EXCELENCIA MELBA BAEZ DE ERAZO,PARAJE PIEDRA BLANCA,PIEDRA BLANCA,"0008,0008A,0009,0009A,0010,0010A,0010B,0010C,0012,0012A,0012B,0012C,0068,0070,0080,0098,0138"
SAN CRISTOBAL,BAJOS DE HAINA,BAJOS DE HAINA,ESCUELA PRIMARIA ITABO,CARRETERA SANCHEZ KM.19 1/2,ITABO,"0039,0039A,0083,0121"
SAN CRISTOBAL,BAJOS DE HAINA,BAJOS DE HAINA,COLEGIO EVANGELICO EBENEZER,CALLE LIBERTAD ESQ. HORA- CIO VASQUEZ,CENTRO DE LA CIUDAD,"0030,0030A,0140"
SAN CRISTOBAL,BAJOS DE HAINA,BAJOS DE HAINA,ESCUELA BASICA EL PROGRESO,CALLE CENTRAL SECTOR CALLE EL MEDIO,CALLE EN MEDIO,"0011,0011A,0011B,0086,0122"
SAN CRISTOBAL,BAJOS DE HAINA,BAJOS DE HAINA,ESCUELA BASICA MATIAS RAMON MELLA,CALLE LAS CAOBAS,CENTRO DE LA CIUDAD,"0024A,0025,0025A,0026,0038,0038A"
SAN CRISTOBAL,BAJOS DE HAINA,BAJOS DE HAINA,ESCUELA SAN JOSE,CALLE CENTRAL #23 PROYEC- TO SAN JOSE,CENTRO DE LA CIUDAD,"0046,0046A,0046B,0087"
SAN CRISTOBAL,BAJOS DE HAINA,BAJOS DE HAINA,ESCUELA SIGLO XXI,"CARRETERA SANCHEZ, KM. 18,, CENTRO DE LA CIUDAD",CENTRO DE LA CIUDAD,"0048,0048A,0061,0094,0123"
SAN CRISTOBAL,BAJOS DE HAINA,BAJOS DE HAINA,ESCUELA BASICA HERMANAS MIRABAL,PARAJE EL NIETO,EL NIETO,"0089,0124"
SAN CRISTOBAL,BAJOS DE HAINA,BAJOS DE HAINA,COLEGIO BETEL,C/ MAXIMO GOMEZ,CENTRO DE LA CIUDAD,"0095,0125"
SAN CRISTOBAL,BAJOS DE HAINA,BAJOS DE HAINA,ESCUELA PRIMARIA ACTIVO 20-30,"CARRETERA SANCHEZ VIEJA, LAS COLINAS,",BARSEQUILLO,"0054,0054A,0069,0085,0127,0142"
SAN CRISTOBAL,BAJOS DE HAINA,BAJOS DE HAINA,CENTRO DE CAPACITACION MI ESPERANZA,CALLE CENTRAL PROYECTO SAN JOSE,PIEDRA BLANCA,129
SAN CRISTOBAL,BAJOS DE HAINA,BAJOS DE HAINA,LICEO NAPOLEON CASILLA,CALLE PRINCIPAL ENTRADA SECTOR CABON,CABON,130
SAN CRISTOBAL,BAJOS DE HAINA,BAJOS DE HAINA,GREMIO SOCIEDAD SOCORRO MUTUO,"CALLE D NO. 30, KILOMETRO 18 CARRETERA SANCHEZ","TIERRA DE DIOS, HAINA",131
SAN CRISTOBAL,BAJOS DE HAINA,BAJOS DE HAINA,ESCUELA FRANCISCO DEL ROSA- RIO SANCHEZ,AVENIDA RIO HAINA PROXIMA AL CEMENTERIO,MAGDALENA,132
SAN CRISTOBAL,BAJOS DE HAINA,BAJOS DE HAINA,BIBLIOTECA MUNICIPAL BAJOS DE HAINA,AVENIDA RIO HAINA NO. 56,CENTRO DE LA CIUDAD,133
SAN CRISTOBAL,BAJOS DE HAINA,EL CARRIL (DM),ESCUELA BASICA EL CAJUILITO,PARAJE EL CAJUILITO SEC- CION EL CARRIL,EL CAJUILITO,"0036,0060,0106"
SAN CRISTOBAL,BAJOS DE HAINA,EL CARRIL (DM),ESCUELA BASICA EL CARRIL,PARAJE EL CARRIL SECCION EL CARRIL,EL CARRIL,"0005,0005A,0006,0059,0091,0107,0120"
SAN CRISTOBAL,BAJOS DE HAINA,EL CARRIL (DM),ESCUELA BASICA SABANETA,PARAJE SABANETA SECCION EL CARRIL,SABANETA,"0007,0007A,0041,0041A,0082,0100"
SAN CRISTOBAL,BAJOS DE HAINA,EL CARRIL (DM),ESCUELA BASICA LA PARED,PARAJE LA PARED SECCION LA PARED,LA PARED,"0001,0001A,0002,0002A,0003,0050,0050A,0075"
SAN CRISTOBAL,BAJOS DE HAINA,EL CARRIL (DM),ESCUELA BASICA MONTE ADEN- TRO,PARAJE MONTE ADENTRO,MONTE ADENTRO,"0053,0062"
SAN CRISTOBAL,BAJOS DE HAINA,EL CARRIL (DM),ESCUELA BASICA LA FELICIANA,"PARAJE LA FELICIANA, SEC- CION AL PARED",LA FELICIANA,"0004,0092,0114"
SAN CRISTOBAL,BAJOS DE HAINA,EL CARRIL (DM),COLEGIO CRISTIANO REF. SAN PABLO,PARAJE LA PARED,LA PARED,"0096,0112,0126"
SAN CRISTOBAL,BAJOS DE HAINA,EL CARRIL (DM),ESCUELA BASICA DE TERESAN- DON,PARAJE TERESANDON,TERESANDON,"0097,0118"
SAN CRISTOBAL,BAJOS DE HAINA,QUITA SUEÑO (DM),ESCUELA BASICA QUITA SUEÑO,C/ # 3 QUITA SUEÑO SECCION EL CARRIL,QUITA SUEÑO,"0013,0013A,0013B,0049,0049A,0074,0081,0099,0108,0139"
SAN CRISTOBAL,BAJOS DE HAINA,QUITA SUEÑO (DM),ESCUELA PRIMARIA VILLA MARIA,PARAJE VILLA MARIA,VILLA MARIA,"0072,0093,0111,0116,0141"
SAN CRISTOBAL,BAJOS DE HAINA,QUITA SUEÑO (DM),ESCUELA MI ESPERANZA,PARAJE LA CERCA,LA CERCA,"0076,0117"
SAN CRISTOBAL,BAJOS DE HAINA,QUITA SUEÑO (DM),LICEO MARTIN LOPEZ,"CALLE MARCELINO PEREZ N0. 73, EL MANGO.",QUITA SUEÑO,"0014,0014A,0014B,0064,0067,0084,0101,0109,0115,0128,0143"
SAN CRISTOBAL,CAMBITA GARABI- TOS,CAMBITA GARABI- TOS,ESCUELA BASICA PEDRO DOMIN- GUEZ,CALLE LA TRINITARIA #13,CENTRO DE LA CIUDAD,"0001,0002,0003,0004,0005,0006,0006A,0007"
SAN CRISTOBAL,CAMBITA GARABI- TOS,CAMBITA GARABI- TOS,ESCUELA BASICA LOS MANAN- TIALES,PARAJE EL CORTE NUEVO SECCION LOS MANANTIALES,EL CORTE NUEVO,22
SAN CRISTOBAL,CAMBITA GARABI- TOS,CAMBITA GARABI- TOS,ESCUELA BASICA LAS COLES,PARAJE LAS COLES SECCION LOS MANANTIALES,LAS COLES,25
SAN CRISTOBAL,CAMBITA GARABI- TOS,CAMBITA GARABI- TOS,ESCUELA BASICA DE VALENTIN,PARAJE VALENTIN SECCION LOS MANANTIALES,VALENTIN,"0023,0024"
SAN CRISTOBAL,CAMBITA GARABI- TOS,CAMBITA GARABI- TOS,ESCUELA BASICA EL CEDRO,PARAJE EL CEDRO SECCION HUMACHON,EL CEDRO,39
SAN CRISTOBAL,CAMBITA GARABI- TOS,CAMBITA GARABI- TOS,ESCUELA BASICA HUMACHON,PARAJE HUMACHON SECCION HUMACHON,HUMACHON,"0040,0041"
SAN CRISTOBAL,CAMBITA GARABI- TOS,CAMBITA GARABI- TOS,ESCUELA BASICA MUCHA AGUA,PARAJE MUCHA AGUA SEC- CION HUMACHON,MUCHA AGUA,"0037,0038"
SAN CRISTOBAL,CAMBITA GARABI- TOS,CAMBITA GARABI- TOS,ESCUELA BASICA LA COLONIA,PARAJE LA COLONIA SECCION LA COLONIA,LA COLONIA (LA CABIR- MA DE LA LAMA),26
SAN CRISTOBAL,CAMBITA GARABI- TOS,CAMBITA GARABI- TOS,ESCUELA BASICA LA TOMA,PARAJE LA TOMA SECCION LA COLONIA,LA TOMA,"0028,0065"
SAN CRISTOBAL,CAMBITA GARABI- TOS,CAMBITA GARABI- TOS,ESCUELA BASICA EL MAJAGUAL,PARAJE EL MAJAGUAL SEC- CION LA COLONIA,EL MAJAGUAL,29
SAN CRISTOBAL,CAMBITA GARABI- TOS,CAMBITA GARABI- TOS,ESCUELA MANO MATUEY ABAJO,PARAJE MANO MATUEY ABAJO SECCION LA COLONIA,MANO MATUEY ABAJO,27
SAN CRISTOBAL,CAMBITA GARABI- TOS,CAMBITA GARABI- TOS,INSTITUTO POLITECNICO CAMBITA GARABITOS,CALLE TRINITARIA #15,CENTRO DE LA CIUDAD,"0050,0051,0057,0059,0060,0069"
SAN CRISTOBAL,CAMBITA GARABI- TOS,CAMBITA GARABI- TOS,ESCUELA PRIMARIA RURAL CUMIA ARRIBA,CUMIA ARRIBA,HUMACHON,34
SAN CRISTOBAL,CAMBITA GARABI- TOS,CAMBITA GARABI- TOS,ESCUELA HERMANA MIRABAL,CALLE TRINITARIA NO. 32,EL CAJON,"0061,0070"
SAN CRISTOBAL,CAMBITA GARABI- TOS,CAMBITA GARABI- TOS,LICEO PROFESOR ANTONIO GARABITOS,CALLE PROLONGACION SIMON BOLIVAR,CENTRO DE LA CIUDAD,"0062,0063,0067"
SAN CRISTOBAL,CAMBITA GARABI- TOS,CAMBITA EL PUEB- LECITO (DM),ESCUELA BASICA LOS TOROS,PARAJE LOS TOROS SECCION HUMACHON,LOS TOROS,"0035,0036"
SAN CRISTOBAL,CAMBITA GARABI- TOS,CAMBITA EL PUEB- LECITO (DM),ESCUELA BASICA CUMIA ABAJO,PARAJE CUMIA ABAJO SEC- CION LA COLONIA,CUMIA ABAJO,56
SAN CRISTOBAL,CAMBITA GARABI- TOS,CAMBITA EL PUEB- LECITO (DM),ESCUELA BASICA SALOME UREÑA,PARAJE EL PUEBLECITO,EL PUEBLECITO,"0030,0031,0032,0033,0052,0068"
SAN CRISTOBAL,CAMBITA GARABI- TOS,CAMBITA EL PUEB- LECITO (DM),ESCUELA BASICA PUEBLO NUEVO,PARAJE PUEBLO NUEVO SEC- CION LAS COLONIAS,PUEBLO NUEVO,"0055,0064"
SAN CRISTOBAL,LOS CACAOS,LOS CACAOS,ESCUELA BASICA MARINO GARA- BITOS II,CIUDAD,CENTRO DE LA CIUDAD,"0012,0013"
SAN CRISTOBAL,LOS CACAOS,LOS CACAOS,ESCUELA BASICA ALAJANDRINA RAMIREZ,PARAJE CALDERON,CALDERON,"0009,0010,0011"
SAN CRISTOBAL,LOS CACAOS,LOS CACAOS,ESCUELA BASICA LOS ARROYITOS,PARAJE LOS ARROYITOS,LOS ARROYITOS,8
SAN CRISTOBAL,LOS CACAOS,LOS CACAOS,ESCUELA BASICA GUINEO AFUERA,PARAJE LA GUARDIA,LA GUARDIA,"0048,0049,0058"
SAN CRISTOBAL,LOS CACAOS,LOS CACAOS,ESCUELA BASICA LA SIEMBRA,PARAJE LA SIEMBRA,LA SIEMBRA,45
SAN CRISTOBAL,LOS CACAOS,LOS CACAOS,ESCUELA BASICA JOSE MANUEL DUVERGE,PARAJE LOS MINEROS,LOS MINEROS,46
SAN CRISTOBAL,LOS CACAOS,LOS CACAOS,ESCUELA BASICA ARROYO DEL CAFE,PARAJE ARROYO DE CAFE,ARROYO DEL CAFÉ,42
SAN CRISTOBAL,LOS CACAOS,LOS CACAOS,ESCUELA LOS NARANJOS,PARAJE LOS NARANJOS,LOS NARANJOS,43
SAN CRISTOBAL,LOS CACAOS,LOS CACAOS,ESCUELA BASICA MONTEADA NUEVA,PARAJE MONTE ADA NUEVA,MONTEADA NUEVA,44
SAN CRISTOBAL,LOS CACAOS,LOS CACAOS,OFICINA SECRETARIA DE ESTADO DE AGRICULTURA,CALLE REYITA SANCHEZ NO. 6. CENTRO DE LA CIUDAD,CENTRO DE LA CIUDAD,14
SAN CRISTOBAL,LOS CACAOS,LOS CACAOS,LICEO MARINO GARABITOS,CALLE SALOME UREÐA NO. 4,CENTRO DE LA CIUDAD,"0001,0060"
SAN CRISTOBAL,SAN GREGORIO DE NIGUA,SAN GREGORIO DE NIGUA,ESCUELA BASICA CARLOS PINTO,PARAJE CARLOS PINTO,CARLOS PINTO,"0001,0207,0208,0360"
SAN CRISTOBAL,SAN GREGORIO DE NIGUA,SAN GREGORIO DE NIGUA,ESCUELA PRIMARIA RURAL,PARAJE CAMBELEN,CAMBELEN,"0266,0343,0344,0348,0356"
SAN CRISTOBAL,SAN GREGORIO DE NIGUA,SAN GREGORIO DE NIGUA,ESCUELA PRIMARIA RURAL,PARAJE CRUCE DE NAJAYO ABAJO,NAJAYO ABAJO,"0199,0200,0349"
SAN CRISTOBAL,SAN GREGORIO DE NIGUA,SAN GREGORIO DE NIGUA,ESCUELA PRIMARIA RURAL,PARAJE MALPAEZ,MALPAEZ,"0196,0197,0198"
SAN CRISTOBAL,SAN GREGORIO DE NIGUA,SAN GREGORIO DE NIGUA,ESCUELA PRIMARIA RURAL,LOMA DE LOS FRUCTUOSOS,LOMA DE LOS FRUCTU- OSOS,"0221,0353"
SAN CRISTOBAL,SAN GREGORIO DE NIGUA,SAN GREGORIO DE NIGUA,ESCUELA PRIMARIA RURAL,PARAJE BOCA DE NIGUA,BOCA DE NIGUA,"0153,0154,0327,0346,0354"
SAN CRISTOBAL,SAN GREGORIO DE NIGUA,SAN GREGORIO DE NIGUA,CENTRO EDUCATIVO PADRE ZEGRI,CIUDAD,PUERTA BLANCA,"0141,0141A,0326,0345"
SAN CRISTOBAL,SAN GREGORIO DE NIGUA,SAN GREGORIO DE NIGUA,LICEO SECUNDARIO DE NIGUA,C/SAN GREGORIO NO. 22,NIGUA,"0142,0143,0144,0145,0146,0324,0325,0350,0352,0355"
SAN CRISTOBAL,SAN GREGORIO DE NIGUA,SAN GREGORIO DE NIGUA,ESCUELA PRIMARIA RURAL,PARAJE SAMANGOLA,SAMANGOLA,243
SAN CRISTOBAL,SAN GREGORIO DE NIGUA,SAN GREGORIO DE NIGUA,ESCUELA PRIMARIA RURAL,PARAJE SAN ANTONIO,SAN ANTONIO,"0265,0323"
SAN CRISTOBAL,SAN GREGORIO DE NIGUA,SAN GREGORIO DE NIGUA,ESCUELA BASICA DE DIOS DIRA,PARAJE DIOS DIRA,DIOS DIRA,347
SAN CRISTOBAL,SAN GREGORIO DE NIGUA,SAN GREGORIO DE NIGUA,ESCUELA PRIMARIA RURAL,PARAJE YOGO-YOGO,YOGOYOGO,"0351,0359"
SAN CRISTOBAL,SAN GREGORIO DE NIGUA,SAN GREGORIO DE NIGUA,LICEO PROFESOR JUAN BOSCH,CALLE SAN GREGORIO,NIGUA,"0357,0358,0361,0364"
SAN CRISTOBAL,SAN GREGORIO DE NIGUA,SAN GREGORIO DE NIGUA,ESCUELA BASICA JULIAN JIMENEZ,PARAJE LA CANELA,LA CANELA,362
SAN CRISTOBAL,SAN GREGORIO DE NIGUA,SAN GREGORIO DE NIGUA,ESCUELA BASICA SAN NICOLAS,PARAJE SAN NICOLAS,SAN NICOLAS,363
SAN JUAN,LAS MATAS DE FARFAN,LAS MATAS DE FARFAN,EDIFICIO DE RENTAS INTERNAS,CALLE INDEPENDENCIA #15B LA ESPERENZA,VILLA ESPERANZA,0010B
SAN JUAN,LAS MATAS DE FARFAN,LAS MATAS DE FARFAN,ESCUELA CAÑADA GRANDE,CALLE PROYECTO,PUEBLO NUEVO,"0005,0005A,0061,0071,0076"
SAN JUAN,LAS MATAS DE FARFAN,LAS MATAS DE FARFAN,EDIFICIO MUNICIPAL,CALLE INDEPENDENCIA NO.104,CENTRO DE LA CIUDAD,"0007,0070"
SAN JUAN,LAS MATAS DE FARFAN,LAS MATAS DE FARFAN,ESCUELA PRIM. DAMIAN DAVID ORTIZ,"CALLE 19 DE MARZO, BO. PUEBLO NUEVO",PUEBLO NUEVO,"0001,0002,0003,0004,0060,0065,0066,0080"
SAN JUAN,LAS MATAS DE FARFAN,LAS MATAS DE FARFAN,ESCUELA PRIMARIA SERGIA M. MATEO M.,"C/ FRANCISCO ALBERTO CAAMAÑO ,CIUDAD VILLA ESPERANZA",VILLA ESPERANZA,"0012,0013,0062,0063,0067,0073,0079"
SAN JUAN,LAS MATAS DE FARFAN,LAS MATAS DE FARFAN,LICEO SEC. MERCEDES MARIA MATEO,AVENIDA LIC. CESAR CANO,CENTRO DE LA CIUDAD,"0008,0009,0068"
SAN JUAN,LAS MATAS DE FARFAN,LAS MATAS DE FARFAN,ESCUELA PRIMARIA RURAL ARIS- TOFANY A. MELLA,PARAJE EL BATEY SECCION LA ESTANCIA,EL BATEY,"0045,0046"
SAN JUAN,LAS MATAS DE FARFAN,LAS MATAS DE FARFAN,ESCUELA PRIMARIA RURAL,PARAJE LA ESTANCIA,LA ESTANCIA,"0044,0064,0074"
SAN JUAN,LAS MATAS DE FARFAN,LAS MATAS DE FARFAN,ESCUELA PRIMARIA RURAL,PARAJE SAN JOSE SECCION LA ESTANCIA,SAN JOSE,"0047,0048"
SAN JUAN,LAS MATAS DE FARFAN,LAS MATAS DE FARFAN,ESCUELA PRIMARIA RURAL,PARAJE LA MESETA,LA MESETA,49
SAN JUAN,LAS MATAS DE FARFAN,LAS MATAS DE FARFAN,ESCUELA PRIMARIA RURAL,PARAJE SABANA DE LAS MULAS,SABANA DE LAS MULAS,"0040,0041,0042,0043"
SAN JUAN,LAS MATAS DE FARFAN,LAS MATAS DE FARFAN,ESCUELA PRIMARIA RURAL,PARAJE CATANAMATIA,CATANAMATIA,59
SAN JUAN,LAS MATAS DE FARFAN,LAS MATAS DE FARFAN,ESCUELA PRIMARIA RURAL,PARAJE CARRERA BONITA,CARRERA BONITA,"0026,0027,0028"
SAN JUAN,LAS MATAS DE FARFAN,LAS MATAS DE FARFAN,ESCUELA PRIMARIA RURAL PROF. RAYMUNDO MATEO ALCANTAR,PARAJE PAJONAL SECCION YOBONICO,EL PAJONAL,"0029,0075"
SAN JUAN,LAS MATAS DE FARFAN,LAS MATAS DE FARFAN,ESCUELA PRIMARIA RURAL LOS BARREROS,PARAJE LOS BARREROS,LOS BARREROS,23
SAN JUAN,LAS MATAS DE FARFAN,LAS MATAS DE FARFAN,ESCUELA PRIMARIA RURAL,PARAJE LOS COROCITOS,LOS COROCITOS,"0021,0022"
SAN JUAN,LAS MATAS DE FARFAN,LAS MATAS DE FARFAN,ESCUELA PRIMARIA RURAL,PARAJE SABANA TUNA,SABANA TUNA,30
SAN JUAN,LAS MATAS DE FARFAN,LAS MATAS DE FARFAN,ESCUELA FEDERICO G. FELIZ,PARAJE SEVERINO SECCION YABONICO,YABONICO,"0024,0025"
SAN JUAN,LAS MATAS DE FARFAN,LAS MATAS DE FARFAN,ESCUELA LOS CORRALES,KM. 1 1/2 CARRETERA SAN- CHEZ,VILLA CARMEN,"0010,0072,0082"
SAN JUAN,LAS MATAS DE FARFAN,LAS MATAS DE FARFAN,ESCUELA PROF. ALEJANDRO ENCARNACION P.,PROLONGACION CALLE PRIN- CIPAL,LOS GRINGOS,"0011,0087"
SAN JUAN,LAS MATAS DE FARFAN,LAS MATAS DE FARFAN,LICEO PROFESOR JORGE OGAN- DO LORENZO,CARRETERA SALIDA LAS MATAS-SAN JUAN DE LA MAGUANA,CENTRO DE LA CIUDAD,"0006,0006A,0010A,0011A,0077,0086"
SAN JUAN,LAS MATAS DE FARFAN,MATAYAYA (DM),ESCUELA PRIMARIA RURAL,PARAJE EL QUEMADO,EL QUEMADO,53
SAN JUAN,LAS MATAS DE FARFAN,MATAYAYA (DM),ESCUELA PRIMARIA RURAL EL NARANJO,PARAJE EL NARANJO,LAS CARRERAS,"0056,0057"
SAN JUAN,LAS MATAS DE FARFAN,MATAYAYA (DM),ESCUELA PRIMARIA RURAL,PARAJE LA JAGUA,LA JAGUA,"0054,0055"
SAN JUAN,LAS MATAS DE FARFAN,MATAYAYA (DM),ESCUELA PRIMARIA RURAL,PARAJE LA LOMA,LA LOMA,52
SAN JUAN,LAS MATAS DE FARFAN,MATAYAYA (DM),ESCUELA PRIMARIA RURAL,PARAJE LOS CERRITOS,LOS CERRITOS,"0050,0051"
SAN JUAN,LAS MATAS DE FARFAN,MATAYAYA (DM),ESCUELA PRIMARIA RURAL PAUL HARRIS,PARAJE CAJUIL SECCION COCINERA,EL CAJUIL,"0036,0039"
SAN JUAN,LAS MATAS DE FARFAN,MATAYAYA (DM),ESCUELA PRIMARIA RURAL,PARAJE LA JAGUITA,LA JAGUITA,31
SAN JUAN,LAS MATAS DE FARFAN,MATAYAYA (DM),ESCUELA PRIMARIA MARIA DE REGLA CASTILLO,PARAJE MATA YAYA SECCION (D.M.) DE MATA YAYA,MATA YAYA,"0037,0038"
SAN JUAN,LAS MATAS DE FARFAN,MATAYAYA (DM),ESCUELA PRIMARIA RURAL,PARAJE MIGUEL MARTINEZ,MIGUEL MARTINEZ,"0032,0033"
SAN JUAN,LAS MATAS DE FARFAN,MATAYAYA (DM),ESCUELA PRIMARIA RURAL,PARAJE OLIVERO,OLIVERO,35
SAN JUAN,LAS MATAS DE FARFAN,MATAYAYA (DM),ESCUELA PRIMARIA RURAL,"PARAJE LOS ALEJOS, LOS ALEJOS",LOS ALEJOS,34
SAN JUAN,LAS MATAS DE FARFAN,CARRERA DE YEGUAS (DM),ESCUELA PRIMARIA RURAL,CAÑADA SEGURA,CAÑA SEGURA,"0019,0020,0078,0084"
SAN JUAN,LAS MATAS DE FARFAN,CARRERA DE YEGUAS (DM),ESCUELA PRIMARIA RURAL,D. M. CARRERA DE YEGUAS,CARRERA DE YEGUAS,"0017,0018,0069,0081,0083"
SAN JUAN,LAS MATAS DE FARFAN,CARRERA DE YEGUAS (DM),ESCUELA PRIMARIA RURAL,PARAJE PINO CLARO,PINO CLARO,14
SAN JUAN,LAS MATAS DE FARFAN,CARRERA DE YEGUAS (DM),ESCUELA PRIMARIA RURAL,PARAJE POZO HONDO,POZO HONDO,"0015,0058"
SAN JUAN,LAS MATAS DE FARFAN,CARRERA DE YEGUAS (DM),ESCUELA PRIMARIA RURAL,PARAJE RANCHITO,RANCHITO,"0016,0085"
SAN JUAN,SAN JUAN DE LA MAGUANA,SAN JUAN DE LA MAGUANA,ESCUELA PRIMARIA ENRIQUILLO,CALLE SANCHEZ ESQ. BAR- TOLOME DE LAS CASAS,BUENA VISTA,"0024,0025,0147,0170"
SAN JUAN,SAN JUAN DE LA MAGUANA,SAN JUAN DE LA MAGUANA,ESTADIO DEPORTIVO HERMANOS SUAREZ,CALLE DR. CABRAL,VILLA FELICIA,"0044,0150,0152,0180,0180A,0231,0241,0250"
SAN JUAN,SAN JUAN DE LA MAGUANA,SAN JUAN DE LA MAGUANA,ESCUELA DE BELLAS ARTES PROF. HILDA CAMPORA BELLO,CALLE DUARTE 49,CENTRO DE LA CIUDAD,"0035,0036,0151"
SAN JUAN,SAN JUAN DE LA MAGUANA,SAN JUAN DE LA MAGUANA,ESCUELA PROF. ANA ANTONIA DE LOS SANTOS (LA GALLERA),CALLE CAONABO NO. 25,CENTRO DE LA CIUDAD,"0038,0039,0189"
SAN JUAN,SAN JUAN DE LA MAGUANA,SAN JUAN DE LA MAGUANA,PALACIO MUNICIPAL,CALLE INDEPENDENCIA,CENTRO DE LA CIUDAD,"0014,0015,0029,0030,0146,0210"
SAN JUAN,SAN JUAN DE LA MAGUANA,SAN JUAN DE LA MAGUANA,COLEGIO EVANGELICO ENMAN- UEL,MANUEL PAULINO 27,VILLA FLORES,"0007,0008"
SAN JUAN,SAN JUAN DE LA MAGUANA,SAN JUAN DE LA MAGUANA,CUERPO DE BOMBEROS CIVILES,AVE. MONS. THOMAS F. REILLY ( CIRCUVALACION NORTE),SAN JUAN BAUTISTA,"0040,0181,0192,0193"
SAN JUAN,SAN JUAN DE LA MAGUANA,SAN JUAN DE LA MAGUANA,ESCUELA JUANA MARIA VARGAS (LA CABIRMA),CALLE DEL CANAL,VILLA LIBERACION,"0173,0174,0175,0176"
SAN JUAN,SAN JUAN DE LA MAGUANA,SAN JUAN DE LA MAGUANA,ESCUELA PRIMARIA MERCEDES CONSUELO MATOS,CALLE INDEPENDENCIA 1,CENTRO DE LA CIUDAD,"0011,0012,0012A,0013,0145"
SAN JUAN,SAN JUAN DE LA MAGUANA,SAN JUAN DE LA MAGUANA,CENTRO EDUCATIVO LOS DAMNI- FICADOS,CALLE ENTRADA DE CHALONA S/N,EL REFUGIO,"0148,0160,0171,0172"
SAN JUAN,SAN JUAN DE LA MAGUANA,SAN JUAN DE LA MAGUANA,COLEGIO EVANGELICO LUCILLE RUPP,CALLE 19 DE MARZO ESQ. SANTOME,CENTRO DE LA CIUDAD,"0031,0031A,0032,0033,0034,0049"
SAN JUAN,SAN JUAN DE LA MAGUANA,SAN JUAN DE LA MAGUANA,ESCUELA BASICA SURESTE,CALLE PEDRO J. HEYAIME ESQ. C/ FREDDY RODRIGUEZ.,VILLA FLORES,"0001,0002,0139,0143,0184,0270"
SAN JUAN,SAN JUAN DE LA MAGUANA,SAN JUAN DE LA MAGUANA,LICEO SECUNDARIO PEDRO HEN- RIQUEZ UREÑA,CALLE COLON NO.1,MANOGUAYABO,"0009,0010,0016,0017,0140,0144"
SAN JUAN,SAN JUAN DE LA MAGUANA,SAN JUAN DE LA MAGUANA,ESCUELA BASICA EL PALERO,PARAJE EL PALERO,EL PALERO,"0047,0048"
SAN JUAN,SAN JUAN DE LA MAGUANA,SAN JUAN DE LA MAGUANA,ESCUELA JOSE ALTAGRACIA SANCHEZ,PARAJE BARRANCA,BARRANCA,"0120,0162"
SAN JUAN,SAN JUAN DE LA MAGUANA,SAN JUAN DE LA MAGUANA,CENTRO EDUCATIVO CORBANO NORTE,CALLE PROYECTO S/N,EL CORBANO NORTE,"0083,0084,0159,0179"
SAN JUAN,SAN JUAN DE LA MAGUANA,SAN JUAN DE LA MAGUANA,CENTRO EDUCATIVO PROF. AURA CADENA,PARAJE MOGOLLON,MOGOLLON,"0094,0095,0096"
SAN JUAN,SAN JUAN DE LA MAGUANA,SAN JUAN DE LA MAGUANA,CENTRO EDUCATIVO CUENDA,PARAJE CUENDA,CUENDA,126
SAN JUAN,SAN JUAN DE LA MAGUANA,SAN JUAN DE LA MAGUANA,ESCUELA PROF. REYNALDO DE LOS SANTOS CORDERO,PARAJE LA CULATA,LA CULATA,"0124,0125"
SAN JUAN,SAN JUAN DE LA MAGUANA,SAN JUAN DE LA MAGUANA,CENTRO EDUCATIVO PROF. MILA- GROS RODRIGUEZ SANCHEZ,PARAJE CAÑAFISTOL,CAÑAFISTOL,"0066,0067"
SAN JUAN,SAN JUAN DE LA MAGUANA,SAN JUAN DE LA MAGUANA,ESCUELA BASICA PROF. LUIS MORDAN,PARAJE GUAZUMAL,GUAZUMAL,"0063,0063A,0064,0065"
SAN JUAN,SAN JUAN DE LA MAGUANA,SAN JUAN DE LA MAGUANA,CASA CLUB LOS MOJAO,C/ ENRIQUILLO ESQ. PROYEC- TO 1,VILLA FLORES,"0006,0167,0182,0183,0185,0238"
SAN JUAN,SAN JUAN DE LA MAGUANA,SAN JUAN DE LA MAGUANA,OFICINA DE CORREOS,C/ MELLA #31,CENTRO DE LA CIUDAD,"0018,0019"
SAN JUAN,SAN JUAN DE LA MAGUANA,SAN JUAN DE LA MAGUANA,ESCUELA BASICA PROF. FAUSTINA OGANDO PIÑA,CALLE HERMANAS MIRA- BAL NO. 65 ESQ. ANDREA FIGUEREO,BARRIO NUEVO,"0217,0239"
SAN JUAN,SAN JUAN DE LA MAGUANA,SAN JUAN DE LA MAGUANA,ESCUELA PRIMARIA ANACAONA (ANT. CENTRO CRISTIANO ALFALI- CITO),CALLE PROYECTO NO. 22,ANACAONA,219
SAN JUAN,SAN JUAN DE LA MAGUANA,SAN JUAN DE LA MAGUANA,SINDICATO NACIONAL DE TRABA- JADORES DE LA PRENSA,"AVE. MONS. THOMAS F. REILLY, EDIF. 20, APTO 102",VILLA OFELIA,"0220,0253"
SAN JUAN,SAN JUAN DE LA MAGUANA,SAN JUAN DE LA MAGUANA,CENTRO EDUCATIVO PROF. DULCE MARIA GUILLU SUAZO,PARAJE LAVAPIE,LAVAPIE,221
SAN JUAN,SAN JUAN DE LA MAGUANA,SAN JUAN DE LA MAGUANA,ESCUELA INICIAL Y BASICA SAN RAMON,PARAJE SAN RAMON,SAN RAMON,222
SAN JUAN,SAN JUAN DE LA MAGUANA,SAN JUAN DE LA MAGUANA,CENTRO EDUCATIVO LOS CAM- BRONES,PARAJE LOS CAMBRONES,LOS CAMBRONES,224
SAN JUAN,SAN JUAN DE LA MAGUANA,SAN JUAN DE LA MAGUANA,CENTRO DE EDUCACION INTE- GRAL LA UNION (CEILU),AVE.THOMAS F. REILLY ( CIR- CUNVALACION NORTE),AURA MESA,"0226,0262"
SAN JUAN,SAN JUAN DE LA MAGUANA,SAN JUAN DE LA MAGUANA,CENTRO EDUCATIVO TRINIDAD Y TOBAGO,CALLE G. NO. 16,MIRADOR NORTE,"0227,0254,0274"
SAN JUAN,SAN JUAN DE LA MAGUANA,SAN JUAN DE LA MAGUANA,CLUB DEPORTIVO COME MORO,CARRETERA SANCHEZ ( SAN JUAN-LAS MATAS),SANTOME,229
SAN JUAN,SAN JUAN DE LA MAGUANA,SAN JUAN DE LA MAGUANA,ESCUELA BASICA EL HATO,PARAJE EL HATO,EL HATO,230
SAN JUAN,SAN JUAN DE LA MAGUANA,SAN JUAN DE LA MAGUANA,CATEDRAL SAN JUAN BAUTISTA,CALLE DUARTE ESQ. TRINI- TARIA,CENTRO DE LA CIUDAD,"0020,0021,0037,0169"
SAN JUAN,SAN JUAN DE LA MAGUANA,SAN JUAN DE LA MAGUANA,CENTRO EDUCATIVO HIGUERITO,PROLONGACION SANCHEZ NO. 26,SAN JUAN BAUTISTA,"0043,0141,0141A,0141B,0153,0153A,0153B,0153C"
SAN JUAN,SAN JUAN DE LA MAGUANA,SAN JUAN DE LA MAGUANA,ESCUELA PRIMARIA JUSTINA DE LEON MONTILLA,CALLE PRIMERA AL FINAL,VILLA PERPETUO SO- CORRO,"0212,0255"
SAN JUAN,SAN JUAN DE LA MAGUANA,SAN JUAN DE LA MAGUANA,ESCUELA PRIMARIA MARIA DIONICIO,PARAJE MARIA DIONICIO,MARIA DIONICIO,240
SAN JUAN,SAN JUAN DE LA MAGUANA,SAN JUAN DE LA MAGUANA,ESCUELA BASICA URANIA MON- TAS,CALLE 27 DE FEBRERO NO. 1,MANOGUAYABO,"0186,0187,0188,0214,0247"
SAN JUAN,SAN JUAN DE LA MAGUANA,SAN JUAN DE LA MAGUANA,CENTRO EDUCATIVO SAN MIGUEL FE Y ALEGRIA,CALLE DEL CANAL,VILLA LIBERACION,"0248,0263,0275"
SAN JUAN,SAN JUAN DE LA MAGUANA,SAN JUAN DE LA MAGUANA,DIRECCION PROVINCIAL DEL MINISTERIO DE OBRAS PUBLICAS Y COM,CALLE BATALLA DE SANTOMÉ # 26,EL CORBANO SUR,"0257,0265"
SAN JUAN,SAN JUAN DE LA MAGUANA,SAN JUAN DE LA MAGUANA,ESCUELA PRIMARIA LOS CERROS,PARAJE LOS CERROS,LOS CERROS,260
SAN JUAN,SAN JUAN DE LA MAGUANA,SAN JUAN DE LA MAGUANA,CENTRO EDUCATIVO BASICO E INICIAL CRISTO REY,AVE. MONS. THOMAS F. REILLY (CIRCUNVALACION SUR),CRISTO REY,"0218,0252,0269"
SAN JUAN,SAN JUAN DE LA MAGUANA,SAN JUAN DE LA MAGUANA,BIBLIOTECA MUNICIPAL (ANT. CEN- TRO DE CAPACITACION CCI),CALLE DUARTE N0. 22,CENTRO DE LA CIUDAD,"0022,0023,0028,0149,0168"
SAN JUAN,SAN JUAN DE LA MAGUANA,SAN JUAN DE LA MAGUANA,CENTRO EDUCATIVO PROF. ROSA MARIA MORA TAVERAS,ENTRADA DE EL REFUGIO,EL REFUGIO,"0200,0205,0232,0276"
SAN JUAN,SAN JUAN DE LA MAGUANA,SAN JUAN DE LA MAGUANA,CENTRO DE DESARROLLO INTE- GRAL PAN DE VIDA,CALLE SÁNCHEZ ESQUINA CALLE AMERICO LUGO,BUENA VISTA,"0170A,0256"
SAN JUAN,SAN JUAN DE LA MAGUANA,SAN JUAN DE LA MAGUANA,CENTRO EDUCATIVO NIVEL BÁSI- CO VILLA FLORES,"CALLE PRIMERA, URB. LOS RECIOS",VILLA FLORES,"0003,0004,0005,0142,0211"
SAN JUAN,SAN JUAN DE LA MAGUANA,SAN JUAN DE LA MAGUANA,ESCUELA BÁSICA CÓRBANO NORTE,CALLE ENTRADA HATO DEL PADRE,EL CORBANO NORTE,"0198,0199,0199A,0215"
SAN JUAN,SAN JUAN DE LA MAGUANA,SAN JUAN DE LA MAGUANA,ESCUELA HILARIO PUELLO BATISTA,CALLE DEL CANAL,VILLA LIBERACION,"0190,0191,0237,0243"
SAN JUAN,SAN JUAN DE LA MAGUANA,SAN JUAN DE LA MAGUANA,CENTRO COMUNAL,RESIDENCIAL VISTA DEL RIO,MESOPOTAMIA,"0026,0027,0249"
SAN JUAN,SAN JUAN DE LA MAGUANA,SAN JUAN DE LA MAGUANA,ESCUELA MARÍA DOLORES DINI CAPELLÁN,PARAJE LOS CERROS,CHALONA,"0121,0122,0123,0163"
SAN JUAN,SAN JUAN DE LA MAGUANA,SAN JUAN DE LA MAGUANA,INSTITUTO DE ESTABILIZACION DE PRECIOS (INESPRE),AVENIDA ANACAONA,ANACAONA,"0041,0042,0204,0206"
SAN JUAN,SAN JUAN DE LA MAGUANA,PEDRO CORTO (DM),ESCUELA DESIDERIO MORILLO OGANDO,PARAJE MABRIGIDA,MABRIGIDA,117
SAN JUAN,SAN JUAN DE LA MAGUANA,PEDRO CORTO (DM),ESCUELA INICIAL Y PRIMARIA NICOLAS SANCHEZ,PARAJE LA CEIBA,LA CEIBA,87
SAN JUAN,SAN JUAN DE LA MAGUANA,PEDRO CORTO (DM),ESCUELA PRIMARIA PROF. ADRI- ANA MA. GUILLU SUAZO,PARAJE PEDRO CORTO,PEDRO CORTO,"0088,0089,0161,0202,0216,0273"
SAN JUAN,SAN JUAN DE LA MAGUANA,PEDRO CORTO (DM),LICEO SECUNDARIO T.V. CENTRO PUNTA CAÑA,PARAJE PUNTA CAÑA,PUNTA CAÑA,"0085,0086,0244"
SAN JUAN,SAN JUAN DE LA MAGUANA,PEDRO CORTO (DM),ESCUELA PRIMARIA RURAL IDALI- ANA RODRIGUEZ,PARAJE JOVALLAR,JOVALLAR,264
SAN JUAN,SAN JUAN DE LA MAGUANA,SABANETA (DM),ESCUELA SAN VICENTE Y LAS GRANADINAS,PARAJE SABANETA,SABANETA,"0055,0056,0154,0154A,0154B,0194"
SAN JUAN,SAN JUAN DE LA MAGUANA,SABANETA (DM),ESCUELA PROF. PEDRO DEL CAR- MEN SANCHEZ,PARAJE LA CIENAGA,LA CIENAGA,45
SAN JUAN,SAN JUAN DE LA MAGUANA,SABANETA (DM),ESCUELA LOS GAJITOS,PARAJE GAJO DEL BOHIO,GAJO DEL BOHIO,46
SAN JUAN,SAN JUAN DE LA MAGUANA,SABANETA (DM),CENTRO EDUCATIVO LOS CARPIN- TEROS,PARAJE CARPINTERO,CARPINTERO,"0225,0268"
SAN JUAN,SAN JUAN DE LA MAGUANA,SABANETA (DM),CENTRO EDUCATIVO FELÍCITA RAMIREZ,PARAJE EL INGEÑITO,EL INGENITOS,258
SAN JUAN,SAN JUAN DE LA MAGUANA,SABANA ALTA (DM),CENTRO EDUCATIVO SABANA ALTA,PARAJE SABANA ALTA,SABANA ALTA,"0165,0208,0266"
SAN JUAN,SAN JUAN DE LA MAGUANA,SABANA ALTA (DM),ESCUELA ACTIVO 20-30,PARAJE JUAN ALVAREZ,JUAN ALVAREZ,"0213,0267"
SAN JUAN,SAN JUAN DE LA MAGUANA,SABANA ALTA (DM),ESCUELA INICIAL Y BÁSICA K.M. 13 MIJO,PARAJE MIJO-PUENTE MIJO,MIJO-PUENTE MIJO,259
SAN JUAN,SAN JUAN DE LA MAGUANA,SABANA ALTA (DM),LICEO SABANA ALTA,DISTRITO MUNICIPAL SABANA ALTA,SABANA ALTA,"0133,0134"
SAN JUAN,SAN JUAN DE LA MAGUANA,EL ROSARIO (DM),CENTRO EDUCATIVO LAS YAYAS,PARAJE LAS YAYAS,LAS YAYAS,138
SAN JUAN,SAN JUAN DE LA MAGUANA,EL ROSARIO (DM),CENTRO EDUCATIVO PROF. HORTENCIA PEREZ,PARAJE CARDON,CARDON,"0130,0131"
SAN JUAN,SAN JUAN DE LA MAGUANA,EL ROSARIO (DM),CENTRO EDUCATIVO EL CAPA,PARAJE EL CAPA,EL CAPA,"0132,0246"
SAN JUAN,SAN JUAN DE LA MAGUANA,EL ROSARIO (DM),CENTRO EDUCATIVO MACOTILLO,PARAJE PUEBLO NUEVO,PUEBLO NUEVO,"0129,0233"
SAN JUAN,SAN JUAN DE LA MAGUANA,EL ROSARIO (DM),CENTRO EDUCATIVO BASICO E INICIAL RANCHO COPEY,PARAJE RANCHO COPEY,RANCHO COPEY,228
SAN JUAN,SAN JUAN DE LA MAGUANA,EL ROSARIO (DM),CENTRO EDUCATIVO VINICIO CUEVAS,"CALLE LAS PALOMAS, D.M. EL ROSARIO",EL ROSARIO,"0127,0128,0164,0245"
SAN JUAN,SAN JUAN DE LA MAGUANA,HATO DEL PADRE (DM),ESCUELA PROF. ALEJANDRO DE LOS SANTOS PANIAGUA,PARAJE HATO DEL PADRE,HATO DEL PADRE,"0080,0081,0157,0158"
SAN JUAN,SAN JUAN DE LA MAGUANA,HATO DEL PADRE (DM),ESCUELA JUAN ESTEBAN SUERO,PARAJE LA GARITA,LA GARITA,82
SAN JUAN,SAN JUAN DE LA MAGUANA,HATO DEL PADRE (DM),ESCUELA INICIAL Y BASICA JULIAN VARGAS (AROMAL),PARAJE ARROYO LORO,ARROYO LORO,"0178,0203"
SAN JUAN,SAN JUAN DE LA MAGUANA,HATO DEL PADRE (DM),ESCUELA CARLOS M1. BOCIÓ-MA- GUEYAL,PARAJE MAGUEYAL,MAGUEYAL,261
SAN JUAN,SAN JUAN DE LA MAGUANA,GUANITO (DM),ESCUELA BASICA GUANITO,PARAJE GUANITO,GUANITO,"0135,0166"
SAN JUAN,SAN JUAN DE LA MAGUANA,GUANITO (DM),ESCUELA ACTIVO 20-30 LOS BANCOS,PARAJE LOS BANCOS,LOS BANCOS,"0136,0137,0201,0251"
SAN JUAN,SAN JUAN DE LA MAGUANA,LA JAGUA (DM),ESCUELA JOSE INOCENCIO FAMILIA AGRAMONTE (GUAYABO DULCE),PARAJE EL GUANAL,EL GUANAL,50
SAN JUAN,SAN JUAN DE LA MAGUANA,LA JAGUA (DM),ESCUELA EL HATICO DEL GUANAL,PARAJE EL HATICO,EL HATICO,"0053,0054"
SAN JUAN,SAN JUAN DE LA MAGUANA,LA JAGUA (DM),ESCUELA PRIMARIA LA JAGUA,PARAJE LA JAGUA,LA JAGUA,"0051,0052,0197"
SAN JUAN,SAN JUAN DE LA MAGUANA,LAS MAGUANAS-HA- TO NUEVO (DM),ESCUELA INICIAL Y BASICA DOR- MIDERO,PARAJE DORMIDERO,DORMIDERO,79
SAN JUAN,SAN JUAN DE LA MAGUANA,LAS MAGUANAS-HA- TO NUEVO (DM),CENTRO EDUCATIVO HECTOR FRANCISCO LOPEZ R.,PARAJE HATO NUEVO,HATO NUEVO,"0057,0058,0195"
SAN JUAN,SAN JUAN DE LA MAGUANA,LAS MAGUANAS-HA- TO NUEVO (DM),ESCUELA PROF. HECTOR B. GAR- CIA LOPEZ,PARAJE MAGUANA ABAJO,MAGUANA ABAJO,"0059,0060"
SAN JUAN,SAN JUAN DE LA MAGUANA,LAS MAGUANAS-HA- TO NUEVO (DM),ESCUELA JOSE ALTAGRACIA MATEO L.,PARAJE MAGUANA ARRIBA,MAGUANA ARRIBA,"0061,0062,0196,0242"
SAN JUAN,SAN JUAN DE LA MAGUANA,LAS MAGUANAS-HA- TO NUEVO (DM),ESCUELA BASICA GUMERSINDO VALENZUELA (PASATIEMPO),PARAJE PASATIEMPO,PASATIEMPO,234
SAN JUAN,SAN JUAN DE LA MAGUANA,LAS MAGUANAS-HA- TO NUEVO (DM),CENTRO EDUCATIVO MAGUANA AL MEDIO,PARAJE MAGUANA EN MEDIO,MAGUANA EN MEDIO,236
SAN JUAN,SAN JUAN DE LA MAGUANA,LAS MAGUANAS-HA- TO NUEVO (DM),ESCUELA HIGUERITO,PARAJE HIGUERITO,HIGUERITO,277
SAN JUAN,SAN JUAN DE LA MAGUANA,LAS CHARCAS DE MARIA NOVAS (DM),ESCUELA PRIMARIA LAS CHARCAS DE MARIA NOVA,PARAJE CHARCAS DE MARIA NOVA,LAS CHARCAS DE MA- RIA NOVA NUEVA,"0115,0116,0207,0271"
SAN JUAN,SAN JUAN DE LA MAGUANA,LAS CHARCAS DE MARIA NOVAS (DM),CENTRO EDUCATIVO BABOR ABAJO,PARAJE BABOR ABAJO,BOBOR ABAJO,"0118,0119"
SAN JUAN,SAN JUAN DE LA MAGUANA,LAS CHARCAS DE MARIA NOVAS (DM),CENTRO EDUCATIVO LOMA DE BABOR,PARAJE LOMA DE BABOR,LOMA DE BABOR,235
SAN JUAN,SAN JUAN DE LA MAGUANA,LA ZANJA (DM),ESCUELA INICIAL Y BASICA EL CACHEO,PARAJE EL CACHEO,EL CACHEO,"0099,0100,0101"
SAN JUAN,SAN JUAN DE LA MAGUANA,LA ZANJA (DM),CENTRO EDUCATIVO LA FLORIDA,PARAJE LA FLORIDA,LA FLORIDA,"0102,0103"
SAN JUAN,SAN JUAN DE LA MAGUANA,LA ZANJA (DM),CENTRO EDUCATIVO EL BATEY,PARAJE EL BATEY,EL BATEY,"0090,0091,0092,0093"
SAN JUAN,SAN JUAN DE LA MAGUANA,LA ZANJA (DM),CENTRO EDUCATIVO LAS CHAR- CAS DE GARABITO,PARAJE CHARCAS DE GARA- BITO,LAS CHARCAS DE GARABITO,"0097,0098,0209"
SAN JUAN,SAN JUAN DE LA MAGUANA,LA ZANJA (DM),CAPILLA ESPIRITU SANTO,PARAJE CENTRO DEL BATEY,EL BATEY,278
SAN JUAN,EL CERCADO,EL CERCADO,ESCUELA PRIMARIA CAONABO,CALLE MELLA,NORTE DE LA CIUDAD,"0001,0036,0048,0052"
SAN JUAN,EL CERCADO,EL CERCADO,JUZGADO DE PAZ,CALLE SANTOME,PARTE SUR CIUDAD,"0002,0037,0049"
SAN JUAN,EL CERCADO,EL CERCADO,LICEO PROF. LUIS GUARIONEX LANDESTOY,CALLE SAN PEDRO,PARTE SUR OESTE,"0003,0004,0005,0042,0050,0056"
SAN JUAN,EL CERCADO,EL CERCADO,ESCUELA PRIMARIA RURAL,PARAJE EL PINAL,EL PINAR,"0010,0043"
SAN JUAN,EL CERCADO,EL CERCADO,ESCUELA PRIMARIA RURAL,PARAJE LA GUAMA,LA GUAMA,"0008,0009,0038,0038A"
SAN JUAN,EL CERCADO,EL CERCADO,ESCUELA PRIMARIA RURAL,PARAJE SABANA BONITA,SABANA BONITA,"0011,0012"
SAN JUAN,EL CERCADO,EL CERCADO,ESCUELA PRIMARIA RURAL,PARAJE SABANA DE LA RAN- CHA,SABANA DE LA RANCHA,"0006,0007,0045"
SAN JUAN,EL CERCADO,EL CERCADO,ESCUELA PRIMARIA RURAL,PARAJE LA GUAZARA,LA GUAZARA,"0033,0047"
SAN JUAN,EL CERCADO,EL CERCADO,ESCUELA PRIMARIA RURAL,PARAJE LOS ARROYOS,LOS ARROYOS,"0034,0035,0041"
SAN JUAN,EL CERCADO,EL CERCADO,ESCUELA PRIMARIA RURAL,PARAJE PINAL GRANDE,PINAR GRANDE,"0031,0031A,0032,0054"
SAN JUAN,EL CERCADO,DERRUMBADERO (EL NUEVO BRAZIL) (DM),ESCUELA PRIMARIA RURAL,PARAJE GAJO DE PEDRO,GAJO DE PEDRO,"0013,0039"
SAN JUAN,EL CERCADO,DERRUMBADERO (EL NUEVO BRAZIL) (DM),ESCUELA PRIMARIA RURAL,PARAJE LA SABANA (DERRUM- BADERO),LA SABANA,"0016,0017,0044,0051,0057"
SAN JUAN,EL CERCADO,DERRUMBADERO (EL NUEVO BRAZIL) (DM),ESCUELA PRIMARIA RURAL,PARAJE VALLECITO,VALLECITO,"0014,0015"
SAN JUAN,EL CERCADO,DERRUMBADERO (EL NUEVO BRAZIL) (DM),ESCUELA LOMA EN MEDIO,PARAJE LOMA EN MEDIO,LOMA EN MEDIO,53
SAN JUAN,EL CERCADO,BATISTA (DM),ESCUELA PRIMARIA RURAL,PARAJE BATISTA,BATISTA,"0018,0019,0040,0046,0055"
SAN JUAN,VALLEJUELO,VALLEJUELO,ESCUELA PRIMARIA URBANA ANACAONA,ZONA URBANA,CENTRO DE LA CIUDAD,"0005,0006,0007,0008,0012"
SAN JUAN,VALLEJUELO,VALLEJUELO,ESCUELA PRIMARIA RURAL,PARAJE RIO ARRIBA DEL SUR,RIO ARRIBA DEL SUR,"0004,0014"
SAN JUAN,VALLEJUELO,VALLEJUELO,ESCUELA PRIMARIA RURAL,PARAJE CAPULIN,CAPULIN,"0010,0011,0020"
SAN JUAN,VALLEJUELO,VALLEJUELO,ESCUELA PRIMARIA RURAL,PARAJE SABANA GRANDE,SABANA GRANDE,"0015,0022"
SAN JUAN,VALLEJUELO,VALLEJUELO,LICEO SECUNDARIO VALLEJUELO,"LOS PINOS, PROXIMO A LA CALLE CANDIDO CARO",CENTRO DE LA CIUDAD,"0013,0016,0017,0018,0019"
SAN JUAN,VALLEJUELO,VALLEJUELO,CENTRO COMUNAL VALLEJUELO,CALLE DUARTE,CENTRO DE LA CIUDAD,9
SAN JUAN,VALLEJUELO,JORGILLO (DM),ESCUELA PRIMARIA RURAL,PARAJE EL RODEO,EL RODEO,"0001,0002,0021"
SAN JUAN,VALLEJUELO,JORGILLO (DM),CENTRO EDUCATIVO EN ARTES,CALLE INDEPENDENCIA FRENTE A LA POLICLINICA,EL AZUL,"0003,0023"
SAN JUAN,BOHECHIO,BOHECHIO,EDIFICIO DE OFICINAS PUBLICAS,CALLE MIGUEL A. MORILLO ESQ. SAN ANTONIO,CENTRO DE LA CIUDAD,10
SAN JUAN,BOHECHIO,BOHECHIO,ESCUELA PRIMARIA URBANA PROFESOR EDUARDO BELTRE LUCIANO,MIGUEL A. MORILLO ESQ. 27 DE FEBRERO,CENTRO DE LA CIUDAD,"0003,0004"
SAN JUAN,BOHECHIO,BOHECHIO,LICEO SECUNDARIO DR. HERIBER- TO PIETER,C/INDEPENDENCIA NO. 01,EL TOCON,"0012,0018"
SAN JUAN,BOHECHIO,BOHECHIO,CENTRO TECNOLOGICO DE DE- SARROLLO COMUNITARIO,CALLE MILKA ANTONIA LUCIA- NO S/N,BARRIO NUEVO,21
SAN JUAN,BOHECHIO,ARROYO CANO (DM),ESCUELA PRIMARIA CATALINA SANCHEZ,PARAJE ARROYO CANO,ARROYO CANO,"0001,0002,0011"
SAN JUAN,BOHECHIO,ARROYO CANO (DM),ESCUELA PRIMARIA LOS JENGI- BRES,PARAJE LOS JENGIBRES,LOS JENGIBRES,14
SAN JUAN,BOHECHIO,ARROYO CANO (DM),LICEO SECUNDARIO MARIA TRINI- DAD SANCHEZ,PARAJE ARROYO CANO,ARROYO CANO,17
SAN JUAN,BOHECHIO,ARROYO CANO (DM),CENTRO EDUCATIVO LOS MONT- ACITOS,"CALLE PRINCIPAL, LOS MONT- ACITOS","EL LLANO, LOS MONT- ACITOS",9
SAN JUAN,BOHECHIO,ARROYO CANO (DM),CENTRO COMUNAL ARROYO CANO,"CALLE ROGELIO ABREU, D.M. ARROYO CANO",ARROYO CANO,22
SAN JUAN,BOHECHIO,YAQUE (BUENA VISTA) (DM),ESCUELA PRIMARIA JOSE ALTA- GRACIA COMAS,PARAJE EL COCO,EL COCO,7
SAN JUAN,BOHECHIO,YAQUE (BUENA VISTA) (DM),ESCUELA PRIMARIA DEL PALMAR DE YAQUE,PARAJE EL PALMAR,EL PALMAR,"0005,0006"
SAN JUAN,BOHECHIO,YAQUE (BUENA VISTA) (DM),ESCUELA PRIMARIA LA LOMA DE YAQUE,PARAJE LA LOMA,LA LOMA,"0008,0016"
SAN JUAN,BOHECHIO,YAQUE (BUENA VISTA) (DM),ESCUELA PRIMARIA BUENA VISTA DE YAQUE,PAREJE BUENA VISTA,BUENA VISTA,"0013,0015,0020"
SAN JUAN,BOHECHIO,YAQUE (BUENA VISTA) (DM),ESCUELA DEL NIVEL INICIAL LA GUAMA,PARAJE LA GUAMA,LA GUAMA,19
SAN JUAN,JUAN DE HERRERA,JUAN DE HERRERA,ESCUELA PROF. LEONIDAS DEL CARMEN SANCHEZ,CIUDAD,CENTRO DE LA CIUDAD,"0005,0006,0007,0020,0025"
SAN JUAN,JUAN DE HERRERA,JUAN DE HERRERA,LICEO MATUTINO THELMA LUZ RODRIGUEZ,CIUDAD,CENTRO DE LA CIUDAD,"0001,0002,0003,0004"
SAN JUAN,JUAN DE HERRERA,JUAN DE HERRERA,ESCUELA BASICA COLONIA ANACAONA,PARAJE CORRAL DE LOS INDIOS,CORRAL DE LOS INDIOS,13
SAN JUAN,JUAN DE HERRERA,JUAN DE HERRERA,ESCUELA PRIMARIA RURAL,PARAJE LA RUBIA,LA RUBIA,"0026,0030"
SAN JUAN,JUAN DE HERRERA,JUAN DE HERRERA,ESCUELA INICIAL Y BASICA RA- QUEL AMADOR RAMIREZ,PARAJE LOS MONTONES,LOS MONTONES,"0027,0028,0031"
SAN JUAN,JUAN DE HERRERA,JINOVA (DM),ESCUELA BASICA LUIS EMILIO CORDERO BATISTA,PARAJE CORBANAL,CORBANAL,"0014,0021"
SAN JUAN,JUAN DE HERRERA,JINOVA (DM),ESCUELA BASICA SATURNINO TERRERO UREÑA,PARAJE JAQUIMELLES,JAQUIMELLES,"0008,0022"
SAN JUAN,JUAN DE HERRERA,JINOVA (DM),ESCUELA INICIAL Y BASICA PRO- FESOR ARISTIDES MATEO,PARAJE JINOVA EN MEDIO,JINOVA EN MEDIO,"0009,0010,0024"
SAN JUAN,JUAN DE HERRERA,JINOVA (DM),ESCUELA INICIAL Y BASICA JOSE ANTONIO MATEO DE LA ROSA,PARAJE SOSA,SOSA,"0011,0012,0023"
SAN PEDRO DE MACORIS,SAN PEDRO DE MACORIS,SAN PEDRO DE MACORIS,COLEGIO JUAN PABLO DUARTE,GRAL.RAMON CASTILLO #5,VILLA PROVIDENCIA,"0015,0015A,0016,0016A,0018,0018A"
SAN PEDRO DE MACORIS,SAN PEDRO DE MACORIS,SAN PEDRO DE MACORIS,ESC. ANA JOSEFA PUELLO,GRAL.RAMON CASTILLO,VILLA PROVIDENCIA,"0011,0012,0013,0013A,0014,0014A,0019,0019A"
SAN PEDRO DE MACORIS,SAN PEDRO DE MACORIS,SAN PEDRO DE MACORIS,ESCUELA PRIMARIA LUIS A. BER- MUDEZ,CALLE MOSCOSO PUELLO NO. 28,JAPON,"0052,0052A,0052B,0053,0053A,0053B,0054,0054A,0054B,0054C,0107,0108,0132,0142"
SAN PEDRO DE MACORIS,SAN PEDRO DE MACORIS,SAN PEDRO DE MACORIS,PALACIO DE JUSTICIA,C/ LAUREANO CANTO ANT. CARRET. MELLA,LIBERTAD,"0077,0077A,0077B,0078,0078A,0078B,0079,0079A"
SAN PEDRO DE MACORIS,SAN PEDRO DE MACORIS,SAN PEDRO DE MACORIS,ESCUELA SAN ANTONIO,CALLE IGNACIO ARIAS/LARAN- CUENT,MIRAMAR,"0048,0048A,0049,0049A,0105,0122,0174"
SAN PEDRO DE MACORIS,SAN PEDRO DE MACORIS,SAN PEDRO DE MACORIS,SOCIEDAD MUTUALISTA ESPER- ANZA,CALLE VIRGILIO DIAZ OR- DOÑEZ NO. 8,PLACER BONITO,"0024,0024A,0025,0025A"
SAN PEDRO DE MACORIS,SAN PEDRO DE MACORIS,SAN PEDRO DE MACORIS,ESCUELA EVANGELINA RODRI- GUEZ,AVE INDEPENDENCIA 106,VILLA VELAZQUEZ,"0036,0036A,0036B,0036C"
SAN PEDRO DE MACORIS,SAN PEDRO DE MACORIS,SAN PEDRO DE MACORIS,AYUNTAMIENTO MUNICIPAL,AV DOMINGUEZ C/A. MOS- COSO,CENTRO DE LA CIUDAD,"0027,0027A,0028,0028A,0029,0030,0030A,0031,0032"
SAN PEDRO DE MACORIS,SAN PEDRO DE MACORIS,SAN PEDRO DE MACORIS,COLEGIO EVANGELICO LIMARDO,GENERAL CABRAL E. VALDEZ #56,CENTRO DE LA CIUDAD,"0017,0017A,0017B"
SAN PEDRO DE MACORIS,SAN PEDRO DE MACORIS,SAN PEDRO DE MACORIS,COLEGIO MONTE DE SION,ROBERTO FIGUEROA CHAPO #91,RESTAURACION,"0117,0117A,0117B,0158"
SAN PEDRO DE MACORIS,SAN PEDRO DE MACORIS,SAN PEDRO DE MACORIS,COLEGIO SAN ESTEBAN,CALLE EUGENIO PAYANO ES. ELIAS CAMARENA,MIRAMAR,"0050,0050A,0051,0051A,0106"
SAN PEDRO DE MACORIS,SAN PEDRO DE MACORIS,SAN PEDRO DE MACORIS,ESCUELA PRIMARIA URBANA TRES LLAVES,CALLE LAS ARTES,LINDO,"0098,0098A,0098B,0098C,0098D,0098E,0098F,0098G"
SAN PEDRO DE MACORIS,SAN PEDRO DE MACORIS,SAN PEDRO DE MACORIS,ESCUELA PUERTO RICO,CALLE PROF. PUELO NO. 152,CENTRO DE LA CIUDAD,"0033,0033A,0033B,0033C,0034,0034A,0034B,0160"
SAN PEDRO DE MACORIS,SAN PEDRO DE MACORIS,SAN PEDRO DE MACORIS,ESCUELA JUAN VICENTE MOS- COSO,CARRETERA MELLA KM.2,MEXICO,"0008,0008A,0009,0009A,0009B,0010,0010A,0010B,0010C,0010D,0153,0178,0183"
SAN PEDRO DE MACORIS,SAN PEDRO DE MACORIS,SAN PEDRO DE MACORIS,ESCUELA SANTA CLARA,AV. FRANCISCO CAAMAÑO #35,PLACER BONITO,"0020,0020A,0020B,0021,0021A,0021B,0021C,0102,0119,0119A,0172"
SAN PEDRO DE MACORIS,SAN PEDRO DE MACORIS,SAN PEDRO DE MACORIS,ESCUELA VILLA PROGRESO,BO. V. PROGRESO DEL KM 3 1/2,VILLA PROGRESO,"0099,0099A,0099B,0099C,0099D,0126,0161,0193"
SAN PEDRO DE MACORIS,SAN PEDRO DE MACORIS,SAN PEDRO DE MACORIS,ESTADIO TETELO VARGAS,CARRETERA MELLA KM.11/2,RESTAURACION,"0001,0001A,0001B,0002,0002A,0002B,0003,0003A,0003B,0004,0004A,0004B,0005,0005A,0005B,0006,0006A,0006B,0007,0007A,0007B,0101,0162,0177"
SAN PEDRO DE MACORIS,SAN PEDRO DE MACORIS,SAN PEDRO DE MACORIS,CAMARA DE COMERCIO,C/ COLON,CENTRO DE LA CIUDAD,"0041,0041A,0042,0042A"
SAN PEDRO DE MACORIS,SAN PEDRO DE MACORIS,SAN PEDRO DE MACORIS,CUERPO DE BOMBEROS,C/ DUARTE #46 CIUDAD,CENTRO DE LA CIUDAD,"0039,0039A,0040,0040A"
SAN PEDRO DE MACORIS,SAN PEDRO DE MACORIS,SAN PEDRO DE MACORIS,LOGIA INDUSTRIAL,CALLE PRES. HENRIQUEZ NO.50,TOCONAL,"0043,0043A,0044,0044A,0045,0045A"
SAN PEDRO DE MACORIS,SAN PEDRO DE MACORIS,SAN PEDRO DE MACORIS,OFICINA DE OBRAS PUBLICAS,CARRET. MELLA KM. 3 1/2,VILLA PROGRESO,"0115,0125,0163"
SAN PEDRO DE MACORIS,SAN PEDRO DE MACORIS,SAN PEDRO DE MACORIS,ESCUELA CENTRAL,PARAJE INGENIO PORVENIR,INGENIO PORVENIR,"0085,0085A,0085B,0085C,0085D,0085E,0164,0175,0194"
SAN PEDRO DE MACORIS,SAN PEDRO DE MACORIS,SAN PEDRO DE MACORIS,ESCUELA PRIMARIA RURAL,PARAJE BOCA DEL SOCO,BOCA DEL SOCO,"0092,0092A,0171"
SAN PEDRO DE MACORIS,SAN PEDRO DE MACORIS,SAN PEDRO DE MACORIS,ESCUELA PRIMARIA EDUARDO MAÑON,PARAJE INGENIO SANTA FE,INGENIO SANTA FE,"0083,0083A,0083B,0084,0084A,0084B,0112,0112A,0138,0180"
SAN PEDRO DE MACORIS,SAN PEDRO DE MACORIS,SAN PEDRO DE MACORIS,ESCUELA PRIMARIA RURAL,PARAJE PUNTA DE GARZA,PUNTA GARZA,"0091,0091A,0114,0135,0137,0170,0176"
SAN PEDRO DE MACORIS,SAN PEDRO DE MACORIS,SAN PEDRO DE MACORIS,ESCUELA PRIMARIA RURAL,"PARAJE INGENIO PORVENIR, C/ TEODOSA MENDOZA",INGENIO PORVENIR,"0087,0087A,0087B,0088,0088A,0088B,0088C,0088D,0143,0165,0196"
SAN PEDRO DE MACORIS,SAN PEDRO DE MACORIS,SAN PEDRO DE MACORIS,ESCUELA PRIMARIA RURAL,PARAJE INGENIO COLON,INGENIO CRISTOBAL COLON,"0093,0093A,0094,0144"
SAN PEDRO DE MACORIS,SAN PEDRO DE MACORIS,SAN PEDRO DE MACORIS,ESCUELA PRIMARIA RURAL,PARAJE LA PUNTA,LA PUNTA,"0095,0095A,0095B"
SAN PEDRO DE MACORIS,SAN PEDRO DE MACORIS,SAN PEDRO DE MACORIS,COLEGIO EPISCOPAL SANTA CRUZ,PARAJE INGENIO SANTA FE C/ DUARTE #1,INGENIO SANTA FE,"0081,0081A,0082,0082A,0082B,0145"
SAN PEDRO DE MACORIS,SAN PEDRO DE MACORIS,SAN PEDRO DE MACORIS,COLEGIO SAN BENITO ABAD,CARRETERA MELLA ESQ HER- MANAS MIRABAL NO. 41,VILLA PROVIDENCIA,"0080,0080A,0080B"
SAN PEDRO DE MACORIS,SAN PEDRO DE MACORIS,SAN PEDRO DE MACORIS,EDIFICIO AULAS NO. 3 (UCE),C/ FRANCISCO ALBERTO CAAMAÑO,SARMIENTO,"0089,0089A,0089B,0090,0090A"
SAN PEDRO DE MACORIS,SAN PEDRO DE MACORIS,SAN PEDRO DE MACORIS,ESCUELA PRIMARIA JUAN PABLO DUARTE,C/ CAMILA HENRIQUEZ UREÑA,JUAN PABLO DUARTE,"0128,0146,0166,0184"
SAN PEDRO DE MACORIS,SAN PEDRO DE MACORIS,SAN PEDRO DE MACORIS,COMEDOR ECONOMICO,C/ CALLEJON ORTIZ,ORTIZ,"0118,0118A,0129,0134"
SAN PEDRO DE MACORIS,SAN PEDRO DE MACORIS,SAN PEDRO DE MACORIS,ESCUELA BARRIO BLANCO,C/ PRESIDENTE MERIÑO,BLANCO,"0022,0023,0023A,0026,0026A,0026B,0103,0130"
SAN PEDRO DE MACORIS,SAN PEDRO DE MACORIS,SAN PEDRO DE MACORIS,CENTRO DE CRECIMIENTO Y DE- SARROLLO INFANTIL (CREDI),C/ CAMILA ALVAREZ MORALES,MALLEN,"0131,0197"
SAN PEDRO DE MACORIS,SAN PEDRO DE MACORIS,SAN PEDRO DE MACORIS,CASA DE LA CULTURA,CALLE ALEJO MARTINEZ ESQ. GENERAL CABRAL,CENTRO DE LA CIUDAD,"0037,0037A,0038,0038A,0038B"
SAN PEDRO DE MACORIS,SAN PEDRO DE MACORIS,SAN PEDRO DE MACORIS,HOTEL DE LA VILLA OLIMPICA,CALLE ALFREDO SMEAD,VILLA OLIMPICA,"0116,0116A,0116B"
SAN PEDRO DE MACORIS,SAN PEDRO DE MACORIS,SAN PEDRO DE MACORIS,LICEO JOSE JOAQUIN PEREZ,C/ SERGIO A. BERAS,VILLA VELAZQUEZ,"0034C,0034D,0035,0035A,0035B,0035C,0127,0155,0198"
SAN PEDRO DE MACORIS,SAN PEDRO DE MACORIS,SAN PEDRO DE MACORIS,LOGIA EXPERIENCIA,CALLE CIPRIAN GUZMAN NO. 2,MIRAMAR,"0046,0046A"
SAN PEDRO DE MACORIS,SAN PEDRO DE MACORIS,SAN PEDRO DE MACORIS,FUNDACION AMOR Y PAZ,CALLE MELLA NO. 96,INGENIO SANTA FE,"0139,0179"
SAN PEDRO DE MACORIS,SAN PEDRO DE MACORIS,SAN PEDRO DE MACORIS,COLEGIO EVANGELICO BETHEL,"CALLE IGNACIO ARIAS NO. 83 ESQ. DR, GEORGE",MIRAMAR,"0047,0047A,0140,0147,0199"
SAN PEDRO DE MACORIS,SAN PEDRO DE MACORIS,SAN PEDRO DE MACORIS,CENTRO EDUCATIVO IDP,C/ SIMON BOLIVAR,MEXICO,"0141,0148,0168,0200"
SAN PEDRO DE MACORIS,SAN PEDRO DE MACORIS,SAN PEDRO DE MACORIS,ESCUELA BASICA,PARAJE BATEY MONTECRITI,MONTECRISTI,151
SAN PEDRO DE MACORIS,SAN PEDRO DE MACORIS,SAN PEDRO DE MACORIS,ESCUELA BASICA,CALLE ANDRES RIVIERA,24 DE ABRIL,"0152,0169,0185"
SAN PEDRO DE MACORIS,SAN PEDRO DE MACORIS,SAN PEDRO DE MACORIS,ESCUELA PRIMARIA VILLA FARO,"PARAJE VILLA FARO, VILLA FARO",VILLA FARO,"0123,0124,0149,0156,0186"
SAN PEDRO DE MACORIS,SAN PEDRO DE MACORIS,SAN PEDRO DE MACORIS,ESCUELA PRIMARIA,CALLE ANTONIO SERRALLE,LOS GUANDULES,"0157,0187"
SAN PEDRO DE MACORIS,SAN PEDRO DE MACORIS,SAN PEDRO DE MACORIS,LICEO ALBERTO BYAS,"C/LOS GIRASOLES, NO.8","JARDINES DEL ESTE, VILLA OLIMPICA","0133,0150,0167,0181,0188"
SAN PEDRO DE MACORIS,SAN PEDRO DE MACORIS,SAN PEDRO DE MACORIS,LICEO PEDRO MIR,CALLE RAMON MOTA,JAPON,182
SAN PEDRO DE MACORIS,SAN PEDRO DE MACORIS,SAN PEDRO DE MACORIS,ESCUELA NUEVA,CARRETERA MELLA KM. 2,MEXICO,"0100,0100A,0201"
SAN PEDRO DE MACORIS,SAN PEDRO DE MACORIS,SAN PEDRO DE MACORIS,ESCUELA LICDA. VILMA PEREIRA,CALLE SANCHEZ,INGENIO SANTA FE,"0189,0202"
SAN PEDRO DE MACORIS,SAN PEDRO DE MACORIS,SAN PEDRO DE MACORIS,ESCUELA PROFESOR AGUSTIN BERROA,CALLE LAS ARTES,LINDO,"0159,0173,0190,0203"
SAN PEDRO DE MACORIS,SAN PEDRO DE MACORIS,SAN PEDRO DE MACORIS,COLEGIO SAN PEDRO APOSTOL,RESIDENCIAL VILLA ESPAÑA,VILLA ESPAÑA,191
SAN PEDRO DE MACORIS,SAN PEDRO DE MACORIS,SAN PEDRO DE MACORIS,ESCUELA NORGE W. BOTELLO,PUNTA GARZA,EL BRISAL,192
SAN PEDRO DE MACORIS,SAN PEDRO DE MACORIS,SAN PEDRO DE MACORIS,UNION DE JUNTAS DE VECINOS,AVENIDA FRANCISCO DOMIN- GUEZ CHARRO,CENTRO DE LA CIUDAD,"0032A,0104,0204"
SAN PEDRO DE MACORIS,SAN PEDRO DE MACORIS,SAN PEDRO DE MACORIS,LICEO LIC. PEDRO LUIS SANTANA COROMINAS,CALLE PRINCIPAL PUEBLO NUEVO,INGENIO ANGELINA,"0071,0072,0073,0205"
SAN PEDRO DE MACORIS,LOS LLANOS,LOS LLANOS,ESCUELA MARIA NICOLASA BILLINI,CALLE PROYECTO ESQ. SAN JOSE,CENTRO DE LA CIUDAD,"0001,0002,0003,0004,0037,0042,0042A"
SAN PEDRO DE MACORIS,LOS LLANOS,LOS LLANOS,ESCUELA PRIMARIA RURAL,PARAJE CAYACOITA,CAYACOITA,33
SAN PEDRO DE MACORIS,LOS LLANOS,LOS LLANOS,ESCUELA PRIMARIA RURAL,PARAJE EL BRONCE,EL BRONCE,32
SAN PEDRO DE MACORIS,LOS LLANOS,LOS LLANOS,ESCUELA PRIMARIA RURAL,PARAJE TINTERO,TINTERO,"0035,0044"
SAN PEDRO DE MACORIS,LOS LLANOS,LOS LLANOS,ESCUELA PRIMARIA RURAL,PARAJE BATEY CONTADOR,BATEY CONTADOR,14
SAN PEDRO DE MACORIS,LOS LLANOS,LOS LLANOS,ESCUELA PRIMARIA RURAL,PARAJE BATEY PALOMA,BATEY PALOMA,"0017,0018,0043"
SAN PEDRO DE MACORIS,LOS LLANOS,LOS LLANOS,ESCUELA PRIMARIA RURAL,PARAJE EL GUAYABAL,EL GUAYABAL,"0015,0016,0038"
SAN PEDRO DE MACORIS,LOS LLANOS,LOS LLANOS,ESCUELA PRIMARIA RURAL,PARAJE EL RANCHO,EL RANCHO,11
SAN PEDRO DE MACORIS,LOS LLANOS,LOS LLANOS,ESCUELA PRIMARIA RURAL,PARAJE LA ESTRELLA,LA ESTRELLA,"0009,0010"
SAN PEDRO DE MACORIS,LOS LLANOS,LOS LLANOS,ESCUELA PRIMARIA RURAL,PARAJE CONSUELITO,CONSUELITO,19
SAN PEDRO DE MACORIS,LOS LLANOS,LOS LLANOS,LICEO SEC. SERVIO TULIO SOSA,C/ PROLONGACION FERNANDO DELIGNE,CENTRO DE LA CIUDAD,"0046,0047,0050,0053"
SAN PEDRO DE MACORIS,LOS LLANOS,LOS LLANOS,ESCUELA ATABEY FE Y ALEGRIA,PARAJE BATEY CAYACOA,BATEY CAYACOA,"0036,0052"
SAN PEDRO DE MACORIS,LOS LLANOS,LOS LLANOS,ESCUELA BASICA EL COCO,PARAJE EL COCO,EL COCO,13
SAN PEDRO DE MACORIS,LOS LLANOS,EL PUERTO (DM),ESCUELA PRIMARIA RURAL,PARAJE CAIMITO,CAIMITO,8
SAN PEDRO DE MACORIS,LOS LLANOS,EL PUERTO (DM),ESCUELA PRIMARIA RURAL,PARAJE EL PUERTO,EL PUERTO,"0005,0005A,0045"
SAN PEDRO DE MACORIS,LOS LLANOS,EL PUERTO (DM),ESCUELA PRIMARIA RURAL,PARAJE SACA TURRON,SACA TURRON,7
SAN PEDRO DE MACORIS,LOS LLANOS,EL PUERTO (DM),LICEO FABIO FIALLO,CALLE PRIMERA,EL PUERTO,"0006,0048,0051"
SAN PEDRO DE MACORIS,LOS LLANOS,GAUTIER (DM),ESCUELA PRIMARIA RURAL,PARAJE GAUTIER,GAUTIER,"0034,0034A,0041,0049"
SAN PEDRO DE MACORIS,LOS LLANOS,GAUTIER (DM),ESCUELA PRIMARIA RURAL,PARAJE SAN JOSE,SAN JOSE,31
SAN PEDRO DE MACORIS,RAMON SANTANA,RAMON SANTANA,ESCUELA FEDERICO BERMUDEZ,CALLE 12 DE JULIO NO.65,CENTRO DE LA CIUDAD,"0001,0002"
SAN PEDRO DE MACORIS,RAMON SANTANA,RAMON SANTANA,SALON DE ACTOS DEL AYUNT. MUNICIPAL,CALLE HERMANAS MIRABAL,CENTRO DE LA CIUDAD,"0011,0012"
SAN PEDRO DE MACORIS,RAMON SANTANA,RAMON SANTANA,CENTRO EDUCATIVO LOS ARADOS,PARAJE BATEY LOS ARADOS,BATEY LOS ARADOS,10
SAN PEDRO DE MACORIS,RAMON SANTANA,RAMON SANTANA,CENTRO EDUCATIVO REGAJO,PARAJE PLUMITA REGAJO,PLUMITA REGAJO,7
SAN PEDRO DE MACORIS,RAMON SANTANA,RAMON SANTANA,CENTRO EDUCATIVO EL SOCO,PARAJE BATEY EL SOCO,BATEY EL SOCO,15
SAN PEDRO DE MACORIS,RAMON SANTANA,RAMON SANTANA,CENTRO EDUCATIVO LA CUBANA,BATEY LA CUBANA,BATEY LA CUBANA,"0005,0005A"
SAN PEDRO DE MACORIS,RAMON SANTANA,RAMON SANTANA,CENTRO EDUCATIVO MARGARITA,BATEY MARGARITA,BATEY LA MARGARITA,4
SAN PEDRO DE MACORIS,RAMON SANTANA,RAMON SANTANA,CENTRO EDUCATIVO PASO DEL MEDIO,PARAJE PASO DEL MEDIO,PASO DEL MEDIO,"0003,0018"
SAN PEDRO DE MACORIS,RAMON SANTANA,RAMON SANTANA,CENTRO EDUCATIVO CABEZA DE TORO,PARAJE CABEZA DE TORO,CABEZA DE TORO,13
SAN PEDRO DE MACORIS,RAMON SANTANA,RAMON SANTANA,CENTRO EDUCATIVO CAMPIÑA,PARAJE BATEY CAMPIÑA,BATEY CAMPIÑA,"0006,0017"
SAN PEDRO DE MACORIS,RAMON SANTANA,RAMON SANTANA,CENTRO EDUCATIVO BATEY JAGUAL,PARAJE BATEY JAGUAL,BATEY JAGUAL,8
SAN PEDRO DE MACORIS,RAMON SANTANA,RAMON SANTANA,LICEO FEDERICO BERMUDEZ DE RAMON SANTANA,GASTON FERNANDO DELIGNE,CENTRO DE LA CIUDAD,"0014,0019"
SAN PEDRO DE MACORIS,RAMON SANTANA,RAMON SANTANA,CENTRO EDUCATIVO LAGUNA PRIETA,PARAJE LAGUNA PRIETA,LAGUNA PRIETA,16
SAN PEDRO DE MACORIS,RAMON SANTANA,RAMON SANTANA,CENTRO COMUNAL DEL BATEY EL SOCO,PARAJE BATEY EL SOCO,BATEY EL SOCO,9
SAN PEDRO DE MACORIS,CONSUELO,CONSUELO,ESCUELA PRIMARIA SOR LEONOR GUIBB,"C/ ISIDRO BARROS, SALIDA DE MONTE COCA",CENTRO DE LA CIUDAD,"0001,0002,0003,0004,0005,0006,0011,0038"
SAN PEDRO DE MACORIS,CONSUELO,CONSUELO,ESC. PRIM. ANTONIO PAREDES MENA,CALLE CARMEN SALLES NUM. 68,CENTRO DE LA CIUDAD,"0007,0007A,0008,0008A,0009,0010,0036,0039"
SAN PEDRO DE MACORIS,CONSUELO,CONSUELO,ESCUELA PRIMARIA DIVINA PROV- IDENCIA,CALLE JOSE FRANCISCO PEñA GOMEZ NO. 30,CENTRO DE LA CIUDAD,"0012,0013,0014,0015,0021,0022,0023,0024,0027,0028,0034,0040"
SAN PEDRO DE MACORIS,CONSUELO,CONSUELO,ESCUELA PRIMARIA RURAL,PARAJE ALEJANDRO BASS,ALEJANDRO BASS,"0030,0035"
SAN PEDRO DE MACORIS,CONSUELO,CONSUELO,ESCUELA PRIMARIA RURAL,PARAJE LOS CHICHARRONES,LOS CHICHARRONES,29
SAN PEDRO DE MACORIS,CONSUELO,CONSUELO,LICEO SOR ANA NOLAN,"C/ SOR ANTONIA SCULLY NO. 1, RES. SUEÑO REAL",SUEÑO REAL,"0016,0017,0019,0020,0037,0042,0044"
SAN PEDRO DE MACORIS,CONSUELO,CONSUELO,ESCUELA PRIMARIA RURAL,PARAJE DON JUAN,DON JUAN,"0031,0043"
SAN PEDRO DE MACORIS,CONSUELO,CONSUELO,ESCUELA PRIMARIA RURAL,PARAJE CAÑADA EL NEGRO,EUSKARDUNA,32
SAN PEDRO DE MACORIS,CONSUELO,CONSUELO,ESCUELA PRIMARIA LA SALLES,CALLE PRIMERA,LA AVIACION,41
SAN PEDRO DE MACORIS,CONSUELO,CONSUELO,LICEO ASTIN JACOBO,"CALLE DUARTE, ANTIGUO INGENIO",CENTRO DE LA CIUDAD,"0018,0025,0026,0033"
SAN PEDRO DE MACORIS,CONSUELO,CONSUELO,ESCUELA SANTA MARGARITA YURIBIT,CALLE RESPALDO ISIDRO BASS,CENTRO DE LA CIUDAD,45
SAN PEDRO DE MACORIS,QUISQUEYA,QUISQUEYA,ESCUELA PRIMARIA RURAL,PARAJE ULLOA,ULLOA,12
SAN PEDRO DE MACORIS,QUISQUEYA,QUISQUEYA,ESCUELA PRIMARIA RURAL,PARAJE CANUTILLO,CANUTILLO,20
SAN PEDRO DE MACORIS,QUISQUEYA,QUISQUEYA,ESCUELA PRIMARIA URBANA,CIUDAD,CENTRO DE LA CIUDAD,"0024,0024A,0025,0025A,0026,0026A"
SAN PEDRO DE MACORIS,QUISQUEYA,QUISQUEYA,ESCUELA PRIMARIA RURAL,PARAJE LOS MONTONES,LOS MONTONES,21
SAN PEDRO DE MACORIS,QUISQUEYA,QUISQUEYA,LICEO EUGENIO MARIA DE HOS- TOS,CENTRO DE LA CIUDAD,CENTRO DE LA CIUDAD,"0001,0027,0027A,0028,0029,0029A,0039,0039A,0040"
SAN PEDRO DE MACORIS,QUISQUEYA,QUISQUEYA,ESCUELA VIRGEN DE LA CARIDAD,CENTRO DE LA CIUDAD,CENTRO DE LA CIUDAD,"0041,0042,0043,0044,0045,0046"
SAN PEDRO DE MACORIS,QUISQUEYA,QUISQUEYA,ESCUELA PROFESORA SILVIA SOSA,MANZANA C.,CENTRO DE LA CIUDAD,"0022,0022A,0023,0023A"
SAN PEDRO DE MACORIS,GUAYACANES,GUAYACANES,LICEO JUAN PABLO DUARTE DIEZ,CENTRO DE LA CIUDAD,CENTRO DE LA CIUDAD,"0096,0096A,0096B,0097,0097A,0136"
SAN PEDRO DE MACORIS,GUAYACANES,GUAYACANES,ESCUELA BASICA LOS CONUCOS,PARAJE LOS CONUCOS,LOS CONUCOS,"0001,0143,0147"
SAN PEDRO DE MACORIS,GUAYACANES,GUAYACANES,ESCUELA BASICA HONDURAS,PARAJE HONDURAS,HONDURAS,137
SAN PEDRO DE MACORIS,GUAYACANES,GUAYACANES,ESCUELA BASICA HOYO DEL TORO,PARAJE HOYO DEL TORO,HOYO DEL TORO,138
SAN PEDRO DE MACORIS,GUAYACANES,GUAYACANES,ESCUELA BASICA SURINAM,"CALLE PRINCIPAL, JUAN DOLIO",JUAN DOLIO,"0139,0144,0148"
SAN PEDRO DE MACORIS,GUAYACANES,GUAYACANES,POLICLINICA RURAL CRUCE DE CAYACOA,PARAJE CRUCE DE CAYACOA,CRUCE DE CAYACOA,140
SAN PEDRO DE MACORIS,GUAYACANES,GUAYACANES,CENTRO EDUCATIVO LAURA VICINI BARLETTA,CENTRO DE LA CIUDAD,CENTRO DE LA CIUDAD,"0141,0145,0149"
SAN PEDRO DE MACORIS,GUAYACANES,GUAYACANES,ESCUELA BASICA LOS BANCOS DE ARENA,PARAJE LOS BANCOS DE ARENA,LOS BANCOS DE ARENA,142
SAN PEDRO DE MACORIS,GUAYACANES,GUAYACANES,ESCUELA COSTA REAL,BARRIO H-3 LOS SOLARES,H-3 LOS SOLARES,146
SANCHEZ RAMIREZ,COTUI,COTUI,EDIFICIO DEL PALACIO MUNICIPAL,CALLE SANCHEZ/CALLE 7,ESPERANZA,"0093,0093A,0136,0167,0183,0197"
SANCHEZ RAMIREZ,COTUI,COTUI,LOCAL DEL CLUB FREDDY ACOSTA,PROLONGACION ENRIQUILLO,CENTRO DE LA CIUDAD,"0101,0101A,0101B,0132"
SANCHEZ RAMIREZ,COTUI,COTUI,ESC. PRIMARIA JUAN PABLO DUARTE,CALLE MANUEL R. PAVON,PUEBLO NUEVO,"0001,0009,0009A,0100,0127,0168,0198"
SANCHEZ RAMIREZ,COTUI,COTUI,CLUB 5 DE OCTUBRE,MA. T. SANCHEZ PROLONG.,OLIMPICO,"0103,0103A,0184"
SANCHEZ RAMIREZ,COTUI,COTUI,ESCUELA JUAN SANCHEZ RAMIREZ,MARIA TRINIDAD SANCHEZ NO. 30,PUEBLO NUEVO,"0010,0010A,0012,0012A"
SANCHEZ RAMIREZ,COTUI,COTUI,ESCUELA PRIMARIA BO. LA ALTA- GRACIA,BARRIO LA ALTAGRACIA,LA ALTAGRACIA,"0111,0111A,0119,0133,0199"
SANCHEZ RAMIREZ,COTUI,COTUI,ESCUELA PRIMARIA URBANA,BARRIO LIBERTAD,LIBERTAD,"0110,0110A,0110B,0110C,0176,0200"
SANCHEZ RAMIREZ,COTUI,COTUI,ESC. PRIM. B. LOS MINEROS,B. LOS MINEROS,LA ROSARIO DOMINI- CANA,"0099,0099A,0137,0161,0177,0201"
SANCHEZ RAMIREZ,COTUI,COTUI,LICEO FRANCISCO HENRIQUEZ Y CARVAJAL,PROLONGACION MELLA,CENTRO DE LA CIUDAD,"0096,0096A,0102,0102A,0138,0178,0202"
SANCHEZ RAMIREZ,COTUI,COTUI,LOCAL ANTIGUO LICEO SECUND- ARIO,MARIA TRINIDAD SANCHEZ NO. 27,HOSTOS,"0011,0011A"
SANCHEZ RAMIREZ,COTUI,COTUI,ESC. PRIM. EL LIMPIO,B. EL HATO,EL LIMPIO,"0008,0008A,0179,0203"
SANCHEZ RAMIREZ,COTUI,COTUI,CUERPO DE BOMBEROS CIVILES,CIUDAD,PUEBLO NUEVO,"0002,0128"
SANCHEZ RAMIREZ,COTUI,COTUI,ESC. PRIM. DE HATILLO,PARAJE HATILLO,HATILLO,"0081,0082"
SANCHEZ RAMIREZ,COTUI,COTUI,ESCUELA PRIMARIA RURAL,PARAJE EL CALLEJON,EL CALLEJON,"0056,0057"
SANCHEZ RAMIREZ,COTUI,COTUI,ESCUELA PRIMARIA RURAL,PARAJE VILLA RAZA,VILLA RAZA,55
SANCHEZ RAMIREZ,COTUI,COTUI,ESCUELA PRIMARIA RURAL,PARAJE EL CRUCE,EL CRUCE,"0041,0120"
SANCHEZ RAMIREZ,COTUI,COTUI,ESCUELA PRIMARIA RURAL,PARAJE SABANA GRANDE,SABANA GRANDE (LA COLONIA),40
SANCHEZ RAMIREZ,COTUI,COTUI,ESCUELA PRIMARIA URBANA,BARRIO LA COLONIA,LA COLONIA,"0166,0187,0193"
SANCHEZ RAMIREZ,COTUI,COTUI,ESCUELA PRIMARIA LOS POMOS,CALLE PRINCIPAL,LOS POMOS,"0171,0190"
SANCHEZ RAMIREZ,COTUI,COTUI,ESCUELA PRIMARIA URBANA,CALLE PRINCIPAL,JUAN SANCHEZ RAMIREZ,"0039,0124,0172,0194"
SANCHEZ RAMIREZ,COTUI,COTUI,CENTRO EDUCATIVO JUAN TOMAS DIAZ,"PARAJE CRUCE DE SABALLO, CRUCE DE SABALLO",CRUCE DE SABALLO,"0042,0043,0145"
SANCHEZ RAMIREZ,COTUI,COTUI,GOBERNACION PROVINCIAL,"CALLE MILAGROS SANCHEZ, CENTRO DE LA CIUDAD",CENTRO DE LA CIUDAD,"0004,0004A,0005,0005A"
SANCHEZ RAMIREZ,COTUI,COTUI,PLAZA ARTESANAL,"C/UNIVERSITARIA ESQ. RAMON HDEZ. GLASS, CENTRO DE LA CIUDAD",CENTRO DE LA CIUDAD,"0003,0090,0090A,0129,0130"
SANCHEZ RAMIREZ,COTUI,COTUI,ESCUELA PRIMARIA BARRIO LA CRUZ,BARRIO LA CRUZ,LA CRUZ,"0174,0191"
SANCHEZ RAMIREZ,COTUI,COTUI,CLUB PEDRO LEYBA,"CALLE CENTRAL, BARRIO LIBERTAD",LIBERTAD,"0131,0163,0206"
SANCHEZ RAMIREZ,COTUI,COTUI,ESCUELA PRIMARIA RURAL EL LIMON,PARAJE EL LIMON,EL LIMON,181
SANCHEZ RAMIREZ,COTUI,COTUI,ESCUELA ANA MERCEDES CASSO,BARRIO VISTA DEL VALLE,VISTA DEL VALLE,"0188,0195"
SANCHEZ RAMIREZ,COTUI,COTUI,BAJO TECHO DEL CLUB 5 DE OCTUBRE,CALLE MARIA TRINIDAD SAN- CHEZ,OLIMPICO,"0134,0160"
SANCHEZ RAMIREZ,COTUI,COTUI,CENTRO DE REHABILITACION,CALLE 27 DE FEBRERO,EL TANQUE,"0091,0135"
SANCHEZ RAMIREZ,COTUI,COTUI,CENTRO EDUCATIVO TAIRA MAG- DALENA MARIA,CALLE MAURICIO BAEZ,LOS PINOS,"0006,0006A,0007,0007A,0186"
SANCHEZ RAMIREZ,COTUI,COTUI,LICEO EDUCATIVO PROFESOR JUAN BOSCH,"CALLE PRINCIPAL, PROXIMO A LA PISTA DE AVIACIÓN",EL SOL,"0162,0169,0175,0185"
SANCHEZ RAMIREZ,COTUI,PLATANAL (DM),ESCUELA PRIMARIA RURAL,PARAJE CHACUEY ABAJO,CHACUEY ABAJO,"0014,0015,0016,0087"
SANCHEZ RAMIREZ,COTUI,PLATANAL (DM),ESCUELA PRIMARIA RURAL,PARAJE DON MIGUEL,DON MIGUEL,13
SANCHEZ RAMIREZ,COTUI,PLATANAL (DM),ESCUELA PRIMARIA RURAL,PARAJE PLATANAL,PLATANAL ( EL HATO),"0017,0018,0205"
SANCHEZ RAMIREZ,COTUI,PLATANAL (DM),ESCUELA PRIMARIA RURAL,PARAJE ALTO DE CASIANO,ALTO DE CASIANO,173
SANCHEZ RAMIREZ,COTUI,PLATANAL (DM),LICEO ROBERTO CAMILO RECIO,PARAJE PLATANAL,PLATANAL ( EL HATO),139
SANCHEZ RAMIREZ,COTUI,QUITA SUEÑO (DM),ESCUELA PRIMARIA RURAL,PARAJE QUITA SUEÑO,QUITA SUEÑO,"0076,0077,0078,0079,0080,0156"
SANCHEZ RAMIREZ,COTUI,QUITA SUEÑO (DM),ESCUELA PRIMARIA RURAL,PARAJE LAS CRUCES,LAS CRUCES,164
SANCHEZ RAMIREZ,COTUI,QUITA SUEÑO (DM),ESCUELA PRIMARIA RURAL,PARAJE LA ESTANCIA,LA ESTANCIA,"0165,0192"
SANCHEZ RAMIREZ,COTUI,QUITA SUEÑO (DM),ESCUELA PRIMARIA PROFESOR ANGEL MARIA NUÑEZ,CALLE PRINCIPAL,BUENOS AIRES,196
SANCHEZ RAMIREZ,COTUI,CABALLERO (DM),ESCUELA PRIMARIA RURAL,PARAJE LA ATALAYA,ATALAYA,"0059,0060"
SANCHEZ RAMIREZ,COTUI,CABALLERO (DM),ESCUELA PRIMARIA RURAL,PARAJE LA SABANA,LA SABANA,"0061,0062,0204"
SANCHEZ RAMIREZ,COTUI,CABALLERO (DM),ESCUELA PRIMARIA RURAL,PARAJE JOBO CLARO,JOBO CLARO,155
SANCHEZ RAMIREZ,COTUI,CABALLERO (DM),LICEO FRANCISCO CASSO,"PARAJE LAS TRES CEIBAS, LAS TRES CEIBAS",LAS TRES CEIBAS,94
SANCHEZ RAMIREZ,COTUI,COMEDERO ARRIBA (DM),ESCUELA PRIMARIA RURAL,PARAJE LOS BARRAQUITOS,LOS BARRAQUITOS,"0052,0053"
SANCHEZ RAMIREZ,COTUI,COMEDERO ARRIBA (DM),AYUNTAMIENTO,PARAJE LA MAJAGUA,LA MAJAGUA,54
SANCHEZ RAMIREZ,COTUI,COMEDERO ARRIBA (DM),LICEO DE LA MAJAGUA,PARAJE LA MAJAGUA,LA MAJAGUA,"0089,0089A,0106,0153"
SANCHEZ RAMIREZ,COTUI,ZAMBRANA ABAJO (DM),ESCUELA PRIMARIA RURAL,PARAJE LA HONDONADA,LA HONDONADA,69
SANCHEZ RAMIREZ,COTUI,ZAMBRANA ABAJO (DM),ESCUELA PRIMARIA RURAL,PARAJE LOMA DE LA GALLINA,LOMA DE LA GALLINA,"0070,0149"
SANCHEZ RAMIREZ,COTUI,ZAMBRANA ABAJO (DM),ESCUELA PRIMARIA RURAL,PARAJE LOS TRES PASOS,LOS TRES PASOS,73
SANCHEZ RAMIREZ,COTUI,ZAMBRANA ABAJO (DM),ESCUELA PRIMARIA RURAL,PARAJE LOS YAGRUMOS,LOS YAGRUMOS,"0074,0113"
SANCHEZ RAMIREZ,COTUI,ZAMBRANA ABAJO (DM),ESCUELA PRIMARIA RURAL,PARAJE TOJIN,TOJIN,"0071,0148"
SANCHEZ RAMIREZ,COTUI,ZAMBRANA ABAJO (DM),ESCUELA PRIMARIA RURAL,PARAJE LA CABIRMA,LA CABIRMA,"0058,0109"
SANCHEZ RAMIREZ,COTUI,ZAMBRANA ABAJO (DM),ESCUELA PRIMARIA RURAL,PARAJE GUARDIANON,GUARDIANON,86
SANCHEZ RAMIREZ,COTUI,ZAMBRANA ABAJO (DM),ESCUELA PRIMARIA RURAL,PARAJE LA CUEVA,LA CUEVA,"0063,0146"
SANCHEZ RAMIREZ,COTUI,ZAMBRANA ABAJO (DM),ESCUELA PRIMARIA RURAL,PARAJE ZAMBRANA ABAJO,ZAMBRANA ABAJO,"0064,0065,0066,0112,0158"
SANCHEZ RAMIREZ,COTUI,ZAMBRANA ABAJO (DM),ESCUELA PRIMARIA RURAL,PARAJE ZAMBRANA ARRIBA,ZAMBRANA ARRIBA,"0067,0068,0147"
SANCHEZ RAMIREZ,COTUI,ZAMBRANA ABAJO (DM),ESCUELA PRIMARIA RURAL,PARAJE TOCOA,TOCOA,"0085,0151"
SANCHEZ RAMIREZ,COTUI,ZAMBRANA ABAJO (DM),ALMACEN DE FRANCISCO HILARIO,FRENTE A LA ROSARIO DOMIN- ICANO,LAS LAGUNAS,"0075,0095"
SANCHEZ RAMIREZ,COTUI,ZAMBRANA ABAJO (DM),LOCAL DE ASOCIACION CA- CAOTALERO,"PARAJE LA PIÑITA, LOS CA- CAOS",LA PIÑTA,"0083,0084,0150"
SANCHEZ RAMIREZ,COTUI,ZAMBRANA ABAJO (DM),ESCUELA PRIMARIA LAS CAOBAS,PARAJE TOJIN,LAS CAOBA,"0072,0107"
SANCHEZ RAMIREZ,COTUI,ZAMBRANA ABAJO (DM),ESCUELA PRIMARIA RURAL,PARAJE SABANA REY,SABANA REY,170
SANCHEZ RAMIREZ,COTUI,ZAMBRANA ABAJO (DM),ESCUELA PRIMARIA RURAL LAJA,PARAJE LAJA,LAJA,182
SANCHEZ RAMIREZ,COTUI,ZAMBRANA ABAJO (DM),ESCUELA PRIMARIA RURAL TRES BOCAS,PARAJE TRES BOCAS,LAS TRES BOCAS,180
SANCHEZ RAMIREZ,COTUI,ZAMBRANA ABAJO (DM),ESCUELA PRIMARIA MANUEL DE LEON,PARAJE PEPE PEREZ,PEPE PEREZ,189
SANCHEZ RAMIREZ,CEVICOS,CEVICOS,ESCUELA NARCISO ALBERTI,MARIA T. SANCHEZ/PROYECTO,CENTRO DE LA CIUDAD,"0001,0002,0020,0024,0033"
SANCHEZ RAMIREZ,CEVICOS,CEVICOS,ESCUELA BASICA JOSE MARIA SALCEDO,PARAJE PALMAR,PASO HONDO,21
SANCHEZ RAMIREZ,CEVICOS,CEVICOS,ESCUELA BASICA GREGORIO SANTANA,PARAJE CRUCE MATA DE JAGUA,CRUCE DE MATA JAGUA,18
SANCHEZ RAMIREZ,CEVICOS,CEVICOS,ESCUELA PRIMARIA RURAL,PARAJE DOÑA MARIA,DOÑA MARIA,22
SANCHEZ RAMIREZ,CEVICOS,CEVICOS,ESCUELA BASICA RAMON PAU- LINO,PARAJE LA COOPERATIVA,LA COOPERATIVA,19
SANCHEZ RAMIREZ,CEVICOS,CEVICOS,ESCUELA BASICA LEONIDA REYES,PARAJE HOYA FRESCA,JOYA FRESCA,17
SANCHEZ RAMIREZ,CEVICOS,CEVICOS,ESCUELA PRIMARIA RURAL,PARAJE ARENOSO,ARENOSO,23
SANCHEZ RAMIREZ,CEVICOS,CEVICOS,ESCUELA PRIMARIA RURAL,PARAJE JABONICO,JABONICO,28
SANCHEZ RAMIREZ,CEVICOS,CEVICOS,ESCUELA PRIMARIA DE YUNITA,PARAJE YUNITA,YUNITA,3
SANCHEZ RAMIREZ,CEVICOS,CEVICOS,ESCUELA BASICA RAMON MARIA DOMINGUEZ,PARAJE SABANA ARRIBA,SABANA ARRIBA,"0004,0025"
SANCHEZ RAMIREZ,CEVICOS,CEVICOS,ESCUELA PRIMARIA MARIA LIDIA REGALADO,PARAJE LOS CAJUILES,LOS CAJUILES,"0015,0029,0034"
SANCHEZ RAMIREZ,CEVICOS,CEVICOS,CONSEJO NACIONAL PARA LA NIÑEZ,CALLE SAN RAFAEL S/N,CENTRO DE LA CIUDAD,31
SANCHEZ RAMIREZ,CEVICOS,CEVICOS,ANTIGUO HOSPITAL MUNICIPAL,CALLE SAN RAFAEL,CENTRO DE LA CIUDAD,35
SANCHEZ RAMIREZ,CEVICOS,CEVICOS,ESCUELA PRIMARIA RURAL BIEN- VENIDO SALVADOR,PARAJE PASO DE PAYABO,MANATIES,16
SANCHEZ RAMIREZ,CEVICOS,LA CUEVA (DM),ESCUELA BASICA HILDA MARIA RAMOS,PARAJE LA COLECITA,LA COLECITA,"0007,0009"
SANCHEZ RAMIREZ,CEVICOS,LA CUEVA (DM),ESCUELA BASICA MANOLO VASQUEZ,PARAJE LOS PERALEJOS,LOS PERALEJOS,"0014,0030"
SANCHEZ RAMIREZ,CEVICOS,LA CUEVA (DM),ESCUELA BASICA LUIS REYES,PARAJE POBLADO LA CUEVA,LA CUEVA,"0010,0011,0036"
SANCHEZ RAMIREZ,CEVICOS,LA CUEVA (DM),LICEO SEC. SOCORRO DEL ROSA- RIO SANCHEZ,PARAJE POBLADO LA CUEVA,LA CUEVA,"0012,0026,0032"
SANCHEZ RAMIREZ,CEVICOS,LA CUEVA (DM),OFICINA SANITARIA,PARAJE POBLADO LA CUEVA,LA CUEVA,13
SANCHEZ RAMIREZ,CEVICOS,LA CUEVA (DM),ESCUELA PRIMARIA CARLOS SORIANO DIAZ,PARAJE SABANA GRANDE,SABANA GRANDE,"0005,0006,0008"
SANCHEZ RAMIREZ,FANTINO,FANTINO,COLEGIO SANTO DOMINGO,JUAN SANCHEZ RAMIREZ NO.1,ZONA NORTE DE LA CIUDAD,"0001,0001A"
SANCHEZ RAMIREZ,FANTINO,FANTINO,ESCUELA EMILIANO ESPAILLAT,DUARTE 51,CENTRO DE LA CIUDAD,"0002,0002A,0003,0003A,0004"
SANCHEZ RAMIREZ,FANTINO,FANTINO,LICEO SECUNDARIO PADRE FANTINO,CALLE APOLO 11,ZONA OESTE DE LA CIUDAD,"0005,0005A,0006,0006A"
SANCHEZ RAMIREZ,FANTINO,FANTINO,ESCUELA PRIMARIA RURAL,PARAJE LOS CAPACES,LOS CAPACES,"0020,0026"
SANCHEZ RAMIREZ,FANTINO,FANTINO,ESCUELA PRIMARIA RURAL,PARAJE BACUMI,BACUMI,"0008,0009,0023"
SANCHEZ RAMIREZ,FANTINO,FANTINO,ESCUELA PRIMARIA RURAL,PARAJE CAOBAL,CAOBAL,"0014,0015"
SANCHEZ RAMIREZ,FANTINO,FANTINO,ESCUELA PRIMARIA RURAL,PARAJE HATO MAYOR,HATO MAYOR,"0010,0011"
SANCHEZ RAMIREZ,FANTINO,FANTINO,ESCUELA PRIMARIA RURAL,PARAJE PICOTEO,EL PICOTEO,"0012,0013"
SANCHEZ RAMIREZ,FANTINO,FANTINO,ESCUELA PRIMARIA RURAL,PARAJE SAN MIGUEL ABAJO,SAN MIGUEL ABAJO,"0007,0007A"
SANCHEZ RAMIREZ,FANTINO,FANTINO,ESCUELA PRIMARIA RURAL,PARAJE EL PUENTE,LOS PUENTECITOS,21
SANCHEZ RAMIREZ,FANTINO,FANTINO,ESCUELA PRIMARIA RURAL,PARAJE PIÑA VIEJA,PIÑA VIEJA,"0016,0016A"
SANCHEZ RAMIREZ,FANTINO,FANTINO,ESCUELA DON JUAN,PARAJE DON JUAN,PIÑA VIEJA,"0018,0019"
SANCHEZ RAMIREZ,FANTINO,FANTINO,ESCUELA PRIMARIA RURAL,PARAJE LA PIEDRA,LA PIEDRA,27
SANCHEZ RAMIREZ,FANTINO,FANTINO,CLUB 4 DE JULIO,CALLE DUARTE ESQUINA HER- MANAS MIRABAL,CENTRO DE LA CIUDAD,"0004A,0004B"
SANCHEZ RAMIREZ,FANTINO,FANTINO,CLUB Y JUNTA DE VECINOS DE PIÑA VIEJA,PARAJE EL CASERIO,PIÑA VIEJA,17
SANCHEZ RAMIREZ,FANTINO,FANTINO,CLUB Y JUNTA DE VECINOS JUAN PABLO II,PARAJE SAN MIGUEL FRENTE A LOS CAYUCOS,SAN MIGUEL ABAJO,32
SANCHEZ RAMIREZ,FANTINO,FANTINO,EDIFICIO OFICINAS GUBERNA- MENTALES,CALLE JAVIER URTASUM,CENTRO DE LA CIUDAD,"0028,0030"
SANCHEZ RAMIREZ,FANTINO,FANTINO,ESCUELA BARRIO LA PAZ,PIÑA AL MEDIO,PIÑA AL MEDIO,24
SANCHEZ RAMIREZ,FANTINO,FANTINO,ESCUELA LABORAL NUESTRA SEÑORA DEL ROSARIO,CALLE MISIONERAS DOMIN- ICANAS ESQUINA RAMON LIRANZO,CENTRO DE LA CIUDAD,"0029,0031,0033"
SANCHEZ RAMIREZ,FANTINO,FANTINO,ESCUELA PROYECTO AGRARIO ABRAHAM CANAAN,PARAJE BAQUETAZO,PIÑA VIEJA,25
SANCHEZ RAMIREZ,FANTINO,FANTINO,POLICLINICA RURAL LA CENIZA,PARAJE LA CENIZA,SIERRA PRIETA,22
SANCHEZ RAMIREZ,FANTINO,FANTINO,CLUB DE LA CANCHA BARRIO LA ESPERANZA,CALLE SINDO CONCEPCION ESQUINA LAS MERCEDES,ZONA SUR DE LA CIUDAD,34
SANCHEZ RAMIREZ,FANTINO,FANTINO,ESCUELA HEROINA DIAZ,BARRIO LA ALTAGRACIA,BARRIO LA ALTAGRACIA,35
SANCHEZ RAMIREZ,VILLA LA MATA,VILLA LA MATA,EDIFICIO DE INESPRE,BARRIO INESPRE,INESPRE,"0035,0035A,0163"
SANCHEZ RAMIREZ,VILLA LA MATA,VILLA LA MATA,CENTRO EDUCATIVO PROFESOR ISABEL ABREU VELAZQUEZ,PARAJE LA PIÑITA,LA PIÑITA,"0030,0031,0098,0098A"
SANCHEZ RAMIREZ,VILLA LA MATA,VILLA LA MATA,CENTRO EDUCATIVO LA PALOMA,SECTOR INESPRE,INESPRE,"0036,0036A,0168"
SANCHEZ RAMIREZ,VILLA LA MATA,VILLA LA MATA,LICEO DR. MIGUEL ANGEL GARCIA VILORIA,CALLE PRINCIPAL,CENTRO DE LA CIUDAD,"0001,0032,0033,0034,0105,0116,0121,0122,0144"
SANCHEZ RAMIREZ,VILLA LA MATA,VILLA LA MATA,LA CANCHA CLUB HERMANOS VERAS,CALLE RENOVACION,CENTRO DE LA CIUDAD,"0169,0171"
SANCHEZ RAMIREZ,VILLA LA MATA,VILLA LA MATA,PALACIO MUNICIPAL,"CALLE DUARTE, PROXIMO ENTRADA EL PLAY",CENTRO DE LA CIUDAD,"0104,0152"
SANCHEZ RAMIREZ,VILLA LA MATA,VILLA LA MATA,CENTRO EDUCATIVO VERA DEL YUNA PROF. GASPAR RONDON,PARAJE VERA DEL YUNA,VEREDA DE YUNA,157
SANCHEZ RAMIREZ,VILLA LA MATA,VILLA LA MATA,CENTRO DE ATENCION PRIMARIA,PARAJE TRIFURCACION,TRIFURCACION,172
SANCHEZ RAMIREZ,VILLA LA MATA,LA BIJA (DM),ESCUELA BASICA LA BIJA,PARAJE LA BIJA,LA BIJA,"0026,0027,0028,0029,0115,0143,0166"
SANCHEZ RAMIREZ,VILLA LA MATA,LA BIJA (DM),CENTRO EDUCATIVO LA PIEDRA,PARAJE LA PIEDRA,LA PIEDRA,"0023,0114,0141"
SANCHEZ RAMIREZ,VILLA LA MATA,LA BIJA (DM),CENTRO EDUCATIVO LA SOLEDAD,PARAJE LA SOLEDAD,LA SOLEDAD,"0024,0025,0097,0123,0142"
SANCHEZ RAMIREZ,VILLA LA MATA,LA BIJA (DM),ESCUELA BASICA HATO VIEJO,PARAJE HATO VIEJO,LA BIJA,"0126,0162"
SANCHEZ RAMIREZ,VILLA LA MATA,ANGELINA (DM),CENTRO EDUCATIVO JOSE ANTO- NIO DIAZ,PARAJE EL CRUCE DE ANGE- LINA,EL CRUCE DE ANGE- LINA,"0037,0037A,0038,0038A"
SANCHEZ RAMIREZ,VILLA LA MATA,ANGELINA (DM),CENTRO EDUCATVO PROF. ALTA- GRACIA LEONOR PEGUERO,PARAJE LA CRUZ ANGELINA,LA CRUZ DE ANGELINA,"0019,0020,0020A,0021,0022,0140,0159,0165"
SANCHEZ RAMIREZ,VILLA LA MATA,ANGELINA (DM),CENTRO EDUCATIVO PROYECTO AGRARIO,PARAJE PADRE FANTINO,PADRE FANTINO,"0108,0108A,0154,0160,0164"
SANCHEZ RAMIREZ,VILLA LA MATA,ANGELINA (DM),ESCUELA PRIMARIA RURAL,PARAJE LIMONCITO,EL LIMONCITO,"0161,0170"
SANCHEZ RAMIREZ,VILLA LA MATA,ANGELINA (DM),ESCUELA LOS CASTELLANOS,PARAJE LOS CASTELLANOS,LOS CASTELLANOS,173
SANCHEZ RAMIREZ,VILLA LA MATA,HERNANDO ALONZO (DM),ESC. PRIMARIA RURAL,PARAJE LOS CONUCONES,LOS CONUCONES,50
SANCHEZ RAMIREZ,VILLA LA MATA,HERNANDO ALONZO (DM),CENTRO EDUCATIVO RAMON ANTONIO REYNOSO,PARAJE HERNANDO ALONZO,HERNANDO ALONZO,"0046,0047,0048,0049,0051"
SANCHEZ RAMIREZ,VILLA LA MATA,HERNANDO ALONZO (DM),ESCUELA PRIMARIA RURAL,PARAJE LOS BRAZOS,LOS BRAZOS,88
SANCHEZ RAMIREZ,VILLA LA MATA,HERNANDO ALONZO (DM),CENTRO EDUCATIVO LAS CANAS,PARAJE LAS CANAS,LA CANA,"0044,0045,0117,0118"
SANCHEZ RAMIREZ,VILLA LA MATA,HERNANDO ALONZO (DM),CENTRO EDUCATIVO LA GUAMITA,PARAJE LA GUAMITA,LA GUAMITA,"0125,0167"
SANTIAGO,SANTIAGO DE LOS CABALLEROS,SANTIAGO DE LOS CABALLEROS,ESCUELA PRIM. EUGENIO DES- CHAMPS,CALLE 5 NO. 6,EL INCO,"0092,0092A,0093,0094,0095,0095A,0098,0098A,0098B,0098C,0099,0099A,0100,0100A,0100B"
SANTIAGO,SANTIAGO DE LOS CABALLEROS,SANTIAGO DE LOS CABALLEROS,COLEGIO SAN FRANCISCO DE ASIS,CALLE ANSELMO COPELLO,BARACOA,"0119,0120,0121,0122,0123,0124,0138,0138A,0144,0417,0480,0480A"
SANTIAGO,SANTIAGO DE LOS CABALLEROS,SANTIAGO DE LOS CABALLEROS,COLEGIO NUESTRA SRA. DEL CARMEN,CALLE EMILIO PRUD-HOMME,BELLA VISTA,"0159,0159A,0160,0160A,0161,0162,0163,0419,0419A,0482,0482A,0482B,0549,0549A,0549B,0646"
SANTIAGO,SANTIAGO DE LOS CABALLEROS,SANTIAGO DE LOS CABALLEROS,ESCUELA JUAN OVIDIO PAULINO,CALLE ESTREMO SUR,PERALTA,"0164,0164A,0165,0165A,0166,0166A,0167,0168,0168A,0169,0169A,0169B,0632,0647"
SANTIAGO,SANTIAGO DE LOS CABALLEROS,SANTIAGO DE LOS CABALLEROS,GALLERA MUNICIPAL,AV. ESTRELLA SAHDALA,LA GALLERA,"0036,0036A,0037,0037A,0649"
SANTIAGO,SANTIAGO DE LOS CABALLEROS,SANTIAGO DE LOS CABALLEROS,CLUB SAMEJI,CALLE 11 ESQ. 2,MEJORAMIENTO SOCIAL,"0045,0045A,0045B,0045C,0045D,0650"
SANTIAGO,SANTIAGO DE LOS CABALLEROS,SANTIAGO DE LOS CABALLEROS,ESCUELA BASICA ISAIAS FRANCO,CALLE 2 ESQUINA AV. VDA. MINAYA #2,MEJORAMIENTO SOCIAL,"0042,0043,0044,0044A,0470,0471,0516"
SANTIAGO,SANTIAGO DE LOS CABALLEROS,SANTIAGO DE LOS CABALLEROS,ESCUELA GENARO PEREZ,AV. FRANCIA,EL ENSUEÑO,"0213,0213A,0214,0214A,0216,0217,0218,0218A,0219,0220,0221,0221A,0222,0425,0425A,0490,0490A,0491"
SANTIAGO,SANTIAGO DE LOS CABALLEROS,SANTIAGO DE LOS CABALLEROS,CLUB DEPORTIVO DEL INVI,CALLE 9,EL INVI,"0020,0020A,0819"
SANTIAGO,SANTIAGO DE LOS CABALLEROS,SANTIAGO DE LOS CABALLEROS,ESCUELA PRIMARIA VENEZUELA,AV. BARTOLOME COLON,JULIA,"0085,0085A,0086,0086A"
SANTIAGO,SANTIAGO DE LOS CABALLEROS,SANTIAGO DE LOS CABALLEROS,ESCUELA TELESFORO REYNOSO,C.PIMENTEL/INDEPENDENCIA,LA JOYA,"0128,0129,0130,0130A,0131,0132,0133,0418"
SANTIAGO,SANTIAGO DE LOS CABALLEROS,SANTIAGO DE LOS CABALLEROS,"SALON CIVIL DEL TRIBUNA DE NIÑOS, NIÑAS Y ADOLESCENTES",CALLE SANTIAGO RODRIGUEZ,LA JOYA,"0139,0140"
SANTIAGO,SANTIAGO DE LOS CABALLEROS,SANTIAGO DE LOS CABALLEROS,O & M SCHOOL,AV. BARTOLOME COLON,MEJORAMIENTO SOCIAL,"0052,0053,0054"
SANTIAGO,SANTIAGO DE LOS CABALLEROS,SANTIAGO DE LOS CABALLEROS,COLEGIO SOR PETRA M. GRULLON,CALLE 25 / AV. GURABITO,LAS COLINAS,"0410,0410A,0466,0651"
SANTIAGO,SANTIAGO DE LOS CABALLEROS,SANTIAGO DE LOS CABALLEROS,ESCUELA PRIM. ANACAONA ALMONTE,AV. 27 DE FEBRERO,LAS COLINAS,"0105,0106,0107,0108,0109,0109A,0110,0110A,0111,0111A"
SANTIAGO,SANTIAGO DE LOS CABALLEROS,SANTIAGO DE LOS CABALLEROS,CLUB GREGORIO URBANO GIL- BERT,ESTRELLA SADHALA ESQ. CIRCUNVALACION,LIBERTAD,"0101,0101A,0102,0102A,0405,0405A,0414,0414A,0414B,0476,0476A,0588,0652"
SANTIAGO,SANTIAGO DE LOS CABALLEROS,SANTIAGO DE LOS CABALLEROS,COLEGIO SANTO NIÑO DE ATO- CHA,CALLE PRIMERA 245,LIBERTAD,"0097,0097A,0477,0477A,0653,0713,0820"
SANTIAGO,SANTIAGO DE LOS CABALLEROS,SANTIAGO DE LOS CABALLEROS,INSTITUTO SUPERIOR DE FORMA- CION DOCENTE,CALLE CESAR TOLENTINO #51,LOS PEPINES,"0201,0201A,0202,0203"
SANTIAGO,SANTIAGO DE LOS CABALLEROS,SANTIAGO DE LOS CABALLEROS,"TRIBUNAL DE NIÑOS, NIÑAS Y ADOLESCENTES",CALLE SANCHEZ ESQ. ARCHILLE MICHELL #15,LOS PEPINES,"0204,0487"
SANTIAGO,SANTIAGO DE LOS CABALLEROS,SANTIAGO DE LOS CABALLEROS,UNIVERSIDAD AUTONOMA DE STO. DGO.,CALLE 16 DE AGOSTO / SAN LUIS,LOS PEPINES,"0197,0198,0199,0199A,0200,0423,0596"
SANTIAGO,SANTIAGO DE LOS CABALLEROS,SANTIAGO DE LOS CABALLEROS,ESCUELA J.ARMANDO BERMUDEZ,C/DON LUIS CAMEJO. LOS PLATANITOS,LOS PLATANITOS,"0024,0025,0026,0026A,0027,0027A,0063,0064,0082"
SANTIAGO,SANTIAGO DE LOS CABALLEROS,SANTIAGO DE LOS CABALLEROS,ESCUELA CLUB NOEL,CALLE CERO #42,LOS SALADOS,"0001,0001A,0001B,0001C,0002,0002A,0002B,0003,0003A,0654,0738,0959"
SANTIAGO,SANTIAGO DE LOS CABALLEROS,SANTIAGO DE LOS CABALLEROS,ESCUELA PRIMARIA HERMANOS MIGUEL,CALLE 5TA #2,EL EJIDO,"0087,0087A,0088,0088A,0089,0089A,0413,0413A,0475,0475A"
SANTIAGO,SANTIAGO DE LOS CABALLEROS,SANTIAGO DE LOS CABALLEROS,OFICINAS DE CORAASAN,AV. CIRCUNVALACION,NIBAJE,"0206,0207,0208,0209,0215"
SANTIAGO,SANTIAGO DE LOS CABALLEROS,SANTIAGO DE LOS CABALLEROS,MERCADO CENTRAL,AV. J. ARMANDO BERMUDEZ,PUEBLO NUEVO,"0066,0066A,0067,0067A,0068,0069,0070,0070A,0071,0071A,0072,0072A,0473"
SANTIAGO,SANTIAGO DE LOS CABALLEROS,SANTIAGO DE LOS CABALLEROS,SOCIEDAD MUTUA PERP. SOCOR- RO,CALLE ANACAONA 16,PUEBLO NUEVO,84
SANTIAGO,SANTIAGO DE LOS CABALLEROS,SANTIAGO DE LOS CABALLEROS,PALACIO DE LOS DEPORTES,AV. IMBERT,BOLIVAR,"0034,0034A,0034B,0035,0035A,0114,0114A,0115,0116,0117,0117A,0118"
SANTIAGO,SANTIAGO DE LOS CABALLEROS,SANTIAGO DE LOS CABALLEROS,LOGIA NUEVO MUNDO,CALLE MELLA NO.5,LOS PEPINES,"0192,0195,0195A,0196"
SANTIAGO,SANTIAGO DE LOS CABALLEROS,SANTIAGO DE LOS CABALLEROS,ADMINISTRACION DE CORREOS,EL SOL/SAN LUIS,LOS PEPINES,"0182,0182A,0183,0188,0189,0189A"
SANTIAGO,SANTIAGO DE LOS CABALLEROS,SANTIAGO DE LOS CABALLEROS,ASOCIACION PARA EL DESAR- ROLLO,AV. BARTOLOME COLON,EL EJIDO,"0038,0039,0040,0040A,0041,0048,0049,0050,0051,0469,0548"
SANTIAGO,SANTIAGO DE LOS CABALLEROS,SANTIAGO DE LOS CABALLEROS,COLEGIO SANTA ANA (ASILO),CALLE 16 DE AGOSTO ESQ. COLON,LA JOYA,"0152,0152A,0153,0481"
SANTIAGO,SANTIAGO DE LOS CABALLEROS,SANTIAGO DE LOS CABALLEROS,AYUNTAMIENTO DE SANTIAGO,AV. JUAN PABLO DUARTE,LA TRINITARIA,"0180,0180A,0181,0181A,0422,0422A"
SANTIAGO,SANTIAGO DE LOS CABALLEROS,SANTIAGO DE LOS CABALLEROS,CENTRO DE LA CULTURA,DEL SOL,CENTRO DE LA CIUDAD,"0150,0150A,0151,0151A,0978"
SANTIAGO,SANTIAGO DE LOS CABALLEROS,SANTIAGO DE LOS CABALLEROS,CENTRO DE RECREO,CALLE BENITO MONCION,CENTRO DE LA CIUDAD,"0146,0147,0148,0149"
SANTIAGO,SANTIAGO DE LOS CABALLEROS,SANTIAGO DE LOS CABALLEROS,CLUB AMAPROSAN,AUTOPISTA DUARTE,LOS ALAMOS,"0519,0519A,0519B,0520,0520A,0531,0531A,0575,0575A,0575B,0658,0750"
SANTIAGO,SANTIAGO DE LOS CABALLEROS,SANTIAGO DE LOS CABALLEROS,CONANI,AV. HNAS. MIRABAL/STGO. RODRIGUEZ,LA JOYA,"0135,0136,0137,0141,0142,0143"
SANTIAGO,SANTIAGO DE LOS CABALLEROS,SANTIAGO DE LOS CABALLEROS,ESCUELA YAQUE ORIENTACION PARA LA JOVEN,CALLE B ESQ. MIRADOR DEL YAQUE,LA JOYA,"0145,0145A,0659"
SANTIAGO,SANTIAGO DE LOS CABALLEROS,SANTIAGO DE LOS CABALLEROS,ESCUELA ANA JOSEFA JIMENEZ,AV. CIRCUNVALACION,LOS JAZMINES,"0223,0223A,0223B,0224,0224A,0492,0492A,0492B,0492C,0552,0580,0630,0660,0739,0751"
SANTIAGO,SANTIAGO DE LOS CABALLEROS,SANTIAGO DE LOS CABALLEROS,ESCUELA EDUCACION ESPECIAL,AV. ESTRELLA SADHALA,VILLA OLIMPICA,"0510,0510A,0510B,0510C,0661"
SANTIAGO,SANTIAGO DE LOS CABALLEROS,SANTIAGO DE LOS CABALLEROS,POLITECNICO MEXICO,AV. ESTRELLA SADHALA ESQ. AV. JACAGUA,LUPERON,"0015,0015A,0015B,0016,0016A,0017,0017A,0017B,0409,0409A,0409B,0463,0463A,0464,0464A,0514,0514A,0547"
SANTIAGO,SANTIAGO DE LOS CABALLEROS,SANTIAGO DE LOS CABALLEROS,ESCUELA MANUEL DE JESUS PEÑA Y REYNOSO,AV. 27 DE FEBRERO BARRIO PUEBLO NUEVO,PUEBLO NUEVO,"0073,0074,0075,0076,0979"
SANTIAGO,SANTIAGO DE LOS CABALLEROS,SANTIAGO DE LOS CABALLEROS,ESCUELA PRIMARIA MELIDA GERALD,CARRETERA DE JACAGUA,LOS SALADOS,"0407,0407A,0407B,0407C,0461,0461A,0512,0512A,0512B,0512C,0513,0513A,0513B,0513C,0546,0546A,0662"
SANTIAGO,SANTIAGO DE LOS CABALLEROS,SANTIAGO DE LOS CABALLEROS,ESTADIO DEPORTIVO CIBAO,AV. IMBERT ESQ. BOLIVAR,BOLIVAR,"0028,0028A,0029,0029A,0030,0030A,0031,0031A,0032,0032A,0033,0033A,0467,0467A"
SANTIAGO,SANTIAGO DE LOS CABALLEROS,SANTIAGO DE LOS CABALLEROS,LOS BOMBEROS MUNICIPALES,AV. 27 DE FEBRERO,CENTRO DE LA CIUDAD,"0080,0080A,0081,0081A"
SANTIAGO,SANTIAGO DE LOS CABALLEROS,SANTIAGO DE LOS CABALLEROS,GRAN TEATRO DEL CIBAO,AV. LAS CARRERAS ESQ. DAN- IEL ESPINAL,LA ZURZA,"0205,0205A,0424,0424A,0488,0488A,0551,0551A,0551B,0551C,0663,0752"
SANTIAGO,SANTIAGO DE LOS CABALLEROS,SANTIAGO DE LOS CABALLEROS,MERCADO MODELO,C/DEL SOL,CENTRO DE LA CIUDAD,"0154,0155,0156,0157,0158"
SANTIAGO,SANTIAGO DE LOS CABALLEROS,SANTIAGO DE LOS CABALLEROS,POLITECNICO LA ESPERANZA,AV. ESTRELLA SADHALA,CERRO ALTO,"0004,0004A,0005,0005A,0006,0006A,0007,0007A,0008,0009,0009A,0408,0408A,0714,0753,0829"
SANTIAGO,SANTIAGO DE LOS CABALLEROS,SANTIAGO DE LOS CABALLEROS,POLITEC. FEM. NTRA. SRA. DE LAS MERCEDES,AV. ESTRELLA SADHALA,LOS JARDINES,"0055,0055A,0056,0056A,0057,0058,0412,0412A,0472,0643,0716"
SANTIAGO,SANTIAGO DE LOS CABALLEROS,SANTIAGO DE LOS CABALLEROS,SALON PARROQ. CABALLEROS DE LA ALT.,GENERAL LUPERON 55,LOS PEPINES,"0186,0187,0190,0190A,0191,0193,0194,0485"
SANTIAGO,SANTIAGO DE LOS CABALLEROS,SANTIAGO DE LOS CABALLEROS,ESCUELA HERMINIA PEREZ,CARR. LA CEIBITA,PEKIN,"0226,0226A,0226B,0227,0227A,0227B,0228,0228A,0228B,0406,0426,0426A,0426B,0493,0493A"
SANTIAGO,SANTIAGO DE LOS CABALLEROS,SANTIAGO DE LOS CABALLEROS,ESCUELA PEDRO M. HUNGRIA,CALLE ANA RAMOS,PUEBLO NUEVO,"0061,0062,0083"
SANTIAGO,SANTIAGO DE LOS CABALLEROS,SANTIAGO DE LOS CABALLEROS,ESCUELA FERMINA ALTAGRACIA GARCIA,PARAJE HATO MAYOR,CANABACOA,"0330,0330A,0330B,0330C,0331,0331A,0534,0534A,0534B,0572,0583,0666,0717,0754,0960"
SANTIAGO,SANTIAGO DE LOS CABALLEROS,SANTIAGO DE LOS CABALLEROS,INSTITUTO POLITECNICO PADRE SALESIANOS,AV. HISPANO AMERICANA,LA CRUZ DE MARI-LO- PEZ,"0535,0535A,0535B,0535C,0535D,0581,0581A,0582,0582A,0582B,0667,0741"
SANTIAGO,SANTIAGO DE LOS CABALLEROS,SANTIAGO DE LOS CABALLEROS,ESCUELA PRIMARIA SALOME UREÑA DE HENRIQUEZ,PARAJE GURABO ABAJO SEC- CION GURABO ABAJO,GURABO ABAJO,"0312,0312A,0313,0314,0314A,0501,0501A,0501B,0607,0691,0718"
SANTIAGO,SANTIAGO DE LOS CABALLEROS,SANTIAGO DE LOS CABALLEROS,ESCUELA FELICIA HERNANDEZ,PARAJE GURABO AL MEDIO,GURABO AL MEDIO,"0308,0308A,0308B,0308C,0308D,0309,0309A,0310,0310A,0311,0444,0444A,0499,0499A,0645,0669,0742,0756"
SANTIAGO,SANTIAGO DE LOS CABALLEROS,SANTIAGO DE LOS CABALLEROS,ESCUELA TULIA FRANCISCA REYES,"PARAJE GURABO ARRIBA, SECCION GURABO ABAJO",GURABO ARRIBA,"0305,0305A,0305B,0306,0306A,0307,0307A,0670,0757"
SANTIAGO,SANTIAGO DE LOS CABALLEROS,SANTIAGO DE LOS CABALLEROS,OFICINAS DE CORAASAN,PARAGE RAFEY,RAFEY,"0544,0544A,0544B"
SANTIAGO,SANTIAGO DE LOS CABALLEROS,SANTIAGO DE LOS CABALLEROS,ESCUELA ANA LUISA GUTIERREZ,PARAJE LA HERRADURA,LA HERRADURA,"0320,0320A,0321,0321A,0524,0556,0556A,0633,0710,0744"
SANTIAGO,SANTIAGO DE LOS CABALLEROS,SANTIAGO DE LOS CABALLEROS,ESCUELA FRANCISCO ARIAS,PARAJE LA OTRA BANDA,LA HERRADURA,"0318,0318A,0319,0319A,0319B,0571,0571A,0678,0745,0904,1005"
SANTIAGO,SANTIAGO DE LOS CABALLEROS,SANTIAGO DE LOS CABALLEROS,ESCUELA REGINA ALTAGRACIA TAVAREZ,PARAJE LAS CHARCAS,LAS CHARCAS,"0354,0354A,0355,0355A,0356,0679,0763,0863"
SANTIAGO,SANTIAGO DE LOS CABALLEROS,SANTIAGO DE LOS CABALLEROS,ESCUELA ZENEIDA DE BLANCO,PARAJE KM. 6-7-8-9 SECCION MONTE ADENTRO ABAJO,MONTE ADENTRO,"0325,0325A,0326,0326A,0445,0764,0864,1006"
SANTIAGO,SANTIAGO DE LOS CABALLEROS,SANTIAGO DE LOS CABALLEROS,ESCUELA BASICA PROF. MARIA A. TORRES SIRI,PARAJE LOS CIRICES,MONTE ADENTRO ABAJO,"0322,0322A,0323,0324,0324A,0502,0721,0866,1007"
SANTIAGO,SANTIAGO DE LOS CABALLEROS,SANTIAGO DE LOS CABALLEROS,ESCUELA LA CUMBRE (EMI),PARAJE LA CUMBRE,PALO QUEMADO,"0263,0433"
SANTIAGO,SANTIAGO DE LOS CABALLEROS,SANTIAGO DE LOS CABALLEROS,ESCUELA MARIA ROSA NUÑEZ,PALO QUEMADO DE GURABO,PALO QUEMADO,"0264,0265,0266,0435"
SANTIAGO,SANTIAGO DE LOS CABALLEROS,SANTIAGO DE LOS CABALLEROS,ESCUELA PRIMARIA ARROYO HONDO (LUCIANO DIAZ),PARAJE ARROYO HONDO,ARROYO HONDO,"0343,0343A,0343B,0343C,0504,0573,0634,0722,0765,0796,0868"
SANTIAGO,SANTIAGO DE LOS CABALLEROS,SANTIAGO DE LOS CABALLEROS,ESCUELA TEOFILO DE JESUS GARCIA,PARAJE HOYO DEL CAIMITO,HOYA DEL CAIMITO,"0521,0521A,0521B,0522,0522A,0558,0558A,0558B,0591,0705,0723,0794"
SANTIAGO,SANTIAGO DE LOS CABALLEROS,SANTIAGO DE LOS CABALLEROS,ESCUELA PONTEZUELA AL MEDIO,PARAJE PONTEZUELA AL MEDIO,PONTEZUELA AL MEDIO,"0299,0300,0300A,0766,0870,1008"
SANTIAGO,SANTIAGO DE LOS CABALLEROS,SANTIAGO DE LOS CABALLEROS,ESCUELA JAIME RODRIGUEZ,PARAJE LOS RIELES DE GURA- BO ARRIBA,LOS RIELES DE GURA- BO ARRIBA,"0298,0557"
SANTIAGO,SANTIAGO DE LOS CABALLEROS,SANTIAGO DE LOS CABALLEROS,CLUB DEPORTIVO JUANA SALTI- TOPA,CALLE 3 NO.21,LOS JAZMINES,"0229,0229A,0229B,0229C,0635,0724,0767"
SANTIAGO,SANTIAGO DE LOS CABALLEROS,SANTIAGO DE LOS CABALLEROS,LOCAL DE INESPRE,CUESTA COLORADA,CUESTA COLORADA,"0103,0103A,0104,0104A,0415,0415A,0478,0478A,0565,0747"
SANTIAGO,SANTIAGO DE LOS CABALLEROS,SANTIAGO DE LOS CABALLEROS,CLUB DOMINGO ROSARIO,AV. LOS JAZMINES,LOS JAZMINES,"0427,0427A,0427B,0494"
SANTIAGO,SANTIAGO DE LOS CABALLEROS,SANTIAGO DE LOS CABALLEROS,CLUB RUBEN ESPINO,CALLE 5 #2,LOS SALADOS,"0462,0462A,0462B,0545,0545A,0545B,0615,0636,0696,0726"
SANTIAGO,SANTIAGO DE LOS CABALLEROS,SANTIAGO DE LOS CABALLEROS,COLEGIO DOMINICANO DE INGE- NIEROS Y ARQUITECTOS (CODIA),AV. ESTRELLA SADHALA,VILLA OLIMPICA,"0530,0530A,0576,0577,0577A,0709"
SANTIAGO,SANTIAGO DE LOS CABALLEROS,SANTIAGO DE LOS CABALLEROS,COLEGIO EVANGELICO SIMON BOLIVAR,CALLE 13 LAS COLINAS,LAS COLINAS,"0022,0022A,0022B,0023,0023A,0677"
SANTIAGO,SANTIAGO DE LOS CABALLEROS,SANTIAGO DE LOS CABALLEROS,COLEGIO QUISQUELLA,"CALLE 9, INVI",EL INVI,"0021,0021A,0465,0465A"
SANTIAGO,SANTIAGO DE LOS CABALLEROS,SANTIAGO DE LOS CABALLEROS,COMEDOR ECONOMICO,AV. HISPANOAMERICANA,LA CRUZ DE MARI-LO- PEZ,"0332,0332A,0511,0511A,0712"
SANTIAGO,SANTIAGO DE LOS CABALLEROS,SANTIAGO DE LOS CABALLEROS,ESCUELA ENRIQUILLO,"CALLE 24 ESQ. 11,",LOS CIRUELITOS,"0014,0014A,0014B,0014C,0014D,0014E,0014F,0014G,0014H,0018,0018A,0019,0019A,0681,0748"
SANTIAGO,SANTIAGO DE LOS CABALLEROS,SANTIAGO DE LOS CABALLEROS,ESCUELA MIGUEL ANGEL JIMENEZ,LA YAGUITA DE PASTOR,LA YAGUITA DE PASTOR,"0420,0420A,0420B,0568,0568A,0637,0683,0768,0985,1009"
SANTIAGO,SANTIAGO DE LOS CABALLEROS,SANTIAGO DE LOS CABALLEROS,ESCUELA SAN MARTIN DE POR- RES,"CALLE 20 ESQ. HERMANAS MIRABAL, EL EJIJO",MEJORAMIENTO SOCIAL,"0411,0411A,0411B,0411C,0411D,0411E,0411F,0411G,0411H"
SANTIAGO,SANTIAGO DE LOS CABALLEROS,SANTIAGO DE LOS CABALLEROS,OFICINA DEL DISTRITO ESCOLAR 08-01,AV. 27 DE FEBRERO,PUEBLO NUEVO,"0077,0078,0079"
SANTIAGO,SANTIAGO DE LOS CABALLEROS,SANTIAGO DE LOS CABALLEROS,ESCUELA DE GRADUADOS DE UTESA,AV. ESTRELLA SADHALA NO.75,LA GALLERA,"0460,0468,0515,0564,0687,0824"
SANTIAGO,SANTIAGO DE LOS CABALLEROS,SANTIAGO DE LOS CABALLEROS,CLUB ARIEL ACOSTA,BELLA VISTA (PIÑA DE ORO),BELLA VISTA,"0593,0640,0728"
SANTIAGO,SANTIAGO DE LOS CABALLEROS,SANTIAGO DE LOS CABALLEROS,INSTITUTO DE FORMACION TECNI- CO PROFESIONAL (INFOTEP),AV. ESTRELLA SADHALA ESQ. HATUEY SANTIAGO,LUPERON,"0598,0769,0826,0905,0986"
SANTIAGO,SANTIAGO DE LOS CABALLEROS,SANTIAGO DE LOS CABALLEROS,PALACIO DE JUSTICIA,AV. IMBERT,ENS. BERMUDEZ,599
SANTIAGO,SANTIAGO DE LOS CABALLEROS,SANTIAGO DE LOS CABALLEROS,EL CLUB RICARDO RAMIREZ,CIUDAD,BARRIO LINDO,"0626,0731,0907"
SANTIAGO,SANTIAGO DE LOS CABALLEROS,SANTIAGO DE LOS CABALLEROS,GARAJES DEL AYUNTAMIENTO,"AV. IMBERT , CUESTA COLO- RADA",CUESTA COLORADA,"0601,0827"
SANTIAGO,SANTIAGO DE LOS CABALLEROS,SANTIAGO DE LOS CABALLEROS,CLUB CRISTO REY,C/ 6 NO. 104,CRISTO REY,"0604,0690,0771,0831"
SANTIAGO,SANTIAGO DE LOS CABALLEROS,SANTIAGO DE LOS CABALLEROS,COOPERATIVA NUESTRA SEÑORA DE LA ALTAGRACIA,C/ 11 ESQ. 2,EL EJIDO,605
SANTIAGO,SANTIAGO DE LOS CABALLEROS,SANTIAGO DE LOS CABALLEROS,CLUB LOS IDONEOS,C/ 9 ESQ. C/20,EL EJIDO,"0606,0987"
SANTIAGO,SANTIAGO DE LOS CABALLEROS,SANTIAGO DE LOS CABALLEROS,CLUB MANBUICHE,GURABO AL MEDIO,GURABO AL MEDIO,"0608,0692,0772,0816,0878,0908"
SANTIAGO,SANTIAGO DE LOS CABALLEROS,SANTIAGO DE LOS CABALLEROS,CLUB FELIX MARTE,C/ ALSEMO COPELLO ESQ. CIRCUNVALACIÓN,LA JOYA,613
SANTIAGO,SANTIAGO DE LOS CABALLEROS,SANTIAGO DE LOS CABALLEROS,COLEGIO FAUSTO JIMENEZ,"C/ M NO. 1,LOS REYES",LOS REYES,"0614,0695,0774,0803,0881,0963"
SANTIAGO,SANTIAGO DE LOS CABALLEROS,SANTIAGO DE LOS CABALLEROS,ESCUELA DR. RADHAMES COR- TINA,C/ GENEROSO DIAZ,LOS SANTOS,"0616,0775,0882,0910"
SANTIAGO,SANTIAGO DE LOS CABALLEROS,SANTIAGO DE LOS CABALLEROS,CLUB PUEBLO NUEVO,JOSE MANUEL GLASS ESQ. LUIS BOGAERT,PUEBLO NUEVO,"0474,0550,0619,0740,0777"
SANTIAGO,SANTIAGO DE LOS CABALLEROS,SANTIAGO DE LOS CABALLEROS,ESCUELA PROGRAMA AMIGOS DE LOS NIÑOS,C/ MIRADOR DEL YAQUE,RAFEY,"0627,0733,0883,0988"
SANTIAGO,SANTIAGO DE LOS CABALLEROS,SANTIAGO DE LOS CABALLEROS,SINDICATO DE TRABAJADORES DE PRENSA,C/ PASEO DE LOS PERIODISTA,VILLA OLIMPICA,"0621,0698,0801,0884"
SANTIAGO,SANTIAGO DE LOS CABALLEROS,SANTIAGO DE LOS CABALLEROS,COLEGIO EVANGELIO EFRAIN,C/ 1RA. NO. 14,RAMOS,624
SANTIAGO,SANTIAGO DE LOS CABALLEROS,SANTIAGO DE LOS CABALLEROS,ESCUELA HERMANAS MIRABAL,PARAJE LA CUMBRE,LA CUMBRE,"0628,0799"
SANTIAGO,SANTIAGO DE LOS CABALLEROS,SANTIAGO DE LOS CABALLEROS,ESCUELA CALLEJON DE LOS SANCHEZ,CALLE SANCHEZ AL LADO DE LA IGLESIA,LOS TOCONES,"0699,0911"
SANTIAGO,SANTIAGO DE LOS CABALLEROS,SANTIAGO DE LOS CABALLEROS,ESCUELA PUBLICA PADRE VIDAL,BARRIO SAN JOSE LA MINA,"SAN JOSE LA MINA, VILLA OLIMPICA","0700,0885"
SANTIAGO,SANTIAGO DE LOS CABALLEROS,SANTIAGO DE LOS CABALLEROS,CLINICA UNION MEDICA DEL NORTE,CALLE JUAN P. DUARTE ESQ. PUERTO RICO,REPARTO ESTE,"0736,0912"
SANTIAGO,SANTIAGO DE LOS CABALLEROS,SANTIAGO DE LOS CABALLEROS,PARROQUIA SAN RAMON NONATO,C/ ERICK ECKMAN ESQ. VIRGIL- IO ALMANZAR,CERRO DE GURABO,737
SANTIAGO,SANTIAGO DE LOS CABALLEROS,SANTIAGO DE LOS CABALLEROS,CLUB CAZA Y PESCA,"CALLE EMILIO PRUD HOME, BELLA VISTA",BELLA VISTA,"0594,0688,0913"
SANTIAGO,SANTIAGO DE LOS CABALLEROS,SANTIAGO DE LOS CABALLEROS,DE LEON GOMAS,"AVE. BARTOLOME COLON, EL EJIDO",JULIA,"0046,0047"
SANTIAGO,SANTIAGO DE LOS CABALLEROS,SANTIAGO DE LOS CABALLEROS,ESCUELA PRIMARIA RURAL LOS HIGOS,PARAJE LOS HIGOS,LOS HIGOS,749
SANTIAGO,SANTIAGO DE LOS CABALLEROS,SANTIAGO DE LOS CABALLEROS,CURSA - UASD SANTIAGO,AV. OLIMPICA,LA BARRANQUITA,"0780,0809,0890,0915,0990"
SANTIAGO,SANTIAGO DE LOS CABALLEROS,SANTIAGO DE LOS CABALLEROS,INSTITUTO POLITECNICO DON BOSCO,CARRETERA LA CEIBITA,PEKIN,"0578,0579,0579A,0579B,0644,0665,0781,0817,0891"
SANTIAGO,SANTIAGO DE LOS CABALLEROS,SANTIAGO DE LOS CABALLEROS,OFICINAS DE COORASAN,AV. NUÑEZ DE CACERES #18,BELLA VISTA,"0782,0916"
SANTIAGO,SANTIAGO DE LOS CABALLEROS,SANTIAGO DE LOS CABALLEROS,ESCUELA PONTEZUELA ABAJO,C/ RAFAEL VIDAL #124,EL EMBRUJO I,"0783,0892,0991"
SANTIAGO,SANTIAGO DE LOS CABALLEROS,SANTIAGO DE LOS CABALLEROS,PARQUE E. LEON JIMENEZ,AV. 27 DE FEBRERO ESQ. CAL- LE E. LEON JIMENEZ,VILLA PROGRESO,"0784,0810,0917"
SANTIAGO,SANTIAGO DE LOS CABALLEROS,SANTIAGO DE LOS CABALLEROS,ESCUELA FAUSTO PIMENTEL,C/14 DE JUNIO,"BARRIO NUEVO, LA HERRADURA","0786,0812,0894,0920,0993"
SANTIAGO,SANTIAGO DE LOS CABALLEROS,SANTIAGO DE LOS CABALLEROS,ESCUELA MERCEDES BATISTA,C/4,"VILLA LIBERACION, LA OTRA BANDA","0787,0813,0895,0921,1011"
SANTIAGO,SANTIAGO DE LOS CABALLEROS,SANTIAGO DE LOS CABALLEROS,CONANI,AV. ANTONIO GUZMAN,BELLA VISTA,"0788,0814,0922"
SANTIAGO,SANTIAGO DE LOS CABALLEROS,SANTIAGO DE LOS CABALLEROS,MULTIUSO DE PEKIN,"AV. LOS JAZMINES, ESQ. C/ 5",COREA PEKIN,"0230,0230A,0664,0789,0790,0815"
SANTIAGO,SANTIAGO DE LOS CABALLEROS,SANTIAGO DE LOS CABALLEROS,CLUB DE VILLA OLGA,AV. BENITO JUAREZ,VILLA OLGA,"0791,0897,0964"
SANTIAGO,SANTIAGO DE LOS CABALLEROS,SANTIAGO DE LOS CABALLEROS,TANQUE DE CORAASAN,CALLE ERICK HERMAN,LOS CERROS DE GU- RABO,"0792,0923"
SANTIAGO,SANTIAGO DE LOS CABALLEROS,SANTIAGO DE LOS CABALLEROS,LICEO TECNICO PASTOR ABAJO,AV. NUÑEZ DE CACERES NO. 47-A,PASTOR,"0793,0924"
SANTIAGO,SANTIAGO DE LOS CABALLEROS,SANTIAGO DE LOS CABALLEROS,CENTRO EDUCATIVO MINERVA MIRABAL,PROLONGACION CALLE 20,GURABO ARRIBA,"0830,0900,0928,0995"
SANTIAGO,SANTIAGO DE LOS CABALLEROS,SANTIAGO DE LOS CABALLEROS,ESCUELA BASICA ISMAEL DE LOS SANTOS,CALLE PRINCIPAL,LINDO (LA HERRADURA),"0523,0523A,0707,0823,0836,0929"
SANTIAGO,SANTIAGO DE LOS CABALLEROS,SANTIAGO DE LOS CABALLEROS,CENTRO EDUCATIVO MARIA EU- GENIA HERNANDEZ,CALLE PROYECTO,FRANCISCO DEL ROSA- RIO SANCHEZ,"0839,0930,0996"
SANTIAGO,SANTIAGO DE LOS CABALLEROS,SANTIAGO DE LOS CABALLEROS,CLUB DEPORTIVO CULTURAL MIRADOR YAQUE,CALLE PRINCIPAL,LA OTRA BANDA,"0841,0931"
SANTIAGO,SANTIAGO DE LOS CABALLEROS,SANTIAGO DE LOS CABALLEROS,CLUB JIMENEZ MOYA,CALLE VUELTA LARGA,ENS. JIMENEZ MOYA,"0845,0934"
SANTIAGO,SANTIAGO DE LOS CABALLEROS,SANTIAGO DE LOS CABALLEROS,CLUB EUGENIO MARIA DE HOS- TOS,CALLE 23,EL EMBRUJO II,846
SANTIAGO,SANTIAGO DE LOS CABALLEROS,SANTIAGO DE LOS CABALLEROS,FORESTA,AUTOPISTA DUARTE KM. 3,FERNANDO VALERIO,847
SANTIAGO,SANTIAGO DE LOS CABALLEROS,SANTIAGO DE LOS CABALLEROS,CASA CLUB JARDINEZ DEL OESTE,CALLE PENETRACION,JARDINES DEL OESTE,848
SANTIAGO,SANTIAGO DE LOS CABALLEROS,SANTIAGO DE LOS CABALLEROS,CLUB LOS ALAMOS,CALLE PRINCIPAL,LOS ALAMOS,"0849,0997"
SANTIAGO,SANTIAGO DE LOS CABALLEROS,SANTIAGO DE LOS CABALLEROS,CLUB LOS REYES,CALLE O,LOS REYES,"0850,0935"
SANTIAGO,SANTIAGO DE LOS CABALLEROS,SANTIAGO DE LOS CABALLEROS,CLUB DE MADRES,CALLE 7 ESQ. 3,HATO MAYOR,"0795,0851,0898"
SANTIAGO,SANTIAGO DE LOS CABALLEROS,SANTIAGO DE LOS CABALLEROS,CENTRO EDUCATIVO SALOME UREÑA,CARRETERA CANABACOA,BARRIO OBRERO,"0852,0936"
SANTIAGO,SANTIAGO DE LOS CABALLEROS,SANTIAGO DE LOS CABALLEROS,ESCUELA JOSE VALENTIN PEREZ CASTRO,CALLE PRINCIPAL,LA NORIEGA,853
SANTIAGO,SANTIAGO DE LOS CABALLEROS,SANTIAGO DE LOS CABALLEROS,ESCUELA ARTURO JIMENEZ,CARRETERA LUPERON KM. 7 1/2,LA CRUZ DE GURABO,855
SANTIAGO,SANTIAGO DE LOS CABALLEROS,SANTIAGO DE LOS CABALLEROS,CLUB EPIFANIO GUTIERREZ,AVE. ANTONIO GUZMAN,LA HERRADURA,"0862,0937"
SANTIAGO,SANTIAGO DE LOS CABALLEROS,SANTIAGO DE LOS CABALLEROS,CLUB LOS CIRICES,LOS CIRICES,LOS CIRICES,865
SANTIAGO,SANTIAGO DE LOS CABALLEROS,SANTIAGO DE LOS CABALLEROS,ESCUELA CELESTINA CERDA,CARRETERA VIEJA,ARROYO HONDO,"0867,0938,0998"
SANTIAGO,SANTIAGO DE LOS CABALLEROS,SANTIAGO DE LOS CABALLEROS,CLUB BENITO JUAREZ,CALLE JOSE PALLERO,HOYA DEL CAIMITO,"0869,0939"
SANTIAGO,SANTIAGO DE LOS CABALLEROS,SANTIAGO DE LOS CABALLEROS,CENTRO EDUCATIVO ACCION CALLEJERA,"CALLE REAL, ALTOS DE ELIAS",LA YAGUITA DE PASTOR,"0874,0941"
SANTIAGO,SANTIAGO DE LOS CABALLEROS,SANTIAGO DE LOS CABALLEROS,CANCHA DE LOS CERRITOS,CALLE MAINARDY,LOS CERROS DE GU- RABO,"0875,1000"
SANTIAGO,SANTIAGO DE LOS CABALLEROS,SANTIAGO DE LOS CABALLEROS,CANCHA RESIDENCIAL LAS DAMAS,CALLE 1 ESQ. 5,DAMAS I,876
SANTIAGO,SANTIAGO DE LOS CABALLEROS,SANTIAGO DE LOS CABALLEROS,CLUB RINCON LARGO,CALLE GENARO PEREZ,RINCON LARGO,"0896,1001"
SANTIAGO,SANTIAGO DE LOS CABALLEROS,SANTIAGO DE LOS CABALLEROS,CENTRO COMUNAL EL CONGO,CALLE 4,EL CONGO,"0065,0065A,0837"
SANTIAGO,SANTIAGO DE LOS CABALLEROS,SANTIAGO DE LOS CABALLEROS,CLUB PLAZA VALERIO,CALLE SANTIAGO RODRIGUEZ,LA JOYA,"0125,0125A,0126,0127,0134,0134A,0838"
SANTIAGO,SANTIAGO DE LOS CABALLEROS,SANTIAGO DE LOS CABALLEROS,ESCUELA BASICA MARCELINO VELENZUELA,CALLE 2,ESPAILLAT,"0779,0808,0889,0943"
SANTIAGO,SANTIAGO DE LOS CABALLEROS,SANTIAGO DE LOS CABALLEROS,ESCUELA BASICA UNIDOS DE LA MANO,CALLE 3RA. ESQ. 11,LIBERTAD,"0096,0096A,0096B,0711,0833,0944"
SANTIAGO,SANTIAGO DE LOS CABALLEROS,SANTIAGO DE LOS CABALLEROS,ESCUELA NACIONAL DE BELLAS ARTES,AVE. JUAN PABLO DUARTE,CENTRO DE LA CIUDAD,"0184,0184A,0185,0185A,0486,0600,0730,0906"
SANTIAGO,SANTIAGO DE LOS CABALLEROS,SANTIAGO DE LOS CABALLEROS,PARQUE DE RESIDENCIAL EL EDEN,CALLE 1RA,EL EDEN,"0595,0729,0842,0945"
SANTIAGO,SANTIAGO DE LOS CABALLEROS,SANTIAGO DE LOS CABALLEROS,POLITECNCO RAFAELA PEREZ,CALLE 2,EL INCO,"0090,0090A,0091,0091A,0625,0735,0800,0835"
SANTIAGO,SANTIAGO DE LOS CABALLEROS,SANTIAGO DE LOS CABALLEROS,POLITECNICO MARTINA MER- CEDES ZENAIN,PARAJE LA CHICHIGUA DE GURABO,GURABO ABAJO,"0304,0304A,0671,0758,0818,0856,0947,1013"
SANTIAGO,SANTIAGO DE LOS CABALLEROS,SANTIAGO DE LOS CABALLEROS,ESCUELA VENECIA CEPEDA,CARRETERA LA CEIBITA,EL PAPAYO,"0344,0345,0345A,0346,0346A,0561,0562,0797,0948"
SANTIAGO,SANTIAGO DE LOS CABALLEROS,SANTIAGO DE LOS CABALLEROS,CENTRO EDUCATIVO GRISELIS MARTINEZ,CARRETERA LA CEIBITA,PEKIN,"0225,0225A,0225B,0225C,0225D,0950,1014"
SANTIAGO,SANTIAGO DE LOS CABALLEROS,SANTIAGO DE LOS CABALLEROS,CLUB LA LOTERIA,CALLE PRINCIPAL ESQUINA 8,LA LOTERIA,951
SANTIAGO,SANTIAGO DE LOS CABALLEROS,SANTIAGO DE LOS CABALLEROS,CASA CLUB EL ENSUEÑO (JUVEN),AV. DEL ARROYO,EL ENSUEÑO,"0597,0825,0952"
SANTIAGO,SANTIAGO DE LOS CABALLEROS,SANTIAGO DE LOS CABALLEROS,LICEO SALOME UREÑA,C/ JUAN PABLO DUARTE ESQ. PROYECTO,LINDO MARI-LOPEZ,953
SANTIAGO,SANTIAGO DE LOS CABALLEROS,SANTIAGO DE LOS CABALLEROS,CASA CLUB DEL PARAISO,CALLE E ESQ. 2,EL PARAISO,954
SANTIAGO,SANTIAGO DE LOS CABALLEROS,SANTIAGO DE LOS CABALLEROS,ESCUELA PEDRO MAHAMUD,CALLE 33 ESQUINA 1,LOS PRADOS,955
SANTIAGO,SANTIAGO DE LOS CABALLEROS,SANTIAGO DE LOS CABALLEROS,CASA CLUB LAS PRADERAS (JU- VEPRANO),AV. HISPANOAMERICANA,LAS PRADERAS DEL NORTE,956
SANTIAGO,SANTIAGO DE LOS CABALLEROS,SANTIAGO DE LOS CABALLEROS,POLITECNICO PROF. JUAN EMILIO BOSCH GABIÑO,"AV. ANTONIO GUZMAN, KM. 5 1/2",LA HERRADURA,968
SANTIAGO,SANTIAGO DE LOS CABALLEROS,SANTIAGO DE LOS CABALLEROS,UNIVERSIDAD TECNOLOGICA DE SANTIAGO - UTESA-,AV. ESTRELLA SADHALA ESQUI- NA AV. CIRCUNVALACION,LOS JAZMINES,"0969,1018"
SANTIAGO,SANTIAGO DE LOS CABALLEROS,SANTIAGO DE LOS CABALLEROS,LICEO JUAN ANTONIO FLORES,CALLE PENETRACION,"VILLA LINDA, ARROYO HONDO",970
SANTIAGO,SANTIAGO DE LOS CABALLEROS,SANTIAGO DE LOS CABALLEROS,LICEO RAFAELA MARRERO PAU- LINO,CALLE PRINCIPAL ESQUINA 13,"LOS ANGELES, CANAB- ACOA",971
SANTIAGO,SANTIAGO DE LOS CABALLEROS,SANTIAGO DE LOS CABALLEROS,POLITECNICO VICTOR MI. ESPAIL- LAT,"CALLE 5, ESQUINA 13",ESPAILLAT,973
SANTIAGO,SANTIAGO DE LOS CABALLEROS,SANTIAGO DE LOS CABALLEROS,LICEO POLITECNICO LOS RIELES,CARRETERA LOS RIELES,GURABO ABAJO,975
SANTIAGO,SANTIAGO DE LOS CABALLEROS,SANTIAGO DE LOS CABALLEROS,SADOSA SANTIAGO,AV. CIRCUNVALACION,LAS ANTILLAS,976
SANTIAGO,SANTIAGO DE LOS CABALLEROS,SANTIAGO DE LOS CABALLEROS,CASA CLUB DORADO SEGUNDO,CALLE 8 ESQUINA 9A,EL DORADO,"0602,0828,0946"
SANTIAGO,SANTIAGO DE LOS CABALLEROS,SANTIAGO DE LOS CABALLEROS,CENTRO EDUCATIVO PADRE JOA- QUlN SOLER,CARRETERA JACAGUA,LOS CIRUELITOS,"0010,0010A,0011,0012,0013,0013A"
SANTIAGO,SANTIAGO DE LOS CABALLEROS,SANTIAGO DE LOS CABALLEROS,CLUB SANTO NIÑO DE ATOCHA,CALLE 5,NIBAJE,"0210,0210A,0211,0211A,0212,0212A,0489,0655"
SANTIAGO,SANTIAGO DE LOS CABALLEROS,SANTIAGO DE LOS CABALLEROS,ESCUELA ALBERGUE INFANTIL SANTIAGO APÓSTOL,AVENIDA JUAN PABLO DUARTE,REPARTO ESTE,"0175,0175A,0175B,0175C,0176,0176A,0177,0177A,0178,0178A,0179,0179A,0179B,0179C,0179D,0421,0421A,0421B,0421C"
SANTIAGO,SANTIAGO DE LOS CABALLEROS,SANTIAGO DE LOS CABALLEROS,MULTIUSO DEL ENSANCHE BER- MÚDEZ,AVENIDA CIRCUNVALACIÓN,ENS. BERMUDEZ,"0112,0112A,0113,0113A,0416,0416A,0416B,0479,0479A"
SANTIAGO,SANTIAGO DE LOS CABALLEROS,SANTIAGO DE LOS CABALLEROS,PLEY DE VILLA OLGA,AVENIDA BENITO JUÁREZ,VILLA OLGA,"0483,0484,0484A,0629,0657"
SANTIAGO,SANTIAGO DE LOS CABALLEROS,PEDRO GARCIA (DM),ESCUELA PRIMARIA RURAL,PARAJE EL PUERTO,LAS AUYAMAS,232
SANTIAGO,SANTIAGO DE LOS CABALLEROS,PEDRO GARCIA (DM),LICEO JOSE ANTONIO PAULINO,PARAJE PEDRO GARCIA,PEDRO GARCIA,"0234,0235,0236,0495,0618,0802"
SANTIAGO,SANTIAGO DE LOS CABALLEROS,PEDRO GARCIA (DM),CENTRO EDUCATIVO PROF.LUZ MARIA SANCHEZ,PARAJE EL PIÑON,LAS AUYAMAS,"0242,0243,0431"
SANTIAGO,SANTIAGO DE LOS CABALLEROS,PEDRO GARCIA (DM),ESCUELA PRIMARIA RURAL,PARAJE EL HOYAZO,LAS AUYAMAS,"0231,0428"
SANTIAGO,SANTIAGO DE LOS CABALLEROS,PEDRO GARCIA (DM),ESCUELA LA YAYITA,PARAJE LA YAYITA,PEDRO GARCIA,233
SANTIAGO,SANTIAGO DE LOS CABALLEROS,LA CANELA (DM),ESCUELA MAYRA DEL ROSARIO GRULLON,PARAJE HATILLO,HATILLO SAN LORENZO,"0286,0287,0540,0980"
SANTIAGO,SANTIAGO DE LOS CABALLEROS,LA CANELA (DM),ESCUELA PILAR DE JESUS RODRI- GUEZ,PARAJE PLATANAL ADENTRO,HATILLO SAN LORENZO,"0284,0284A,0981"
SANTIAGO,SANTIAGO DE LOS CABALLEROS,LA CANELA (DM),ESCUELA ANTONIA LUCIANO LIZ,PARAJE SABANA GRANDE DE BATEY I,LA CANELA,"0290,0496,0527,0720,0903"
SANTIAGO,SANTIAGO DE LOS CABALLEROS,LA CANELA (DM),ESCUELA BASICA MANUEL DE JESUS LUCIANO MENDEZ,PARAJE LA CANELA,LA CANELA,"0291,0291A,0292,0441,0555,0585,0761,0984"
SANTIAGO,SANTIAGO DE LOS CABALLEROS,LA CANELA (DM),ESCUELA FRANCISCO DE JESUS RAMOS,PARAJE LOS ALMACIGOS,SABANA GRANDE DE BATEY I,"0288,0288A,0289,0762"
SANTIAGO,SANTIAGO DE LOS CABALLEROS,LA CANELA (DM),JUVENTUD DINAMICA DE LA CANELA,CALLE DEL CLUB NO. 3,LA CANELA,"0293,0293A,0942"
SANTIAGO,SANTIAGO DE LOS CABALLEROS,LA CANELA (DM),ESCUELA ANA PAULNA ROJAS,PARAJE CAPILLA PIEDRA GORDA,LA CAPILLA O PIEDRA GORDA,"0285,0706"
SANTIAGO,SANTIAGO DE LOS CABALLEROS,SAN FRANCISCO DE JACAGUA (DM),ESCUELA ANGELITA SUAREZ,PARAJE AGUACATE DE JACA- GUA,AGUACATE DE JACA- GUA,260
SANTIAGO,SANTIAGO DE LOS CABALLEROS,SAN FRANCISCO DE JACAGUA (DM),CLUB NTRA. SRA. DEL CARMEN,PARAJE CUESTA DE QUINIGUA,EL RANCHITO,"0257,0854"
SANTIAGO,SANTIAGO DE LOS CABALLEROS,SAN FRANCISCO DE JACAGUA (DM),ESCUELA CIPRIANO GARCIA,PARAJE EL RANCHITO,EL RANCHITO,"0256,0434"
SANTIAGO,SANTIAGO DE LOS CABALLEROS,SAN FRANCISCO DE JACAGUA (DM),ESCUELA RAMON DIAZ,PARAJE PICHE,EL RANCHITO,255
SANTIAGO,SANTIAGO DE LOS CABALLEROS,SAN FRANCISCO DE JACAGUA (DM),ESCUELA GILBERTO DANUBIO CABREJA,PARAJE JACAGUA AL MEDIO,JACAGUA AL MEDIO,"0277,0278,0279,0525,0553,0759"
SANTIAGO,SANTIAGO DE LOS CABALLEROS,SAN FRANCISCO DE JACAGUA (DM),ESCUELA AURA HERRERA MAR- TINEZ,PARAJE LAS TRES CRUCES,JACAGUA,"0280,0439,0526,0584,0675,0760,0860"
SANTIAGO,SANTIAGO DE LOS CABALLEROS,SAN FRANCISCO DE JACAGUA (DM),LICEO JUAN ANTONIO ALIX,PARAJE JACAGUA ADENTRO,JACAGUA ADENTRO,"0261,0262,0983"
SANTIAGO,SANTIAGO DE LOS CABALLEROS,SAN FRANCISCO DE JACAGUA (DM),ESCUELA DELIO REYES,PARAJE LA CIENAGA,LA CIENAGA,"0276,0276A,0438,0438A,0676,0861"
SANTIAGO,SANTIAGO DE LOS CABALLEROS,SAN FRANCISCO DE JACAGUA (DM),ESCUELA ALEJANDRO ANTONIO LOPEZ,PARAJE LA DELGADA,LA CIENAGA,"0274,0274A,0275"
SANTIAGO,SANTIAGO DE LOS CABALLEROS,SAN FRANCISCO DE JACAGUA (DM),CENTRO EDUCATIVO PROF. JUAN BOSCH,PARAJE LOS GUINEOS,LA CIENAGA,"0273,0541"
SANTIAGO,SANTIAGO DE LOS CABALLEROS,SAN FRANCISCO DE JACAGUA (DM),ESCUELA BASICA ENRIQUE CHAM- BERLAIN (HIJO),PARAJE SAN FRANCISCO ARRIBA,SAN FRANCISCO ARRIBA,"0281,0281A,0282,0283,0440,0554,0620,0703,0734,0746,0871,0961"
SANTIAGO,SANTIAGO DE LOS CABALLEROS,SAN FRANCISCO DE JACAGUA (DM),CLUB COSECHEROS LA CIENAGA,PARAJE LA CIENAGA,LA CIENAGA,"0611,0773,0962"
SANTIAGO,SANTIAGO DE LOS CABALLEROS,SAN FRANCISCO DE JACAGUA (DM),CENTRO COMUNAL JACAGUA AL MEDIO,CARRETERA JACAGUA,JACAGUA AL MEDIO,840
SANTIAGO,SANTIAGO DE LOS CABALLEROS,SAN FRANCISCO DE JACAGUA (DM),CLUB SAN JOSE,PARAJE PALO ALTO,PALO ALTO,"0240,0241"
SANTIAGO,SANTIAGO DE LOS CABALLEROS,SAN FRANCISCO DE JACAGUA (DM),ESCUELA NICOLAS TOLENTINO DOMINGUEZ,PARAJE ZALAMANCA,SALAMANCA,"0258,0259"
SANTIAGO,SANTIAGO DE LOS CABALLEROS,SAN FRANCISCO DE JACAGUA (DM),ESCUELA FRANCISCO PRUDENCIA PARRA,PARAJE JACAGUA AL MEDIO,JACAGUA AL MEDIO,967
SANTIAGO,SANTIAGO DE LOS CABALLEROS,SAN FRANCISCO DE JACAGUA (DM),ESCUELA REVERENDO DIOGENES HERNANDEZ,CALLE PERLA PRECIOSA,LA CIENAGA,974
SANTIAGO,SANTIAGO DE LOS CABALLEROS,HATO DEL YAQUE (DM),ESCUELA BASICA REGINA DEL CARMEN ECHAVARRIA,PARAJE GUAYACANAL,HATO DEL YAQUE (VIL- LA BAO),"0317,0563,0719"
SANTIAGO,SANTIAGO DE LOS CABALLEROS,HATO DEL YAQUE (DM),ESCUELA PROFESORA ANA MER- CEDES ARIAS,CARRETERA SAJONA,HATO DEL YAQUE (VIL- LA BAO),"0315,0315A,0315B,0315C,0315D,0570,0570A,0672,0834,0857,1004"
SANTIAGO,SANTIAGO DE LOS CABALLEROS,HATO DEL YAQUE (DM),ESCUELA JOSE CRISTINO COL- LADO,PARAJE HATO DEL YAQUE,HATO DEL YAQUE (VIL- LA BAO),"0459,0459A,0459B,0673,0858,0982"
SANTIAGO,SANTIAGO DE LOS CABALLEROS,HATO DEL YAQUE (DM),CLUB MONSEÑOR ARNULFO ROMERO,AV. DEL ESTE HATO DEL YAQUE,HATO DEL YAQUE (VIL- LA BAO),"0316,0316A,0586,0708"
SANTIAGO,SANTIAGO DE LOS CABALLEROS,HATO DEL YAQUE (DM),ESCUELA DON BERTO ABREU,BARRIO BILLA FATIMA LOS GUANDULES,"LOS GUANDULES, HATO DEL YAQUE","0701,0886,0989"
SANTIAGO,SANTIAGO DE LOS CABALLEROS,HATO DEL YAQUE (DM),ESCUELA GREGORIO LUPERON,BARRIO BALAGUER,"BALAGUER, HATO DEL YAQUE","0702,0888"
SANTIAGO,SANTIAGO DE LOS CABALLEROS,HATO DEL YAQUE (DM),LICEO ANA MERCEDES AYBAR,LOS GUANDULES DE HATO DEL YAQUE,"LOS GUANDULES, HATO DEL YAQUE","0843,0932"
SANTIAGO,SANTIAGO DE LOS CABALLEROS,HATO DEL YAQUE (DM),ESCUELA MARIA TRINIDAD SAN- CHEZ,CALLE 9 NO. 16,"LA MINA ABAJO, HATO DEL YAQUE",873
SANTIAGO,SANTIAGO DE LOS CABALLEROS,HATO DEL YAQUE (DM),POLITECNICO ERNESTO DISLA,"CALLE CENTRAL NO, 10","PRADERAS DEL YAQUE, HATO DEL YAQUE","0609,0693,0805,0879,0880"
SANTIAGO,SANTIAGO DE LOS CABALLEROS,HATO DEL YAQUE (DM),ESCUELA MADRE TERESA DE CALCUTA (FE Y ALEGRIA),CALLE FE Y ALEGRIA,VILLA PROGRESO,887
SANTIAGO,SANTIAGO DE LOS CABALLEROS,HATO DEL YAQUE (DM),ESCUELA ORLANDO PICHARDO,ENTRADA GUAYACANAL,GUAYACANAL,901
SANTIAGO,SANTIAGO DE LOS CABALLEROS,HATO DEL YAQUE (DM),ESCUELA BASICA JAPON,AVENIDA SAJOMA PARTE ATRAS NO. 106,HATO DEL YAQUE (VIL- LA BAO),"0949,1002"
SANTIAGO,SANTIAGO DE LOS CABALLEROS,HATO DEL YAQUE (DM),CENTRO DEPORTIVO BAJO TECHO HATO DEL YAQUE,CARRETERA SAJONA PONTÓN NO. 2,HATO DEL YAQUE (VIL- LA BAO),"0500,0500A,0500B,0539,0539A,0680"
SANTIAGO,SANTIAGO DE LOS CABALLEROS,SANTIAGO OES- TE-CIENFUEGOS (DM),ESCUELA PRIMARIA CRUZADA DE AMOR,CALLE 5 ESQ. 9,CIENFUEGOS,"0497,0497A,0497B,0497C,0497D,0497E,0648"
SANTIAGO,SANTIAGO DE LOS CABALLEROS,SANTIAGO OES- TE-CIENFUEGOS (DM),ESCUELA PRIMARIA RURAL,PARAJE INGENIO ARRIBA,EL INGENIO ARRIBA,"0294,0294A,0294B,0294C,0295,0295A,0295B,0295C,0296,0296A,0296B,0297,0297A,0297B,0542,0674,0743"
SANTIAGO,SANTIAGO DE LOS CABALLEROS,SANTIAGO OES- TE-CIENFUEGOS (DM),ESCUELA EMMA BALAGUER,BO. CIENFUEGOS,CIENFUEGOS,"0567,0567A,0567B,0567C,0567D,0567E,0567F,0567G,0567H,0567I,0567J,0704,0725"
SANTIAGO,SANTIAGO DE LOS CABALLEROS,SANTIAGO OES- TE-CIENFUEGOS (DM),ESCUELA SAN FRANCISCO DE ASIS,C/ 12 ESQ. CALLE 5,CIENFUEGOS,"0574,0574A,0574B,0574C,0603,0641,0682,0689,0732,0770,0832,0877"
SANTIAGO,SANTIAGO DE LOS CABALLEROS,SANTIAGO OES- TE-CIENFUEGOS (DM),CLUB BARRIO DUARTE,PARAJE INGENIO ARRIBA,EL INGENIO ARRIBA,"0610,0694,0798,0909"
SANTIAGO,SANTIAGO DE LOS CABALLEROS,SANTIAGO OES- TE-CIENFUEGOS (DM),INSTITUTO GERMOSEN,C/ 15 NO. 2,MONTE RICO,"0617,0697,0776,0806"
SANTIAGO,SANTIAGO DE LOS CABALLEROS,SANTIAGO OES- TE-CIENFUEGOS (DM),ESCUELA BARRIO DUARTE,C/2 #58,EL INGENIO ARRIBA,"0778,0807,0914,1010"
SANTIAGO,SANTIAGO DE LOS CABALLEROS,SANTIAGO OES- TE-CIENFUEGOS (DM),INSTITUTO POLITECNICO RAMON DUBERT NOVA,CIUDAD SATELITE,CIUDAD SATELITE,"0785,0804,0893,0918,0919,0992"
SANTIAGO,SANTIAGO DE LOS CABALLEROS,SANTIAGO OES- TE-CIENFUEGOS (DM),ESCUELA RAFAELA JIMINIAN DE CRUZ,AV. SERGIO HERNANDEZ NO. 5,CIUDAD SATELITE,"0811,0899,0925,0994"
SANTIAGO,SANTIAGO DE LOS CABALLEROS,SANTIAGO OES- TE-CIENFUEGOS (DM),ESCUELA JOSE NICOLAS GARCIA CRUZ,CALLE 8 NO.16,LOS LLANOS DEL INGENIO,"0442,0442A,0442B,0442C,0442D,0442E,0532,0532A,0532B,0821,0926"
SANTIAGO,SANTIAGO DE LOS CABALLEROS,SANTIAGO OES- TE-CIENFUEGOS (DM),ESCUELA DRA. TERESA PEÑA SILVERIO,CALLE 5 NO. 44,LA PIÑA,"0822,0927,1012"
SANTIAGO,SANTIAGO DE LOS CABALLEROS,SANTIAGO OES- TE-CIENFUEGOS (DM),LICEO CIENFUEGOS IV,CALLE 6,CIENFUEGOS,"0517,0517A,0517B,0517C,0517D,0517E,0517F,0517G,0518,0518A,0518B,0518C,0529,0529A,0566,0566A,0566B,0566C,0642,0715,0844,0933"
SANTIAGO,SANTIAGO DE LOS CABALLEROS,SANTIAGO OES- TE-CIENFUEGOS (DM),ESCUELA BASICA JOSE GERMAN SANCJHEZ PUELLO,CALLE PRINCIPAL,LOS LLANOS DEL INGENIO,"0543,0543A,0543B,0543C,0543D,0569,0569A,0639,0685,0859,0965"
SANTIAGO,SANTIAGO DE LOS CABALLEROS,SANTIAGO OES- TE-CIENFUEGOS (DM),LICEO HNO. ALFREDO MORALES,CALLE 13 EL FONDO DE LA BOTELLA,CIENFUEGOS,"0872,0940,0999"
SANTIAGO,SANTIAGO DE LOS CABALLEROS,SANTIAGO OES- TE-CIENFUEGOS (DM),CLUB MONTERRICO I,CALLE 8,MONTERRICO I,"0957,1015"
SANTIAGO,SANTIAGO DE LOS CABALLEROS,SANTIAGO OES- TE-CIENFUEGOS (DM),CASA CLUB SAN LORENZO,AV. TAMBORIL,SAN LORENZO I,"0958,1016"
SANTIAGO,SANTIAGO DE LOS CABALLEROS,SANTIAGO OES- TE-CIENFUEGOS (DM),POLITECNICO PLINIO RAFAEL MARTINEZ,"AVE. 30 CABALLEROS, BARRIO ALEGRIA MELLA I",CIENFUEGOS,972
SANTIAGO,SANTIAGO DE LOS CABALLEROS,SANTIAGO OES- TE-CIENFUEGOS (DM),CENTRO EDUCATIVO CARLOS MARIA DOMINGUEZ UREÑA,CALLE PRINCIPAL,PARADA 7,977
SANTIAGO,TAMBORIL,TAMBORIL,ALMACEN DE SARO DOMINGUEZ,"CALLE REAL, AL LADO DEL PUENTE",CENTRO DE LA CIUDAD,"0006,0007"
SANTIAGO,TAMBORIL,TAMBORIL,AYUNTAMIENTO MUNICIPAL,CALLE TOMAS HERNANDEZ FRANCO,CENTRO DE LA CIUDAD,"0001,0001A,0001B"
SANTIAGO,TAMBORIL,TAMBORIL,LICEO TAMBORIL,"AV. ALTAGRACIA, ESQ. PRESI- DENTE VASQUEZ",CENTRO DE LA CIUDAD,"0037,0037A,0040,0040A,0057,0076"
SANTIAGO,TAMBORIL,TAMBORIL,ESCUELA LOS CACAOS,PARAJE LOS CACAOS,LOS CACAOS,8
SANTIAGO,TAMBORIL,TAMBORIL,ESCUELA HAINA-MAIZAL,PARAJE MAIZAL,MAIZAL,"0027,0064"
SANTIAGO,TAMBORIL,TAMBORIL,ESCUELA PRIMARIA RURAL,PARAJE BOCAS DE MAIZAL,BOCAS DE MAIZAL,"0025,0025A,0058,0074"
SANTIAGO,TAMBORIL,TAMBORIL,ESCUELA GUAZUMAL GURABO,PARAJE GURABO,GURABO,"0011,0043,0046"
SANTIAGO,TAMBORIL,TAMBORIL,ESCUELA LICEY AL MEDIO,PARAJE LICEY AL MEDIO,LICEY AL MEDIO,"0035,0036"
SANTIAGO,TAMBORIL,TAMBORIL,ESCUELA PRIMARIA RURAL,PARAJE PONTEZUELA,PONTEZUELA,"0034,0045"
SANTIAGO,TAMBORIL,TAMBORIL,CLUB DON PEDRO,PARAJE DON PEDRO,DON PEDRO,"0032,0032A,0048,0081"
SANTIAGO,TAMBORIL,TAMBORIL,ESCUELA CORTE Y CONFECCION SAGRADO CORAZON DE JESUS,"CALLE REAL, CENTRO DE CIUDAD",CENTRO DE LA CIUDAD,"0038,0042,0042A"
SANTIAGO,TAMBORIL,TAMBORIL,BIBLIOTECA MUNICIPAL,CENTRO DE LA CIUDAD,CENTRO DE LA CIUDAD,"0002,0002A,0002B"
SANTIAGO,TAMBORIL,TAMBORIL,ESCUELA BARRIO NUEVO CARLOS DIAZ,BOCAS DE MAIZAL,BOCAS DE MAIZAL,"0026,0026A,0055,0070"
SANTIAGO,TAMBORIL,TAMBORIL,ESCUELA LOS MARTINEZ,BARRIO ICO MARTINEZ,ICO MARTINEZ,"0053,0072"
SANTIAGO,TAMBORIL,TAMBORIL,CANCHA MUNICIPAL,AV. PRESIDENTE VASQUEZ,CENTRO DE LA CIUDAD,62
SANTIAGO,TAMBORIL,TAMBORIL,ESCUELA SERGIO A. HERNANDEZ,C/ ALTAGRACIA #89,CENTRO DE LA CIUDAD,"0003,0004,0041,0063"
SANTIAGO,TAMBORIL,TAMBORIL,CLUB LOS BETEMIT,PARAJE PONTEZUELA,PONTEZUELA,69
SANTIAGO,TAMBORIL,TAMBORIL,CLUB CASINO PRIMAVERA,CALLE REAL SIN NO.,CENTRO DE LA CIUDAD,"0005,0005A,0067"
SANTIAGO,TAMBORIL,TAMBORIL,ESCUELA GUAZUMAL EL CAÑO,PARAJE EL CAÐO,EL CAÑO,"0012,0013"
SANTIAGO,TAMBORIL,TAMBORIL,CANCHA CLUB DON PEDRO,PARAJE DON PEDRO,DON PEDRO,"0031,0031A,0065"
SANTIAGO,TAMBORIL,TAMBORIL,POLITECNICO GUAZUMAL ABAJO,PARAJE GUAZUMAL ABAJO,GUAZUMAL ABAJO,"0028,0029,0029A,0073"
SANTIAGO,TAMBORIL,TAMBORIL,CENTRO EDUCATIVO ANTONIO CESPEDES ROJAS,PARAJE BOCAS DE LICEY,BOCAS DE LICEY,"0009,0010,0047"
SANTIAGO,TAMBORIL,TAMBORIL,ESCUELA FREDESVINDA HALL,CALLE TOMAS HERNANDEZ,CENTRO DE LA CIUDAD,"0075,0079"
SANTIAGO,TAMBORIL,TAMBORIL,ESCUELA HERMOGENES VASQUEZ,PROLONGACION FEDERICO VELASQUEZ PRX. AL CRUCE GUAZUMAL,LICEY,33
SANTIAGO,TAMBORIL,TAMBORIL,LICEO EUGENIO DE JESUS MAR- CANO,"CALLE PRINCIPAL, LOS PO- LANCO",CENTRO DE LA CIUDAD,"0052,0061,0071,0080"
SANTIAGO,TAMBORIL,CANCA LA PIEDRA (DM),ESCUELA PRIMARIA RURAL,PARAJE NIGUA,NIGUA,"0030,0066"
SANTIAGO,TAMBORIL,CANCA LA PIEDRA (DM),ESCUELA CANCA ABAJO,PARAJE CANCA ABAJO,CANCAS ABAJO,"0024,0050"
SANTIAGO,TAMBORIL,CANCA LA PIEDRA (DM),ESCUELA DE CANCA ARRIBA,PARAJE CANCA ARRIBA,CANCA ARRIBA,"0019,0044,0059"
SANTIAGO,TAMBORIL,CANCA LA PIEDRA (DM),ESCUELA MARIA PETRONILA RODRIGUEZ,PARAJE CANCA LA PIEDRA,CANCA LA PIEDRA,"0020,0020A,0021,0039,0051,0060"
SANTIAGO,TAMBORIL,CANCA LA PIEDRA (DM),ESCUELA CANCA LAS AROMAS,PARAJE CANCA LAS AROMAS,LAS AROMAS,23
SANTIAGO,TAMBORIL,CANCA LA PIEDRA (DM),ESCUELA DE CEBORUCO,PARAJE CEBORUCO,CEBORUCO,16
SANTIAGO,TAMBORIL,CANCA LA PIEDRA (DM),ESCUELA DE LOS AMACEYES,PARAJE LOS AMACEYES,LOS AMACEYES,"0017,0018"
SANTIAGO,TAMBORIL,CANCA LA PIEDRA (DM),ESCUELA LA HOYA,CANCA LA HOYA,CANCA LA HOYA,"0054,0077"
SANTIAGO,TAMBORIL,CANCA LA PIEDRA (DM),ESCUELA GUSTAVO MANUEL INOA,PARAJE CANCA ARRIBA. CAN- CA ARRIBA,CANCA ARRIBA,"0014,0015,0049"
SANTIAGO,TAMBORIL,CANCA LA PIEDRA (DM),ESCUELA RURAL CARLOS DIAZ,"CALLE PRINCIPAL, PARAJE CANCA LA PIEDRA",CANCA LA PIEDRA,"0022,0022A,0078"
SANTIAGO,TAMBORIL,CANCA LA PIEDRA (DM),PLAY NEVESA,"PARAJE EL ARENAZO, CALLE PRINCIPAL",EL ARENAZO,56
SANTIAGO,TAMBORIL,CANCA LA PIEDRA (DM),ESCUELA JUAN ANTONIO ACOSTA,PARAJE AMACEYES ABAJO-LA LOMITA,LA LOMITA,68
SANTIAGO,JANICO,JANICO,ESCUELA PRIMARIA DR. ARTURO GRULLON,AV. SABANA IGLESIA NORD- ESTE,NORDESTE DE LA CIUDAD,"0003,0004,0046"
SANTIAGO,JANICO,JANICO,LICEO SEC.PROF.JUAN A. COL- LADO,AVENIDA SANTIAGO,NORTE DE LA CIUDAD,"0001,0002,0006,0038,0040,0053"
SANTIAGO,JANICO,JANICO,ESCUELA PRIMARIA RURAL,PARAJE CAGUEYES,CAGUELLES,"0013,0041"
SANTIAGO,JANICO,JANICO,ESCUELA PRIMARIA RURAL,PARAJE CEBU,CEBU,"0007,0047"
SANTIAGO,JANICO,JANICO,ESCUELA PRIMARIA RURAL,PARAJE DICAYAGUA ABAJO,DICAYAGUA ABAJO,"0005,0039"
SANTIAGO,JANICO,JANICO,ESCUELA PRIMARIA RURAL,PARAJE JAGUA ABAJO,JAGUA ABAJO,"0022,0023"
SANTIAGO,JANICO,JANICO,ESCUELA PRIMARIA RURAL,PARAJE BAO,BAO,"0011,0049"
SANTIAGO,JANICO,JANICO,ESCUELA PRIMARIA RURAL,PARAJE GURABO,LAS MESETAS,9
SANTIAGO,JANICO,JANICO,ESCUELA PRIMARIA RURAL,PARAJE LAS MESETAS,LAS MESETAS,10
SANTIAGO,JANICO,JANICO,ESCUELA PRIMARIA RURAL,PARAJE LOS ASIENTOS,LAS MESETAS,12
SANTIAGO,JANICO,JANICO,ESCUELA PRIMARIA RURAL,PARAJE LA CEJITA,LA CEJITA,37
SANTIAGO,JANICO,JANICO,ESCUELA LLANO GRANDE,"PARAJE LLANO GRANDE, CAR- RETERA JÁNICO SAJOMA",LLANO GRANDE,"0008,0048"
SANTIAGO,JANICO,JUNCALITO (DM),ESCUELA PRIMARIA RURAL,PARAJE FRANCO BIDO,FRANCO BIDO,33
SANTIAGO,JANICO,JUNCALITO (DM),ESCUELA PRIMARIA RURAL,PARAJE JANEY,JANEY,"0035,0044"
SANTIAGO,JANICO,JUNCALITO (DM),ESCUELA PRIMARIA RURAL,PARAJE RINCON LLANO,RINCON LLANO,29
SANTIAGO,JANICO,JUNCALITO (DM),LICEO SECUNDARIO JUNCALITO,PARAJE JUNCALITO,JUNCALITO,"0026,0027,0028,0045,0052"
SANTIAGO,JANICO,JUNCALITO (DM),ESCUELA PRIMARIA RURAL,PARAJE NARANJO DULCE,NARANJO DULCE,"0024,0025"
SANTIAGO,JANICO,EL CAIMITO (DM),ESCUELA PRIMARIA RURAL,PARAJE BEJUCAL,BEJUCAL,"0034,0050"
SANTIAGO,JANICO,EL CAIMITO (DM),ESCUELA PRIMARIA RURAL,PARAJE EL AGUACATE,EL AGUACATE,"0030,0043"
SANTIAGO,JANICO,EL CAIMITO (DM),ESCUELA PRIMARIA RURAL,PARAJE LA GUAMA,LA GUAMA,"0031,0032"
SANTIAGO,JANICO,EL CAIMITO (DM),ESCUELA PRIMARIA RURAL,PARAJE LOS PILONES,LOS PILONES,"0016,0042"
SANTIAGO,JANICO,EL CAIMITO (DM),ESCUELA PRIMARIA RURAL,PARAJE PINALITO,PINALITO,"0014,0015"
SANTIAGO,JANICO,EL CAIMITO (DM),ESCUELA PRIMARIA RURAL,PARAJE EL PAPAYO,EL PAPAYO,17
SANTIAGO,JANICO,EL CAIMITO (DM),ESCUELA PRIMARIA RURAL,PARAJE EL CAIMITO,EL CAIMITO,"0018,0019,0020"
SANTIAGO,JANICO,EL CAIMITO (DM),ESCUELA PRIMARIA RURAL,PARAJE YAQUE ABAJO,YAQUE ABAJO,"0036,0051"
SANTIAGO,JANICO,EL CAIMITO (DM),ESCUELA PRIMARIA RURAL,PARAJE YAQUE ARRIBA,YAQUE ARRIBA,21
SANTIAGO,SAN JOSE DE LAS MATAS,SAN JOSE DE LAS MATAS,COLEGIO MARCOS CABRAL,AV. SANTIAGO,CENTRO DE LA CIUDAD,"0005,0006,0072,0095,0112"
SANTIAGO,SAN JOSE DE LAS MATAS,SAN JOSE DE LAS MATAS,ESCUELA TRINA MOYA DE VASQUEZ,CALLE DUARTE ESQ. GREGO- RIO LUPERON,VILLA DUARTE,"0004,0004A,0064,0088,0096,0103,0109"
SANTIAGO,SAN JOSE DE LAS MATAS,SAN JOSE DE LAS MATAS,LICEO SECUNDARIO CANADA,30 DE MARZO/R. MONTALVO,CENTRO DE LA CIUDAD,"0001,0002,0003,0062,0110"
SANTIAGO,SAN JOSE DE LAS MATAS,SAN JOSE DE LAS MATAS,PLAN SIERRA,AVE. SAN JUAN S/N,VILLA ESPERANZA,"0087,0087A"
SANTIAGO,SAN JOSE DE LAS MATAS,SAN JOSE DE LAS MATAS,ESCUELA PRIMARIA RURAL,PARAJE GUAZUMA,GUAZUMA,"0089,0104"
SANTIAGO,SAN JOSE DE LAS MATAS,SAN JOSE DE LAS MATAS,ESCUELA PRIMARIA RURAL,PARAJE MONTONES ARRIBA,MONTONES ARRIBA,"0043,0043A,0044,0091"
SANTIAGO,SAN JOSE DE LAS MATAS,SAN JOSE DE LAS MATAS,ESCUELA PRIMARIA RURAL,PARAJE VIDAL PICHARDO,VIDAL PICHARDO,60
SANTIAGO,SAN JOSE DE LAS MATAS,SAN JOSE DE LAS MATAS,ESCUELA PRIMARIA RURAL,PARAJE PARALIMON,PARALIMON,12
SANTIAGO,SAN JOSE DE LAS MATAS,SAN JOSE DE LAS MATAS,ESCUELA PRIMARIA RURAL,PARAJE CAOBANICO,CAOBANICO,"0085,0108"
SANTIAGO,SAN JOSE DE LAS MATAS,SAN JOSE DE LAS MATAS,ESCUELA PRIMARIA RURAL,PARAJE COROZO,COROZO,"0059,0073"
SANTIAGO,SAN JOSE DE LAS MATAS,SAN JOSE DE LAS MATAS,ESCUELA PRIMARIA RURAL,PARAJE EL CAIMITO,EL CAIMITO,13
SANTIAGO,SAN JOSE DE LAS MATAS,SAN JOSE DE LAS MATAS,ESCUELA PRIMARIA RURAL,PARAJE INOA ABAJO,INOA ( INOA ABAJO ),"0014,0015,0065,0107"
SANTIAGO,SAN JOSE DE LAS MATAS,SAN JOSE DE LAS MATAS,ESCUELA PRIMARIA RURAL,PARAJE LAS BRUJAS,LAS BRUJAS,"0016,0017"
SANTIAGO,SAN JOSE DE LAS MATAS,SAN JOSE DE LAS MATAS,ESCUELA PRIMARIA RURAL,PARAJE CARRIZAL,CARRIZAL,"0048,0071"
SANTIAGO,SAN JOSE DE LAS MATAS,SAN JOSE DE LAS MATAS,ESCUELA PRIMARIA RURAL,PARAJE LAS PIEDRAS,LAS PIEDRAS,"0047,0049,0080"
SANTIAGO,SAN JOSE DE LAS MATAS,SAN JOSE DE LAS MATAS,ESCUELA PRIMARIA RURAL,PARAJE MATA GRANDE,MATA GRANDE,"0056,0057"
SANTIAGO,SAN JOSE DE LAS MATAS,SAN JOSE DE LAS MATAS,ESCUELA PRIMARIA RURAL,PARAJE DON JUAN,DON JUAN,"0040,0079"
SANTIAGO,SAN JOSE DE LAS MATAS,SAN JOSE DE LAS MATAS,ESCUELA PRIMARIA RURAL,PARAJE LAS CANAS,LAS CANAS,42
SANTIAGO,SAN JOSE DE LAS MATAS,SAN JOSE DE LAS MATAS,ESCUELA PRIMARIA RURAL,PARAJE MONTONES ABAJO,MONTONES ABAJO,"0041,0069"
SANTIAGO,SAN JOSE DE LAS MATAS,SAN JOSE DE LAS MATAS,ESCUELA PRIMARIA RURAL,PARAJE RINCON DE PIEDRAS,RINCON DE PIEDRAS,"0045,0070"
SANTIAGO,SAN JOSE DE LAS MATAS,SAN JOSE DE LAS MATAS,ESCUELA PRIMARIA INTERMEDIA,PARAJE GUAJACA,GUAJACA,"0034,0035"
SANTIAGO,SAN JOSE DE LAS MATAS,SAN JOSE DE LAS MATAS,ESCUELA PRIMARIA RURAL,PARAJE PEDREGAL,PEDREGAL,"0036,0037,0076,0100"
SANTIAGO,SAN JOSE DE LAS MATAS,SAN JOSE DE LAS MATAS,ESCUELA PRIMARIA RURAL,PARAJE ARROYO HONDO,ARROYO HONDO,82
SANTIAGO,SAN JOSE DE LAS MATAS,SAN JOSE DE LAS MATAS,ESCUELA PRIMARIA RURAL,PARAJE HIGUA,HIGUA,32
SANTIAGO,SAN JOSE DE LAS MATAS,SAN JOSE DE LAS MATAS,ESCUELA PRIMARIA RURAL,PARAJE LOS CORRALES,LOS CORRALES,"0033,0093"
SANTIAGO,SAN JOSE DE LAS MATAS,SAN JOSE DE LAS MATAS,ESCUELA PRIMARIA RURAL,PARAJE YERBA BUENA,YERBA BUENA ( LOS LLANOS ),"0030,0031"
SANTIAGO,SAN JOSE DE LAS MATAS,SAN JOSE DE LAS MATAS,AYUNTAMIENTO MUNICIPAL,AVENIDA DR. MORILLO,CENTRO DE LA CIUDAD,"0063,0097,0113"
SANTIAGO,SAN JOSE DE LAS MATAS,SAN JOSE DE LAS MATAS,ESCUELA PRIMARIA RURAL,PARAJE LOS NARANJOS,LOS NARANJOS ( LA YAYA ),84
SANTIAGO,SAN JOSE DE LAS MATAS,SAN JOSE DE LAS MATAS,ESCUELA PRIMARIA RURAL,PARAJE SABANETA,LOMA PRIETA ( SABA- NETA ),58
SANTIAGO,SAN JOSE DE LAS MATAS,EL RUBIO (DM),ESCUELA PRIMARIA RURAL,PARAJE CAÑAFISTOL,CAÑAFISTOL,9
SANTIAGO,SAN JOSE DE LAS MATAS,EL RUBIO (DM),ESCUELA PRIMARIA RURAL,PARAJE CELESTINA,CELESTINA,"0007,0008"
SANTIAGO,SAN JOSE DE LAS MATAS,EL RUBIO (DM),ESCUELA PRIMARIA RURAL,PARAJE DIFERENCIA,DIFERENCIA,"0039,0075"
SANTIAGO,SAN JOSE DE LAS MATAS,EL RUBIO (DM),ESCUELA PRIMARIA RURAL,PARAJE MANACLA,MANACLA,38
SANTIAGO,SAN JOSE DE LAS MATAS,EL RUBIO (DM),ESCUELA PRIMARIA RURAL PARA- JE EL RUBIO,PARAJE EL RUBIO,EL RUBIO (RUBIO ADEN- TRO Y AFUERA ),"0022,0023,0066,0106"
SANTIAGO,SAN JOSE DE LAS MATAS,EL RUBIO (DM),ESCUELA PRIMARIA RURAL,PARAJE PANANAO,PANANAO,"0024,0025,0067"
SANTIAGO,SAN JOSE DE LAS MATAS,EL RUBIO (DM),ESCUELA PRIMARIA RURAL,PARAJE RUBIO ADENTRO,EL RUBIO ADENTRO,"0074,0090"
SANTIAGO,SAN JOSE DE LAS MATAS,EL RUBIO (DM),ESCUELA PRIMARIA RURAL,PARAJE COROCITO,COROCITO,"0027,0068"
SANTIAGO,SAN JOSE DE LAS MATAS,EL RUBIO (DM),ESCUELA PRIMARIA RURAL,PARAJE JICOME,JICOME,"0029,0061,0094"
SANTIAGO,SAN JOSE DE LAS MATAS,EL RUBIO (DM),ESCUELA PRIMARIA RURAL,PARAJE LOS RAMONES,LOS RAMONES,28
SANTIAGO,SAN JOSE DE LAS MATAS,EL RUBIO (DM),ESCUELA PRIMARIA RURAL,PARAJE MATA DEL DAJAO,MATA DE DAJAO (EL DAJAO),26
SANTIAGO,SAN JOSE DE LAS MATAS,LAS CUESTA (DM),ESCUELA PRIMARIA RURAL,PARAJE CUESTA ABAJO,CUESTA ABAJO (EL MOLINO),"0018,0019,0098,0111"
SANTIAGO,SAN JOSE DE LAS MATAS,LAS CUESTA (DM),ESCUELA PRIMARIA RURAL,PARAJE CUESTA ARRIBA,CUESTA ARRIBA,86
SANTIAGO,SAN JOSE DE LAS MATAS,LAS CUESTA (DM),ESCUELA PRIMARIA RURAL,PARAJE EUGENIO PERDOMO,EUGENIO PERDOMO,10
SANTIAGO,SAN JOSE DE LAS MATAS,LAS CUESTA (DM),ESCUELA PRIMARIA RURAL,PARAJE JAIQUI PICADO,JAIQUI PICADO,77
SANTIAGO,SAN JOSE DE LAS MATAS,LAS CUESTA (DM),ESCUELA PRIMARIA RURAL,PARAJE LOMA QUEMADA,LOMA QUEMADA,11
SANTIAGO,SAN JOSE DE LAS MATAS,LAS CUESTA (DM),ESCUELA PRIMARIA RURAL,PARAJE LOMA DE LOS PALOS,LOMA DE LOS PALOS,"0020,0099"
SANTIAGO,SAN JOSE DE LAS MATAS,LAS CUESTA (DM),ESCUELA NUEVA DE GUAMA,PARAJE GUAMA,GUAMA ( ARROYO DICAYAGUA ),21
SANTIAGO,SAN JOSE DE LAS MATAS,LAS PLACETAS (DM),ANTIGUA ESCUELA PRIMARIA RURAL,PARAJE DONAJA,DONAJA,"0054,0055"
SANTIAGO,SAN JOSE DE LAS MATAS,LAS PLACETAS (DM),ESCUELA PRIMARIA RURAL,PARAJE DAMAJAGUA ADENTRO,DAMAJAGUA ( DAMA- JAGUA ADENTRO ),50
SANTIAGO,SAN JOSE DE LAS MATAS,LAS PLACETAS (DM),ESCUELA PRIMARIA RURAL,PARAJE LAS LAGUNAS,LAS LAGUNAS,81
SANTIAGO,SAN JOSE DE LAS MATAS,LAS PLACETAS (DM),ESCUELA PRIMARIA RURAL,PARAJE LAS PLACETAS,LAS PLACETAS,"0051,0052,0053,0105"
SANTIAGO,SAN JOSE DE LAS MATAS,LAS PLACETAS (DM),ESCUELA PRIMARIA RURAL,PARAJE JAMAMU,JAMAMU,"0046,0092"
SANTIAGO,SAN JOSE DE LAS MATAS,LAS PLACETAS (DM),ESCUELA PRIMARIA RURAL,PARAJE JAMAMUCITO,JAMAMUCITO,78
SANTIAGO,SAN JOSE DE LAS MATAS,LAS PLACETAS (DM),ESCUELA PRIMARIA RURAL,PARAJE LAS CARRERAS,LAS CARRERAS,102
SANTIAGO,VILLA GONZALEZ,VILLA GONZALEZ,ESCUELA PRIMARIA FERNANDO A. VALERIO,CALLE JOSE MANUEL PEÑA HIJO,CENTRO DE LA CIUDAD,"0001,0001A,0002,0002A,0003,0003A,0003B,0029,0035,0039"
SANTIAGO,VILLA GONZALEZ,VILLA GONZALEZ,OFICINAS MUNICIPALES,CALLE LUZ PIÑA #1,CENTRO DE LA CIUDAD,"0005,0005A"
SANTIAGO,VILLA GONZALEZ,VILLA GONZALEZ,ESCUELA PRIMARIA RURAL,PARAJE PALMAR ABAJO,PALMAR ABAJO,"0014,0014A,0015,0016,0017,0017A,0036,0041"
SANTIAGO,VILLA GONZALEZ,VILLA GONZALEZ,ESCUELA PRIMARIA RURAL,PARAJE QUINIGUA,QUINIGUA,"0023,0024,0024A,0025,0025A"
SANTIAGO,VILLA GONZALEZ,VILLA GONZALEZ,ESCUELA PRIMARIA RURAL,PARAJE BANEGAS,BANEGAS,"0027,0038,0043"
SANTIAGO,VILLA GONZALEZ,VILLA GONZALEZ,ESCUELA PRIMARIA PEDRO ANTO- NIO ESTRELLA,CALLE PRINCIPAL LAS LAVAS,LAS LAVAS,"0020,0020A,0022"
SANTIAGO,VILLA GONZALEZ,VILLA GONZALEZ,ESCUELA PRIMARIA RURAL APO- LINAR TORIBIO,PARAJE LA LOMITA,LA LOMITA,"0030,0033,0044"
SANTIAGO,VILLA GONZALEZ,VILLA GONZALEZ,LICEO MILAGROS HERNANDEZ,CALLE JOSE MANUEL PEÐA HIJO NO. 6,CENTRO DE LA CIUDAD,"0004,0004A,0026,0034"
SANTIAGO,VILLA GONZALEZ,PALMAR ARRIBA (DM),ESCUELA PRIMARIA RURAL,PARAJE PALMAR ARRIBA,PALMAR ARRIBA,"0018,0018A,0019,0019A,0037,0045"
SANTIAGO,VILLA GONZALEZ,PALMAR ARRIBA (DM),AYUNTAMIENTO DEL DISTRITO MUNICIPAL PALMAR ARRIBA,PARAJE PALMAR ARRIBA,PALMAR ARRIBA,"0032,0040,0046"
SANTIAGO,VILLA GONZALEZ,EL LIMON (DM),ESCUELA PRIMARIA JUAN PABLO DUARTE,PARAJE EL LIMON,EL LIMON,"0007,0008"
SANTIAGO,VILLA GONZALEZ,EL LIMON (DM),ESCUELA PRIMARIA RURAL,PARAJE LA POCILGUITA,LA POCILGUITA,"0009,0028"
SANTIAGO,VILLA GONZALEZ,EL LIMON (DM),ESCUELA PRIMARIA RURAL,PARAJE MACORIS DEL LIMON,MACORIS DEL LIMON,"0010,0011,0012"
SANTIAGO,VILLA GONZALEZ,EL LIMON (DM),ESCUELA PRIMARIA RURAL,PARAJE LOS MATE DEL PAL- MAR,LOS MATES DEL PAL- MAR,13
SANTIAGO,VILLA GONZALEZ,EL LIMON (DM),LICEO ERCILIA PEPIN,PARAJE EL AGUACATE,EL AGUACATE,6
SANTIAGO,LICEY AL MEDIO,LICEY AL MEDIO,ESCUELA BLANCA MASCARO,CALLE DUARTE,CENTRO DE LA CIUDAD,"0001,0002,0003,0004,0005,0006,0025,0026,0032,0040"
SANTIAGO,LICEY AL MEDIO,LICEY AL MEDIO,ESCUELA JUAN ANTONIO ALIX,PARAJE JUAN ANTONIO ALIX,JUAN ANTONIO ALIX,"0010,0045"
SANTIAGO,LICEY AL MEDIO,LICEY AL MEDIO,ESCUELA MAURICIA PERELLO ROCHET,PARAJE CRUZ DE ISALGUEZ,CRUZ DE ISALGUEZ,"0020,0020A,0035"
SANTIAGO,LICEY AL MEDIO,LICEY AL MEDIO,ESCUELA PRIMARIA RURAL BAR- RIO LINDO,PARAJE LICEY ABAJO,LICEY ABAJO,"0019,0019A,0038"
SANTIAGO,LICEY AL MEDIO,LICEY AL MEDIO,ESCUELA CRUZ DE MARIA FRAN- CISCA,PARAJE LICEY ARRIBA,LICEY ARRIBA,"0011,0012,0039"
SANTIAGO,LICEY AL MEDIO,LICEY AL MEDIO,LICEO PROF. MERCEDES PEÑA,CALLE DUARTE,CENTRO DE LA CIUDAD,"0024,0028,0036,0046"
SANTIAGO,LICEY AL MEDIO,LICEY AL MEDIO,OFICINAS MUNICIPALES,CALLE PRIMERA NO. 3,CENTRO DE LA CIUDAD,"0009,0009A,0030"
SANTIAGO,LICEY AL MEDIO,LICEY AL MEDIO,CLUB AURORA SILVA,PARAJE LICEY ARRIBA,LICEY ARRIBA,"0013,0029"
SANTIAGO,LICEY AL MEDIO,LAS PALOMAS (DM),ESCUELA BASICA LUIS NAPOLEON NUÑEZ MOLINA,CARRETERA SANTIAGO-LICEY AL MEDIO,LAS PALOMAS,"0007,0008,0014,0015,0016,0027,0034,0041,0043"
SANTIAGO,LICEY AL MEDIO,LAS PALOMAS (DM),ESCUELA PRIMARIA RURAL UVERAL,PARAJE UVERAL,UVERAL,"0021,0031"
SANTIAGO,LICEY AL MEDIO,LAS PALOMAS (DM),ESCUELA BÁSICA FIDEL JORGE SANCHEZ,PARAJE LAS PALOMAS,LAS PALOMAS,"0017,0017A,0018,0022,0033"
SANTIAGO,LICEY AL MEDIO,LAS PALOMAS (DM),ESCUELA BASICA LIMONAL ABAJO,LIMONAL ABAJO,LIMONAL ABAJO,"0023,0023A,0037,0042,0047"
SANTIAGO,LICEY AL MEDIO,LAS PALOMAS (DM),ESCUELA BASICA NELO MARTE,PARAJE LAS PALOMAS,LAS PALOMAS,"0022A,0022B"
SANTIAGO,LICEY AL MEDIO,LAS PALOMAS (DM),LICEO MILAGROS CELESTE ARIAS,CALLE PRINCIPAL,LAS PALOMAS,"0044,0048"
SANTIAGO,VILLA BISONO -NAVARRETE-,VILLA BISONO -NAVARRETE-,AYUNTAMIENTO MUNICIPAL,ELIAS BISONO CHECO,CENTRO DE LA CIUDAD,"0005,0005A,0005B,0005C"
SANTIAGO,VILLA BISONO -NAVARRETE-,VILLA BISONO -NAVARRETE-,BIBLIOTECA MUNICIPAL,CALLE DANIEL GORIS,CENTRO DE LA CIUDAD,"0024,0024A,0041"
SANTIAGO,VILLA BISONO -NAVARRETE-,VILLA BISONO -NAVARRETE-,ESCUELA CLARIDILIA CEPIN,BARRIO NUEVO,LOS MULTIS,"0028,0028A,0048"
SANTIAGO,VILLA BISONO -NAVARRETE-,VILLA BISONO -NAVARRETE-,ESCUELA JOSE MARIA IMBERT,CALLE ARTURO B. TORIBIO,CENTRO DE LA CIUDAD,"0006,0006A,0007,0007A,0008,0009,0009A,0010,0010A,0011,0026,0032,0033,0042"
SANTIAGO,VILLA BISONO -NAVARRETE-,VILLA BISONO -NAVARRETE-,COLEGIO PLATON,AVE. DUARTE ESQ. ELIAS BISONO,CENTRO DE LA CIUDAD,"0012,0029,0029A"
SANTIAGO,VILLA BISONO -NAVARRETE-,VILLA BISONO -NAVARRETE-,JUZGADO DE PAZ,30 DE MARZO/JOSE CHECO,CENTRO DE LA CIUDAD,"0003,0003A"
SANTIAGO,VILLA BISONO -NAVARRETE-,VILLA BISONO -NAVARRETE-,LICEO PEDRO MARIA ESPAILLAT,AVE. DUARTE ESQ. 30 DE MARZO,CENTRO DE LA CIUDAD,"0001,0002,0004,0004A,0019,0019A,0027,0034,0043"
SANTIAGO,VILLA BISONO -NAVARRETE-,VILLA BISONO -NAVARRETE-,ESCUELA GLORIA BEATO,PARAJE ESTANCIA DEL YAQUE,ESTANCIA DEL YAQUE,"0023,0023A,0036,0049"
SANTIAGO,VILLA BISONO -NAVARRETE-,VILLA BISONO -NAVARRETE-,ESCUELA PRIMARIA RURAL,PARAJE MEJIA DE NAVARRETE,MEJIA DE NAVARRETE,"0022,0022A,0037,0050"
SANTIAGO,VILLA BISONO -NAVARRETE-,VILLA BISONO -NAVARRETE-,ESCUELA CRUZ CORTEZ CRUZ (CAÑADA BONITA),PARAJE CAÑADA BONITA,CAÑADA BONITA,"0015,0031"
SANTIAGO,VILLA BISONO -NAVARRETE-,VILLA BISONO -NAVARRETE-,ESCUELA PRIMARIA RURAL,PARAJE LA SIERRA,LA SIERRA,14
SANTIAGO,VILLA BISONO -NAVARRETE-,VILLA BISONO -NAVARRETE-,ESCUELA PRIMARIA E INTERMEDIA,PARAJE LA LOMOTA,LOS CABRERA,"0013,0030"
SANTIAGO,VILLA BISONO -NAVARRETE-,VILLA BISONO -NAVARRETE-,ESCUELA PRIMARIA RURAL,PARAJE AGUACATE DE NAVAR- RETE,AGUACATE DE NAVAR- RETE (LOS HIGOS),16
SANTIAGO,VILLA BISONO -NAVARRETE-,VILLA BISONO -NAVARRETE-,ESCUELA ESTELA MERCEDES AZCONA,PARAJE LA ATRAVEZADA,LA ATRAVESADA,18
SANTIAGO,VILLA BISONO -NAVARRETE-,VILLA BISONO -NAVARRETE-,ESCUELA PRIMARIA RURAL,PARAJE LA VILLA NUEVA,VILLA NUEVA,"0017,0047"
SANTIAGO,VILLA BISONO -NAVARRETE-,VILLA BISONO -NAVARRETE-,ESCUELA PRIM. RURAL SIMON UREÑA,PARAJE LOS CANDELONES,LOS CANDELONES,"0025,0035"
SANTIAGO,VILLA BISONO -NAVARRETE-,VILLA BISONO -NAVARRETE-,ESCUELA MIRERVA ALTAGRACIA RIDRIGUEZ,PARAJE VILLA TABACALERA,VILLA TABACALERA,"0021,0021A,0038"
SANTIAGO,VILLA BISONO -NAVARRETE-,VILLA BISONO -NAVARRETE-,ESCUELA CRUCE DE BARRERO,PARAJE BARRERO,BARRERO,"0020,0020A,0039"
SANTIAGO,VILLA BISONO -NAVARRETE-,VILLA BISONO -NAVARRETE-,INDOTEL,CENTRO DE LA CIUDAD,CENTRO DE LA CIUDAD,40
SANTIAGO,VILLA BISONO -NAVARRETE-,VILLA BISONO -NAVARRETE-,BOMBEROS MUNICIPALES,C/ ERNESTO VARGAS,CENTRO DE LA CIUDAD,44
SANTIAGO,VILLA BISONO -NAVARRETE-,VILLA BISONO -NAVARRETE-,CENTRO EDUCATIVO GUANABANO,PARAJE GUANABANO,GUANABANO,46
SANTIAGO,VILLA BISONO -NAVARRETE-,VILLA BISONO -NAVARRETE-,ESCUELA PONTONCITO,AVENIDA DUARTE,PONTONCITO,51
SANTIAGO,VILLA BISONO -NAVARRETE-,VILLA BISONO -NAVARRETE-,ESCUELA HILDA MERCEDES PARRA,BARRIO MANOLO TAVAREZ JUSTO,MANOLO TAVARES JUSTO,52
SANTIAGO,VILLA BISONO -NAVARRETE-,VILLA BISONO -NAVARRETE-,ESCUELA LA ALTAGRACIA,BARRIO LA ALTAGRACIA,LA ALTAGRACIA,"0053,0059"
SANTIAGO,VILLA BISONO -NAVARRETE-,VILLA BISONO -NAVARRETE-,ESCUELA RAFAEL ANTONIO BARRANCO,BARRIO PICA PIEDRA,PICA PIEDRA,54
SANTIAGO,VILLA BISONO -NAVARRETE-,VILLA BISONO -NAVARRETE-,ESCUELA LA ESTACION,BARRIO LA ESTACION,ESTACION,55
SANTIAGO,VILLA BISONO -NAVARRETE-,VILLA BISONO -NAVARRETE-,ESCUELA ROSA MARINA RAPOSO,BARRIO VIEJO CARRIL,VIEJO CARRIL,56
SANTIAGO,VILLA BISONO -NAVARRETE-,VILLA BISONO -NAVARRETE-,ESCUELA PATRIA MERCEDES MIRABAL,PARAJE LA PAZ,LA PAZ,57
SANTIAGO,SABANA IGLESIA,SABANA IGLESIA,ESCUELA ELISA GENAO,CALLE PRINCIPAL,CENTRO DE LA CIUDAD,"0380,0453,0630"
SANTIAGO,SABANA IGLESIA,SABANA IGLESIA,ESCUELA GENEROSA FERREIRA,CALLE LOS MAESTROS,LA ARCILLA,"0381,0382,0383,0384,0506,0622,0623,0625,0631"
SANTIAGO,SABANA IGLESIA,SABANA IGLESIA,ESCUELA JOSE ALBERTO RAMIREZ,PARAJE BOCA DE CORRAL,LA ZANJA,"0399,0626"
SANTIAGO,SABANA IGLESIA,SABANA IGLESIA,CENTRO EDUCATIVO PABLO DIAZ,PARAJE LA ZANJA,LA ZANJA,"0396,0397,0398,0456,0507"
SANTIAGO,SABANA IGLESIA,SABANA IGLESIA,ESCUELA LUIS MARIA PIETER,PARAJE LA BARRANCA,LA BARRANCA,"0357,0589"
SANTIAGO,SABANA IGLESIA,SABANA IGLESIA,ESCUELA MARIA BENITA DIAZ (MENA),"PARAJE RANCHOS DE BABOSI- COS ARRIBA, CARRETERA SANTIAGO",RANCHOS DE BABOSI- CO ARRIBA,"0379,0627"
SANTIAGO,SABANA IGLESIA,SABANA IGLESIA,CENTRO EDUCATIVO ENEMENCIO REYES,"LOS RANCHOS ABAJO, LA ZALAYA",ZALAYA,378
SANTIAGO,SABANA IGLESIA,SABANA IGLESIA,ESCUELA PRIMARIA JOSE RAMON PIÑEYRO,CALLE PANCHITO DIAZ,LA PIEDRA,"0624,0628"
SANTIAGO,SABANA IGLESIA,SABANA IGLESIA,ESCUELA BASICA FLORIPE MER- CEDES TUERO,CARRETERA JANICO,ZALAYA,629
SANTIAGO,BAITOA,BAITOA,CENTRO EDUCATIVO LA LIMA,PARAJE LA LIMA,LA LIMA,"0403,0404,0458"
SANTIAGO,BAITOA,BAITOA,CENTRO EDUCATIVO TOMAS ROSA,PARAJE CASTILLO ARRIBA,ESTANCIA NUEVA,"0001,0388"
SANTIAGO,BAITOA,BAITOA,CENTRO EDUCATIVO BARTOLO TAVAREZ,PARAJE LOS CIRUELOS,ESTANCIA NUEVA,"0387,0455,0697"
SANTIAGO,BAITOA,BAITOA,ESCUELA MULTIGRADO INNOVADA LOPEZ,PARAJE LOPEZ,LOPEZ,"0389,0390"
SANTIAGO,BAITOA,BAITOA,ESCUELA BASICA SAN JOSE ADENTRO,PARAJE SAN JOSE ADENTRO,SAN JOSE ADENTRO,"0394,0395,0454,0538"
SANTIAGO,BAITOA,BAITOA,CENTRO EDUCATIVO LA JAGUA,PARAJE LA JAGUA,LA JAGUA,"0612,0756,0758"
SANTIAGO,BAITOA,BAITOA,LICEO DOMINGO SANTANA,ENTRADA LA SABANA DOÑA MARIA,SAN JOSE AFUERA,"0392,0393,0537,0757"
SANTIAGO,BAITOA,BAITOA,LICEO GABRIEL FRANCO,CALLE AFRICA NUÑEZ ESQ. GABRIEL FRANCO,CIUDAD NUEVA,"0391,0400,0401,0402,0457,0508,0755"
SANTIAGO,PUÑAL,PUÑAL,CLUB NTRA. SRA. DE LOURDES,SECCION PUÑAL ADENTRO,PUÑAL ADENTRO,"0371,0371A"
SANTIAGO,PUÑAL,PUÑAL,ESCUELA BASICA PROFESORA MARIA MIRANDA,SECCION PUÑAL ADENTRO,PUÑAL ADENTRO,"0001,0368,0369,0370,0505,0668,0703,0707"
SANTIAGO,PUÑAL,PUÑAL,ESCUELA BASICA LA JAVILLA,PARAJE LA JAVILLA,LA JAVILLA,"0366,0367"
SANTIAGO,PUÑAL,PUÑAL,CENTRO EDUCATIVO CELINA AURORA BAEZ COLLADO,PARAJE LAGUNA PRIETA ABAJO,LAGUNA PRIETA ABAJO,"0362,0363,0364,0365,0452,0528,0533,0560,0696,0706,0713"
SANTIAGO,PUÑAL,PUÑAL,CENTRO EDUCATIVO ANA MER- CEDES ARIAS ORTEGA (MATAN- ZAS),PARAJE MATANZA SECCION MATANZA,MATANZAS,"0361,0361A,0451,0451A,0590,0690,0695,0704,0709,0714"
SANTIAGO,PUÑAL,PUÑAL,ESCUELA PRIMARIA ABRAHAN ALONZO,PARAJE LAGUNA PRIETA,LAGUNA PRIETA ABAJO,692
SANTIAGO,PUÑAL,PUÑAL,ESCUELA BASICA JOSE FLORES,PARAJE ARENOSO,ARENOSO,705
SANTIAGO,PUÑAL,PUÑAL,ESCUELA BASICA SAN ANTONIO DE PADUA,PARAJE LOS COCOS,LOS COCOS,693
SANTIAGO,PUÑAL,PUÑAL,GALLERA LA JAVILLA,PARAJE LOS CERCADILLOS,LOS CERCADILLOS,710
SANTIAGO,PUÑAL,GUAYABAL (DM),CENTRO EDUCATIVO GUAYABAL,PARAJE GUAYABAL. SECCION GUAYABAL,GUAYABAL,"0373,0373A,0374,0374A,0700"
SANTIAGO,PUÑAL,GUAYABAL (DM),CENTRO EDUCATIVO JOSE ANTO- NIO MARTE,PARAJE ESTANCIA NUEVA ARRIBA,ESTANCIA NUEVA ARRIBA,"0385,0386,0536,0698"
SANTIAGO,PUÑAL,GUAYABAL (DM),ESCUELA PRIMARIA EL GUANO,PARAJE EL GUANO,EL GUANO,"0377,0377A"
SANTIAGO,PUÑAL,GUAYABAL (DM),LICEO ANA ANTONIA GRULLON,"CALLE ELIAS GRULLON, GUAY- ABAL",GUAYABAL,"0372,0372A,0691,0694"
SANTIAGO,PUÑAL,GUAYABAL (DM),LOCAL PRIVADO CEMENTO CIBAO,PARAJE PALO AMARILLO,PALO AMARILLO,"0375,0375A,0376,0686"
SANTIAGO,PUÑAL,CANABACOA ABAJO (DM),ESCUELA BASICA CANABACOA,PARAJE CANABACOA,CANABACOA,"0334,0334A,0335,0335A,0503,0559,0687,0699,0708,0711"
SANTIAGO,PUÑAL,CANABACOA ABAJO (DM),ESCUELA MAXIMILIANO ANTONIO ESTRELLA,PARAJE COLORADO,CANABACOA,"0336,0336A,0337,0337A,0688,0701,0712"
SANTIAGO RODRI- GUEZ,MONCION,MONCION,LICEO JUAN PABLO DUARTE,"C/ JOAQUIN IZQUIERDO, CIUDAD",CENTRO DE LA CIUDAD,"0001,0002,0003,0016,0020"
SANTIAGO RODRI- GUEZ,MONCION,MONCION,ESCUELA PRIMARIA RURAL,PARAJE CAÑADA GRANDE,CAÑADA GRANDE,"0006,0015,0018,0024"
SANTIAGO RODRI- GUEZ,MONCION,MONCION,ESCUELA PRIMARIA RURAL,PARAJE GURABO,GURABO,8
SANTIAGO RODRI- GUEZ,MONCION,MONCION,ESCUELA DE LA MESETA,PARAJE LA MESETA,LA MESETA,9
SANTIAGO RODRI- GUEZ,MONCION,MONCION,ESCUELA PRIMARIA RURAL,PARAJE HATO VIEJO,HATO VIEJO,10
SANTIAGO RODRI- GUEZ,MONCION,MONCION,ESCUELA PRIMARIA RURAL,PARAJE RODEO,RODEO,12
SANTIAGO RODRI- GUEZ,MONCION,MONCION,ESCUELA PRIMARIA LA TRINITARIA,C\ JOAQUIN IZQUIERDO ESQ. 24 DE ABRIL,CENTRO DE LA CIUDAD,"0013,0014,0017,0017A,0022"
SANTIAGO RODRI- GUEZ,MONCION,MONCION,ESCUELA PRIMARIA ANASTACIO VALLE,"FRENTE AL SEMINARIO, PUEB- LO NUEVO",PUEBLO NUEVO,"0019,0023,0027"
SANTIAGO RODRI- GUEZ,MONCION,MONCION,ESCUELA PRIMARIA RURAL JUAN VELEZ,"PARAJE DURAN, DURAN",DURAN,7
SANTIAGO RODRI- GUEZ,MONCION,MONCION,CENTRO COMUNAL,PARAJE MAMONCITO,MAMONCITO,"0011,0025"
SANTIAGO RODRI- GUEZ,MONCION,MONCION,ESCUELA PRIMARIA LA MESETA ABAJO,PARAJE LA MESETA,LA MESETA,26
SANTIAGO RODRI- GUEZ,MONCION,MONCION,ESCUELA PROF.JUAN BOSCH,CALLE 24 DE ABRIL,EL CERRO,21
SANTIAGO RODRI- GUEZ,MONCION,MONCION,ESCUELA BÁSICA LIC. YISEL DEL CARMEN ARIAS VARGAS,"PARAJE LA CACIQUE, CALLE PRINCIPAL",LA CACIQUE,"0004,0005"
SANTIAGO RODRI- GUEZ,SAN IGNACIO DE SABANETA,SAN IGNACIO DE SABANETA,ANTIGUO AYUNTAMIENTO,CALLE DR. DARIO GOMEZ ESQ. CALLE MERCEDES,CENTRO DE LA CIUDAD,"0008,0008A"
SANTIAGO RODRI- GUEZ,SAN IGNACIO DE SABANETA,SAN IGNACIO DE SABANETA,AYUNTAMIENTO MUNICIPAL,GENERAL GREGORIO LUPER- ON # 8,CENTRO DE LA CIUDAD,"0006,0007"
SANTIAGO RODRI- GUEZ,SAN IGNACIO DE SABANETA,SAN IGNACIO DE SABANETA,COLEGIO FRANCISCO BUENO ZAPATA,AVENIDA PROCERES DE LA RESTAURACION # 115.,CERRO DULCE,"0060,0060A,0076"
SANTIAGO RODRI- GUEZ,SAN IGNACIO DE SABANETA,SAN IGNACIO DE SABANETA,COLEGIO PARROQUIAL SAN IGNA- CIO DE LOYOLA,ALEJANDRO BUENO NO. 3,CENTRO DE LA CIUDAD,"0001,0001A,0059,0077,0081"
SANTIAGO RODRI- GUEZ,SAN IGNACIO DE SABANETA,SAN IGNACIO DE SABANETA,ESC. PRIMARIA ANA JOAQUINA HIDALGO,CALLE PROCERES DE LA RESTAURACION ESQ. ALEJAN- DRO BUENO,CENTRO DE LA CIUDAD,"0005,0056,0056A,0061,0061A,0068,0078"
SANTIAGO RODRI- GUEZ,SAN IGNACIO DE SABANETA,SAN IGNACIO DE SABANETA,ESC. PRIMARIA JOSE MARIA SERRA,AMBROSIO ECHAVARRIA NO. 52,EL CEMENTERIO,"0009,0057,0065,0069,0085"
SANTIAGO RODRI- GUEZ,SAN IGNACIO DE SABANETA,SAN IGNACIO DE SABANETA,LICEO SEC. LIBRADO EUGENIO BELLIARD,CALLE JORGE STERLING ECHAVARRIA ESQ. JOSE CABRERA,NORTE,"0067,0070,0073,0086"
SANTIAGO RODRI- GUEZ,SAN IGNACIO DE SABANETA,SAN IGNACIO DE SABANETA,PALACIO DE JUSTICIA,CALLE PEDRO THOMAS #54,CENTRO DE LA CIUDAD,"0002,0003"
SANTIAGO RODRI- GUEZ,SAN IGNACIO DE SABANETA,SAN IGNACIO DE SABANETA,PALACIO OFICINAS PUBLICAS,CALLE DR. DARIO GOMEZ NO. 47,CENTRO DE LA CIUDAD,4
SANTIAGO RODRI- GUEZ,SAN IGNACIO DE SABANETA,SAN IGNACIO DE SABANETA,ESCUELA REYES MARIA VARGAS,PARAJE AGUA CLARA,AGUA CLARA,"0020,0071"
SANTIAGO RODRI- GUEZ,SAN IGNACIO DE SABANETA,SAN IGNACIO DE SABANETA,ESCUELA PRIMARIA RURAL,PARAJE ARROYO BLANCO ARRIBA,LECHUZA O ARROYO BLANCO ARRIBA,"0023,0024"
SANTIAGO RODRI- GUEZ,SAN IGNACIO DE SABANETA,SAN IGNACIO DE SABANETA,ESCUELA PRIMARIA RURAL,PARAJE PLACEY O ARROYO BLANCO ABAJO,PLACEY O ARROYO BLANCO ABAJO,"0025,0026"
SANTIAGO RODRI- GUEZ,SAN IGNACIO DE SABANETA,SAN IGNACIO DE SABANETA,ESCUELA PRIMARIA RURAL,PARAJE CLAVIJO ABAJO,CLAVIJO ABAJO,41
SANTIAGO RODRI- GUEZ,SAN IGNACIO DE SABANETA,SAN IGNACIO DE SABANETA,ESCUELA BASICA JOSE VIRGILIO GUZMAN,PARAJE MAGUANA,MAGUANA,40
SANTIAGO RODRI- GUEZ,SAN IGNACIO DE SABANETA,SAN IGNACIO DE SABANETA,ESCUELA PRIMARIA RURAL,PARAJE LA ESTANCIA VIEJA,LA ESTANCIA VIEJA,"0018,0019"
SANTIAGO RODRI- GUEZ,SAN IGNACIO DE SABANETA,SAN IGNACIO DE SABANETA,ESCUELA PRIMARIA RURAL,PARAJE LAS CAOBAS (ARENO- SO),ARENOSO,"0015,0015A"
SANTIAGO RODRI- GUEZ,SAN IGNACIO DE SABANETA,SAN IGNACIO DE SABANETA,ESCUELA PRIMARIA RURAL,PARAJE LOS INGENITOS,LOS INGENITOS,"0016,0017"
SANTIAGO RODRI- GUEZ,SAN IGNACIO DE SABANETA,SAN IGNACIO DE SABANETA,ESCUELA EDUARDO ESTEVEZ,PARAJE EL GUANAL,EL GUANAL,"0031,0032,0080"
SANTIAGO RODRI- GUEZ,SAN IGNACIO DE SABANETA,SAN IGNACIO DE SABANETA,ESCUELA PRIMARIA RURAL,PARAJE LOS PLANES,LOS PLANES,33
SANTIAGO RODRI- GUEZ,SAN IGNACIO DE SABANETA,SAN IGNACIO DE SABANETA,ESCUELA PRIMARIA RAMON EMILIO RODRIGUEZ TORRES,PARAJE MINAYA,MINAYA,"0034,0079"
SANTIAGO RODRI- GUEZ,SAN IGNACIO DE SABANETA,SAN IGNACIO DE SABANETA,ESCUELA BASICA MIGUEL PAULI- NO BAEZ.,PARAJE PATA DE VACA,PATA DE VACA,30
SANTIAGO RODRI- GUEZ,SAN IGNACIO DE SABANETA,SAN IGNACIO DE SABANETA,ESCUELA PRIMARIA JOSE MANUEL LANTIGUA,PARAJE MATA DEL JOBO,MATA DE JOBO,"0028,0029,0084"
SANTIAGO RODRI- GUEZ,SAN IGNACIO DE SABANETA,SAN IGNACIO DE SABANETA,ESCUELA PRIMARIA MANUEL ANTONIO TEJADA,PARAJE PIEDRA BLANCA,PIEDRA BLANCA,42
SANTIAGO RODRI- GUEZ,SAN IGNACIO DE SABANETA,SAN IGNACIO DE SABANETA,ESCUELA BASICA LA LIMA,PARAJE LA LIMA,LA LIMA (PALMAREJO),"0044,0063"
SANTIAGO RODRI- GUEZ,SAN IGNACIO DE SABANETA,SAN IGNACIO DE SABANETA,TV CENTRO EDUCATIVO,PARAJE LOS JOBOS,LOS JOBOS,"0043,0082"
SANTIAGO RODRI- GUEZ,SAN IGNACIO DE SABANETA,SAN IGNACIO DE SABANETA,ESCUELA PRIMARIA RURAL,PARAJE CAIMITO,CAIMITO,"0010,0011"
SANTIAGO RODRI- GUEZ,SAN IGNACIO DE SABANETA,SAN IGNACIO DE SABANETA,ESCUELA FRANCISCO ANTONIO RODRIGUEZ,PARAJE EL RINCON,EL RINCON,"0012,0058"
SANTIAGO RODRI- GUEZ,SAN IGNACIO DE SABANETA,SAN IGNACIO DE SABANETA,ESCUELA PRIMARIA RURAL,PARAJE SAN JOSE (EL CASE- RIO),SAN JOSE (EL CASE- RIO),"0013,0014"
SANTIAGO RODRI- GUEZ,SAN IGNACIO DE SABANETA,SAN IGNACIO DE SABANETA,ESCUELA PRIMARIA RURAL,PARAJE CENOVI,LA CABIRMA (CENOVI),51
SANTIAGO RODRI- GUEZ,SAN IGNACIO DE SABANETA,SAN IGNACIO DE SABANETA,ESCUELA PRIMARIA RURAL,PARAJE EL VALLECITO,EL VALLECITO,"0054,0075"
SANTIAGO RODRI- GUEZ,SAN IGNACIO DE SABANETA,SAN IGNACIO DE SABANETA,ESCUELA PRIMARIA RURAL,PARAJE LA CIDRA,LA CIDRA,52
SANTIAGO RODRI- GUEZ,SAN IGNACIO DE SABANETA,SAN IGNACIO DE SABANETA,ESCUELA BASICA LA LEONOR,PARAJE LA LEONOR,LA LEONOR,"0053,0074"
SANTIAGO RODRI- GUEZ,SAN IGNACIO DE SABANETA,SAN IGNACIO DE SABANETA,ESCUELA BASICA PROF. CLARA LUZ LORA,PARAJE LOS TOMINES,LOS TOMINES,"0066,0072,0087"
SANTIAGO RODRI- GUEZ,SAN IGNACIO DE SABANETA,SAN IGNACIO DE SABANETA,ESCUELA BASICA NOEMI EVANGE- LISTA PEREZ,PARAJE PUERTA DEL MULO,PUERTA DEL MULO,27
SANTIAGO RODRI- GUEZ,SAN IGNACIO DE SABANETA,SAN IGNACIO DE SABANETA,ESCUELA BASICA PEDRO MARIA SANTANA,PARAJE LA ZAMBA ABAJO,LA ZAMBA ABAJO,83
SANTIAGO RODRI- GUEZ,SAN IGNACIO DE SABANETA,SAN IGNACIO DE SABANETA,CENTRO CAFI INAIPI,CALLE 22 DE FEBRERO CASI ESQUINA SAN IGNACIO,LOS MAESTROS,88
SANTIAGO RODRI- GUEZ,VILLA LOS AL- MACIGOS,VILLA LOS AL- MACIGOS,ESC. PRIM. DR. CARLOS GONZA- LEZ NUÑEZ,DEMETRIO RODRIGUEZ/LIBER- TAD NO. 2,CENTRO DE LA CIUDAD,"0001,0002,0003"
SANTIAGO RODRI- GUEZ,VILLA LOS AL- MACIGOS,VILLA LOS AL- MACIGOS,ESCUELA PRIMARIA RURAL,PARAJE CEIBA DE BONE,CEIBA DE BONE,"0009,0020"
SANTIAGO RODRI- GUEZ,VILLA LOS AL- MACIGOS,VILLA LOS AL- MACIGOS,ESCUELA PRIMARIA RURAL,PARAJE EL DAJAO,EL DAJAO,6
SANTIAGO RODRI- GUEZ,VILLA LOS AL- MACIGOS,VILLA LOS AL- MACIGOS,ESCUELA PRIMARIA RURAL,PARAJE EL FUNDO,EL FUNDO,"0010,0011"
SANTIAGO RODRI- GUEZ,VILLA LOS AL- MACIGOS,VILLA LOS AL- MACIGOS,ESCUELA PRIMARIA RURAL,PARAJE INAGE,SABANA DE INAGE,8
SANTIAGO RODRI- GUEZ,VILLA LOS AL- MACIGOS,VILLA LOS AL- MACIGOS,ESCUELA PRIMARIA DEL NARAN- JITO,PARAJE EL NARANJITO,NARANJITO,16
SANTIAGO RODRI- GUEZ,VILLA LOS AL- MACIGOS,VILLA LOS AL- MACIGOS,ESCUELA PRIMARIA LA CEIBA,PARAJE LA CEIBA,LA CEIBA,"0012,0013"
SANTIAGO RODRI- GUEZ,VILLA LOS AL- MACIGOS,VILLA LOS AL- MACIGOS,ESCUELA PRIMARIA RURAL,PARAJE LA PIÑA,LA PIÑA,"0014,0015"
SANTIAGO RODRI- GUEZ,VILLA LOS AL- MACIGOS,VILLA LOS AL- MACIGOS,ESCUELA PRIMARIA RURAL,PARAJE LA LANA,LA LANA,7
SANTIAGO RODRI- GUEZ,VILLA LOS AL- MACIGOS,VILLA LOS AL- MACIGOS,LICEO SECUNDARIO PEDRO HEN- RIQUEZ UREÑA,CIUDAD,CENTRO DE LA CIUDAD,"0004,0005"
SANTIAGO RODRI- GUEZ,VILLA LOS AL- MACIGOS,VILLA LOS AL- MACIGOS,ESCUELA PRIMARIA RURAL,PARAJE CRUCE DEL CAIMITAL,CRUCE DEL CAIMITAL,17
SANTIAGO RODRI- GUEZ,VILLA LOS AL- MACIGOS,VILLA LOS AL- MACIGOS,JUZGADO DE PAZ,CALLE LEOVIGILDO FORTUNA NO. 33,CENTRO DE LA CIUDAD,18
SANTIAGO RODRI- GUEZ,VILLA LOS AL- MACIGOS,VILLA LOS AL- MACIGOS,ESCUELA PRIMARIA RURAL,PARAJE CRUCE DE LA LANA,CRUCE DE LA LANA,19
SANTIAGO RODRI- GUEZ,VILLA LOS AL- MACIGOS,VILLA LOS AL- MACIGOS,CENTRO COMUNAL FRANCISCO RODRIGUEZ,EL FUNDO ABAJO,EL FUNDO,21
SANTIAGO RODRI- GUEZ,VILLA LOS AL- MACIGOS,VILLA LOS AL- MACIGOS,CENTRO COMUNAL DEL PLAY,CALLE S/N,EL PLAY,22
SANTIAGO RODRI- GUEZ,VILLA LOS AL- MACIGOS,VILLA LOS AL- MACIGOS,ESCUELA PRIMARIA RURAL,PARAJE PALMA LARGA,PALMA LARGA,23
SANTIAGO RODRI- GUEZ,VILLA LOS AL- MACIGOS,VILLA LOS AL- MACIGOS,CLUB DE LA ASOCIACION DE CHOFERES,CALLE DUARTE,ENRIQUILLO,24
VALVERDE,ESPERANZA,ESPERANZA,ESCUELA JUAN PABLO DUARTE,CALLE SANTIAGO #67,SUR,"0012,0012A,0013,0013A"
VALVERDE,ESPERANZA,ESPERANZA,COLEGIO DUARTE,CALLE F NO. 3,BARRIO DUARTE,"0006,0006A,0091"
VALVERDE,ESPERANZA,ESPERANZA,ESCUELA PRIMARIA CRUCE DE ESPERANZA,SAGRARIO DIAZ NO. 6-A,CRUCE DE ESPERANZA,"0054,0069,0070,0095"
VALVERDE,ESPERANZA,ESPERANZA,ESCUELA PRIMARIA ERCILIA PEPIN,CALLE ANTONIO GUZMAN #62,LA FE,"0056,0057,0064,0065"
VALVERDE,ESPERANZA,ESPERANZA,ESCUELA PRIMARIA HNAS. MIRA- BAL,CALLE JOSE NUÑEZ DE CA- CERES,LA ALTAGRACIA,"0055,0066,0066A,0067,0068,0083,0084"
VALVERDE,ESPERANZA,ESPERANZA,ESCUELA BASICA JUAN BOSCH,CALLE JOSE NUÑEZ DE CASERES S/N,INGENIO ESPERANZA,"0004,0004A,0004B,0004C,0011,0011A,0050,0050A"
VALVERDE,ESPERANZA,ESPERANZA,ESCUELA PRIMARIA RURAL PEÑUELA ADENTRO,PARAJE PEÑUELA,PEÑUELA,"0048,0061,0078"
VALVERDE,ESPERANZA,ESPERANZA,ESCUELA PRIMARIA PEDRO HENR- RIQUEZ UREÑA,CALLE MARIA TRINIDAD SAN- CHEZ #5,CENTRO DE LA CIUDAD,"0001,0001A,0002,0002A,0005,0014,0015,0016,0016A"
VALVERDE,ESPERANZA,ESPERANZA,ESCUELA PRIMARIA BATEY DUARTE,BARRIO VISTA HERMOSA,VISTA HERMOSA,"0009,0009A,0010,0010A"
VALVERDE,ESPERANZA,ESPERANZA,ESCUELA BASICA EL BUEN SA- MARITANO,CALLE MINERVA MIRABAL NO. 101,QUISQUEYA,"0003,0003A,0003B,0049,0049A,0079,0090"
VALVERDE,ESPERANZA,ESPERANZA,ESCUELA PRIMERO DE MAYO,"C/ JOSE RAMON LUCIANO, CIUDAD",BARRIO NORTE,"0007,0008,0008A,0062"
VALVERDE,ESPERANZA,ESPERANZA,LICEO MATIAS RAMON MELLA,C/ GASPAR POLANCO,CENTRO DE LA CIUDAD,"0052,0063,0081,0085,0096"
VALVERDE,ESPERANZA,ESPERANZA,ESCUELA BASICA CRISTOBAL COLON,C/ FEDERICO DE JESUS GARCIA,CENTRO DE LA CIUDAD,"0082,0086,0097"
VALVERDE,ESPERANZA,ESPERANZA,ESCUELA PRIMARIA BATEY I,CARRETERA AZUCARERA FRENTE AL PLAY,BATEY I,"0087,0093,0094"
VALVERDE,ESPERANZA,ESPERANZA,LICEO MARIA PASCUAL,CALLE JOSE NUÑEZ DE CA- CERES,LA ALTAGRACIA,92
VALVERDE,ESPERANZA,ESPERANZA,ESCUELA MARIA LUISA ABREU,CARRETERA LA AZUCARERA,EL PARAISO,98
VALVERDE,ESPERANZA,ESPERANZA,ESCUELA PROF. TEODORA ACOSTA,CALLE JUAN PABLO DUARTE,LOS CAYUCOS,99
VALVERDE,ESPERANZA,ESPERANZA,POLITECNICO JOSE ARTURO PEÑA,CALLE 16 DE AGOSTO,VISTA HERMOSA,101
VALVERDE,ESPERANZA,MAIZAL (DM),CENTRO EDUCATIVO DAMAJAGUA,PARAJE LA CALLECITA,LA CALLECITA,"0018,0019,0025,0025A,0026,0026A"
VALVERDE,ESPERANZA,MAIZAL (DM),ESCUELA PRIMARIA RURAL,PARAJE MAIMON,MAIMON,"0017,0028"
VALVERDE,ESPERANZA,MAIZAL (DM),ESCUELA PRIMARIA RURAL MAIZAL,PARAJE MAIZAL,MAIZAL,"0029,0030,0030A,0051,0051A"
VALVERDE,ESPERANZA,MAIZAL (DM),LICEO SECUNDARIO DE MAIZAL,PARAJE MAIZAL,MAIZAL,"0058,0059,0076"
VALVERDE,ESPERANZA,MAIZAL (DM),ESCUELA ESTONY ROQUE CUE- VAS,"CALLE ANTIGUA PEÑA, PARTE ATRÁS DEL BARRIO LAS FLORES",LAS FLORES,100
VALVERDE,ESPERANZA,MAIZAL (DM),LICEO FRANCISCO DEL ROSARIO SÁNCHEZ,PARAJE LA CALLECITA-DAMA- JAGUA,LA CALLECITA,"0071,0072"
VALVERDE,ESPERANZA,JICOME (DM),ESCUELA SALOME UREÑA DE HENRRIQUEZ,PARAJE JICOME ABAJO,JICOME ABAJO,"0021,0022,0075"
VALVERDE,ESPERANZA,JICOME (DM),ESCUELA PRIMARIA RURAL,PARAJE JICOME ARRIBA,JICOME ARRIBA,"0023,0023A,0024,0073,0074"
VALVERDE,ESPERANZA,JICOME (DM),ESCUELA PRIMARIA RURAL PEÑUELA AFUERA,PARAJE KILOMETRO 7,KILOMETRO 7 (JICOME),"0046,0053"
VALVERDE,ESPERANZA,BOCA DE MAO (DM),ESCUELA FRANCISCO DEL ROSA- RIO SANCHEZ,PARAJE BOCA DE MAO,BOCA DE MAO,"0047,0047A,0060,0077"
VALVERDE,ESPERANZA,BOCA DE MAO (DM),ESCUELA BASICA EL PUENTE,PARAJE EL PUENTE,EL PUENTE DE MAO,"0015E,0021E,0080"
VALVERDE,ESPERANZA,PARADERO (DM),ESCUELA PRIMARIA RURAL,PARAJE LOMA DE AGUACATE,LOMA DE AGUACATE,"0027,0089"
VALVERDE,ESPERANZA,PARADERO (DM),ESCUELA PRIMARIA RURAL,PARAJE PARADERO,Paradero,"0020,0088"
VALVERDE,MAO,MAO,COMEDOR ECONOMICO,AV. GRAL. BENITO MONCION,ENRIQUILLO,"0007,0007A,0008,0008A,0069,0099"
VALVERDE,MAO,MAO,ESCUELA PRIMARIA PERICLES BIENVENIDO DISLA,C/GRAL. VALVERDE ESQ. DUARTE.,LOS CAJUILES,"0033,0033A,0034,0034A,0035,0035A,0100"
VALVERDE,MAO,MAO,ESC. PRIMARIA PAUL HARRIS,CALLE FELIX BONILLA,CARLOS DANIEL,"0021,0021A,0021B,0077"
VALVERDE,MAO,MAO,AYUNTAMIENTO MUNICIPAL,CALLE 27 DE FEBRERO,CENTRO DE LA CIUDAD,"0013,0015,0015A,0062,0078"
VALVERDE,MAO,MAO,ESC. PRIM. URBANA DOLORES VDA. BOGAERT,CALLE 1RA. COMPLE- JO HABITACIONAL LOS SUEÑOS-HATICO,LOS SUEÑOS,"0001,0060,0086"
VALVERDE,MAO,MAO,ESCUELA PRIMARIA JUAN ISIDRO PEREZ,MAXIMO CABRAL/ESQ. HER- MANAS MIRABAL NO. 64,CENTRO DE LA CIUDAD,"0005,0005A,0006,0009,0010,0011,0012,0019,0020"
VALVERDE,MAO,MAO,ESTADIO PUCHO MARRERO,GASTON F. DELIGNE ESQ. 22,LAS TRESCIENTAS,"0024,0024A,0024B,0024C,0025,0025A,0079"
VALVERDE,MAO,MAO,GOBERNACION CIVIL PROVINCIAL,CALLE DUARTE,CENTRO DE LA CIUDAD,"0014,0014A"
VALVERDE,MAO,MAO,LICEO SEC. PROF. JUAN DE JESUS REYES,CALLE ABRAHAM LINCOLN,SIBILA,"0026,0028,0031,0031A,0032,0032A,0063,0071,0080"
VALVERDE,MAO,MAO,ESC. PRIMARIA RURAL,PARAJE EL CERCADO,EL CERCADO,46
VALVERDE,MAO,MAO,ESC. PRIMARIA RURAL,PARAJE LOS QUEMADOS,LOS QUEMADOS,47
VALVERDE,MAO,MAO,ESCUELA PRIMARIA GRACIELA REYES TINEO (GACHEN),"BARRIO MARIA AUXILIADORA, CIUDAD",VILLA OLIMPICA,"0066,0067,0084,0088,0098,0103"
VALVERDE,MAO,MAO,LICEO SECUNDARIO PROF. POR- FIRIO GUTIERREZ (ANT. CURNO),C/ TOÑO BREA,CARLOS DANIEL,"0022,0022A,0023,0023A,0023B,0023C,0085,0090,0104"
VALVERDE,MAO,MAO,CLUB QUISQUEYA INC.,"CALLE 27 DE FEBRERO NO. 67, CENTRO DE LA CIUDAD",CENTRO DE LA CIUDAD,"0027,0027A,0029,0030,0064"
VALVERDE,MAO,MAO,ESCUELA PRIMARIA GRAL. BENITO MONCION,CALLE ENEMENCIO DE JESUS GARCIA NO. 35,MILITAR,"0017,0017A,0017B,0018,0018A"
VALVERDE,MAO,MAO,"CLUB ROTARIO MAO, INC.","CALLE LUIS MADERA S/N, COPEYITO",COPEYITO,"0016,0016A"
VALVERDE,MAO,MAO,"UNIVERSIDAD TECNOLOGICA DE SANTIAGO, RECINTO MAO","C/MILLER HADDAD ESQ. AVE. ESTANISLAO REYES, LOS BONILLAS",LOS BONILLAS,"0002,0061"
VALVERDE,MAO,MAO,ESCUELA YERBA DE GUINEA,SECTOR YERBA DE GUINEA,YERBA DE GUINEA,73
VALVERDE,MAO,MAO,ESCUELA MOTOCROSS,BARRIO MOTOCROSS,MOTOCROSS,74
VALVERDE,MAO,MAO,ESCUELA GRACIANO DE LOS SANTOS,SECTOR LA COMPUERTA,LA COMPUERTA,75
VALVERDE,MAO,MAO,ESCUELA ENRIQUILLO,CALLE 19 DE MARZO ESQUINA SAN ANTONIO,ENRIQUILLO,91
VALVERDE,MAO,MAO,ESCUELA PROFESOR JUAN BOSCH,CALLE A,HERMANAS MIRABAL,92
VALVERDE,MAO,MAO,CLUB FRATERNO CULTURAL,CALLE CAPOTILLO #89,SIBILA,"0093,0105"
VALVERDE,MAO,MAO,ESCUELA DE LOS CAYUCOS,"CALLE 4, #8",JUAN DE JESUS REYES,94
VALVERDE,MAO,MAO,ESCUELA MELVYN JHON,CALLE JOSE CABRERA #13,LOS RESTAURADORES,95
VALVERDE,MAO,MAO,ESCUELA CAMELIA DISLA,CALLE ABRAHAN LINCOLN NO. 147,SIBILA,"0036,0036A,0070,0076,0106"
VALVERDE,MAO,MAO,ESCUELA NOROESTANA DE CAÑA- DA DE PIEDRA,ESCUELA PRINCIPAL,CAÑADA DE PIEDRA,107
VALVERDE,MAO,MAO,LICEO LEONIDAS RICARDO,"CALLE PADRE FRANCO NO, 20",HATICO,"0003,0003A,0004,0004A,0097,0108"
VALVERDE,MAO,AMINA (DM),ESCUELA PRIMARIA RURAL,PARAJE AMINA,AMINA,"0042,0042A,0043,0043A,0101"
VALVERDE,MAO,AMINA (DM),ESCUELA PRIMARIA RURAL MAXI- MO MUÑOZ,PARAJE HATO NUEVO,HATO NUEVO,"0044,0072"
VALVERDE,MAO,AMINA (DM),ESCUELA PRIMARIA RURAL,PARAJE LAGUNETA,LAGUNETA,"0045,0065"
VALVERDE,MAO,AMINA (DM),ESC. PRIMARIA RURAL,PARAJE ENTRADA DE MAO,ENTRADA DE MAO,"0055,0056"
VALVERDE,MAO,AMINA (DM),ESC. PRIMARIA RURAL,PARAJE MARTINEZ,LOS MARTINES,57
VALVERDE,MAO,AMINA (DM),ESCUELA PRIMARIA RURAL,PARAJE LA AZUCARERA (BATEY AMINA),LA AZUCARERA ( BATEY AMINA),"0068,0089"
VALVERDE,MAO,JAIBON (DM),ESC. PRIMARIA RURAL,PARAJE GURABO AFUERA,GURABO AFUERA,"0037,0038,0082"
VALVERDE,MAO,JAIBON (DM),ESC. PRIMARIA RURAL,PARAJE LA YAGUA,LA YAGUA,"0041,0059"
VALVERDE,MAO,JAIBON (DM),LICEO JOSE FRANCISCO PEÑA GOMEZ,AVENIDA INDEPENDENCIA NO. 13,PUEBLO NUEVO O JAIBON,"0039,0039A,0040,0040A,0083,0087,0109"
VALVERDE,MAO,GUATAPANAL (DM),ESC. PRIMARIA RURAL,PARAJE REMATE,FININGA O EL REMATE,50
VALVERDE,MAO,GUATAPANAL (DM),ESC. PRIMARIA RURAL,PARAJE BORUCO JIMANAGAO,BORUCO (JINAMAGAO ABAJO),"0048,0048A,0048B,0096"
VALVERDE,MAO,GUATAPANAL (DM),ESC. PRIMARIA RURAL,PARAJE GUATAPANAL,GUATAPANAL,"0051,0051A,0081,0102"
VALVERDE,MAO,GUATAPANAL (DM),ESC. PRIMARIA RURAL,PARAJE JIMANAGAO ARRIBA,CUESTA BLANCA O JINAMAGAO ARRIBA,"0049,0049A"
VALVERDE,MAO,GUATAPANAL (DM),ESC. PRIMARIA RURAL,"PARAJE BAGUAZUMA, HATO VIEJO",BAGUAZUMA HATO VIEJO,52
VALVERDE,MAO,GUATAPANAL (DM),ESC. PRIMARIA RURAL,"PARAJE EL GUANAL, POTRERO",EL GUANAL O POTRERO,54
VALVERDE,MAO,GUATAPANAL (DM),ESC. PRIMARIA RURAL,PARAJE HIGUERITO PEÑUELA,HIGUERITO PEÑUELA O TABACAL,58
VALVERDE,MAO,GUATAPANAL (DM),ESCUELA PRIMARIA RURAL DE HUNDIDERA,CALLE PRINCIPAL S/N,HUNDIDERA,53
VALVERDE,LAGUNA SALADA,LAGUNA SALADA,ESCUELA PRIMARIA JACINTO DE LA CONCHA,CALLE JACINTO DE LA CON- CHA,JACINTO DE LA CON- CHA,"0003,0018,0018A,0024"
VALVERDE,LAGUNA SALADA,LAGUNA SALADA,LIC. SEC.ANTONIO GUZMAN FERNANDEZ,CALLE CAMILO RODRIGUEZ,CENTRO DE LA CIUDAD,"0001,0002,0004,0004A,0032"
VALVERDE,LAGUNA SALADA,LAGUNA SALADA,ESC PRIMARIA RURAL RANCHETE,PARAJE RANCHETE,RANCHETE,10
VALVERDE,LAGUNA SALADA,LAGUNA SALADA,ESC.PRIMARIA RURAL EL CARRIL ARRIBA,PARAJE EL CARRIL ARRIBA,EL CARRIL ARRIBA,11
VALVERDE,LAGUNA SALADA,LAGUNA SALADA,CENTRO COMUNAL,CALLE 30 DE MAYO NO. 33A,CENTRO DE LA CIUDAD,27
VALVERDE,LAGUNA SALADA,LAGUNA SALADA,ESCUELA MARIA ARACELIS MO- RONTA DOMINGUEZ,CALLE ISMAEL PERALTA PROXI- MO AL HOSPITAL,CENTRO DE LA CIUDAD,35
VALVERDE,LAGUNA SALADA,LAGUNA SALADA,ESCUELA PRIMARIA MARIA ARACE- LIS MORONTA DOMINGUEZ,CALLE ISMAEL PERALTA S/N PROX. AL HOSPITAL,CENTRO DE LA CIUDAD,"0017,0017A,0029"
VALVERDE,LAGUNA SALADA,JAIBÓN (DM),ESCUELA PRIMARIA DE JAIBON,CALLE DUARTE No.113,JAIBON,"0007,0007A,0008"
VALVERDE,LAGUNA SALADA,JAIBÓN (DM),ESCUELA PRIMARIA RURAL JOSE APOLINAR RODRIGUEZ,PARAJE JAIBON ABAJO,JAIBON ABAJO,25
VALVERDE,LAGUNA SALADA,JAIBÓN (DM),LICEO SECUNDARIO DE JAIBON,PARAJE JAIBON,JAIBON,"0009,0019,0019A,0031"
VALVERDE,LAGUNA SALADA,JAIBÓN (DM),ESCUELA PRIMARIA REVERENDO EDUVIGES AURELIO DIAZ NUÑEZ,"CALLE AURELIO DIAZ, JAIBON ARRIBA",JAIBON ARRIBA,36
VALVERDE,LAGUNA SALADA,LA CAYA (DM),ESCUELA PRIMARIA RURAL,PARAJE LA CAYA,LA CAYA,"0005,0006,0016,0030"
VALVERDE,LAGUNA SALADA,LA CAYA (DM),ESCUELA PRIMARIA RURAL,PARAJE PALO AMARILLO,PALO AMARILLO,26
VALVERDE,LAGUNA SALADA,CRUCE DE GUAYA- CANES (DM),ESC. PRIMARIA RURAL ARROYO DE AGUA,PARAJE ARROYO DE AGUA,ARROYO DE AGUA,"0012,0028"
VALVERDE,LAGUNA SALADA,CRUCE DE GUAYA- CANES (DM),ESCUELA PRIMARIA RURAL,PARAJE CRUCE DE GUAYA- CANES,CRUCE DE GUAYA- CANES,"0013,0014,0023,0034"
VALVERDE,LAGUNA SALADA,CRUCE DE GUAYA- CANES (DM),LICEO ALTAGRACIA VICTORIA CRE- SPO (ANT. LICEO GUAYACANES),PARAJE CRUCE DE GUAYA- CANES,GUAYACANES,"0020,0022,0033"
SAN JOSE DE OCOA,SAN JOSE DE OCOA,SAN JOSE DE OCOA,ESC. PRIM LUISA OZEMA PEL- LERANO,GRAL. CABRAL/IMBERT,CENTRO DE LA CIUDAD,"0005,0006,0008,0009,0010,0066,0066A,0074,0074A,0093,0095,0105"
SAN JOSE DE OCOA,SAN JOSE DE OCOA,SAN JOSE DE OCOA,ESCUELA NUEVA SANTA BAEZ,AVENIDA CANADA,CENTRO DE LA CIUDAD,"0011,0011A,0068,0073,0073A,0083,0094,0106"
SAN JOSE DE OCOA,SAN JOSE DE OCOA,SAN JOSE DE OCOA,LICEO JOSE NUÑEZ DE CACERES,AV CANADA/SAN JOSE,CENTRO DE LA CIUDAD,"0001,0001A,0002,0003,0003A,0004,0096,0107"
SAN JOSE DE OCOA,SAN JOSE DE OCOA,SAN JOSE DE OCOA,ESCUELA PRIMARIA RURAL,SECTOR RINCON DEL PINO,RINCON DEL PINO,34
SAN JOSE DE OCOA,SAN JOSE DE OCOA,SAN JOSE DE OCOA,ESCUELA PRIMARIA RURAL,PARAJE LAS CAOBAS,LAS CAOBAS,"0052,0081"
SAN JOSE DE OCOA,SAN JOSE DE OCOA,SAN JOSE DE OCOA,COMEDOR ECONOMICO,C/ AVE. CANADA ESQ. SISTER MA. SENCION,CENTRO DE LA CIUDAD,"0089,0099"
SAN JOSE DE OCOA,SAN JOSE DE OCOA,SAN JOSE DE OCOA,CENTRO EDUCATIVO BARRIO SAN LUIS,CALLE F NO. 52,SAN LUIS,"0101,0110"
SAN JOSE DE OCOA,SAN JOSE DE OCOA,SAN JOSE DE OCOA,ESCUELA BASICA SAN RAFAEL,C/ EUGENIO MARIA DE HOS- TOS NO. 14,SAN RAFAEL,"0103,0111"
SAN JOSE DE OCOA,SAN JOSE DE OCOA,SAN JOSE DE OCOA,COLEGIO FEDERICO FROEBEL,CALLE COLON NO. 27,CENTRO DE LA CIUDAD,"0007,0012,0067,0097"
SAN JOSE DE OCOA,SAN JOSE DE OCOA,SAN JOSE DE OCOA,ESCUELA IRMA BRITO,CALLE JOSE FRANCISCO SUBERO,CENTRO DE LA CIUDAD,"0013,0014,0015,0075,0075A,0082,0090,0098,0100,0108"
SAN JOSE DE OCOA,SAN JOSE DE OCOA,SAN JOSE DE OCOA,ESCUELA BASICA PROF. RAMONA LIRIANO HERNANDEZ,CALLE O,SAN ANTONIO,"0102,0115"
SAN JOSE DE OCOA,SAN JOSE DE OCOA,SAN JOSE DE OCOA,ESCUELA CENTRO EDUCATIVO CAÑADA DEL HORNO,CALLE SEGUNDA,NUESTRO ESFUERZO,112
SAN JOSE DE OCOA,SAN JOSE DE OCOA,SAN JOSE DE OCOA,COLEGIO NTRA. SRA. DE LA ALTAGRACIA,CALLE 16 DE AGOSTO N0. 136,CENTRO DE LA CIUDAD,"0088,0091,0092"
SAN JOSE DE OCOA,SAN JOSE DE OCOA,SAN JOSE DE OCOA,LICEO TV CENTRO LOS RANCHI- TOS,PARAJE LOS RANCHITOS,LOS RANCHITOS,113
SAN JOSE DE OCOA,SAN JOSE DE OCOA,SAN JOSE DE OCOA,ESCUELA BASICA LAS CLAVEL- LINAS,CALLE MANUEL EMILIO SAN- CHEZ ESQUINA RAMON REYES,LAS CLAVELLINAS,116
SAN JOSE DE OCOA,SAN JOSE DE OCOA,SAN JOSE DE OCOA,LICEO TÉCNICO JOSÉ NÚÑEZ DE CÁCERES,PARAJE ARROYO PALMA,ARROYO PALMA,"0051,0080"
SAN JOSE DE OCOA,SAN JOSE DE OCOA,SAN JOSE DE OCOA,ESCUELA BASICA EL LIMON,PARAJE EL LIMON,EL LIMON,117
SAN JOSE DE OCOA,SAN JOSE DE OCOA,LA CIENAGA (DM),ESCUELA PRIMARIA RURAL,PARAJE PALO DE CAJA,PALO DE CAJA,60
SAN JOSE DE OCOA,SAN JOSE DE OCOA,LA CIENAGA (DM),ESCUELA PRIMARIA RURAL,PARAJE LA CIENAGA,LA CIENAGA,"0022,0028,0029,0077"
SAN JOSE DE OCOA,SAN JOSE DE OCOA,LA CIENAGA (DM),ESCUELA PRIMARIA RURAL,PARAJE LOS ANONES,LOS ANONES,16
SAN JOSE DE OCOA,SAN JOSE DE OCOA,LA CIENAGA (DM),ESCUELA LA YAUTIA,PARAJE EL FIRME DEL ROSA- LITO,EL FIRME,"0059,0061"
SAN JOSE DE OCOA,SAN JOSE DE OCOA,LA CIENAGA (DM),ESCUELA PRIMARIA RURAL,PARAJE CAÑADA DEL BUEY,CAÑADA DEL BUEY,17
SAN JOSE DE OCOA,SAN JOSE DE OCOA,NIZAO-LAS AUYAMAS (DM),ESCUELA PRIMARIA RURAL,PARAJE LAS AUYAMAS,LAS AUYAMAS,"0040,0087"
SAN JOSE DE OCOA,SAN JOSE DE OCOA,NIZAO-LAS AUYAMAS (DM),ESCUELA PRIMARIA RURAL,PARAJE EL CALLEJON,EL CALLEJON,"0041,0045,0078"
SAN JOSE DE OCOA,SAN JOSE DE OCOA,NIZAO-LAS AUYAMAS (DM),ESCUELA PRIMARIA RURAL,PARAJE LOS MACOS,LOS MACOS,"0042,0070"
SAN JOSE DE OCOA,SAN JOSE DE OCOA,NIZAO-LAS AUYAMAS (DM),ESCUELA ARROYO SECO,SECCION CUMBRE,LA CUMBRE,44
SAN JOSE DE OCOA,SAN JOSE DE OCOA,EL PINAR (DM),ESCUELA PRIMARIA RURAL,PARAJE EL CERCADO,EL CERCADO,46
SAN JOSE DE OCOA,SAN JOSE DE OCOA,EL PINAR (DM),ESCUELA PRIMARIA RURAL,PARAJE EL PINAR,EL PINAR,"0047,0048,0079"
SAN JOSE DE OCOA,SAN JOSE DE OCOA,EL PINAR (DM),ESCUELA PRIMARIA RURAL,PARAJE LOS TRAMOJOS,LOS TRAMOJOS,"0049,0050,0109"
SAN JOSE DE OCOA,SAN JOSE DE OCOA,EL PINAR (DM),ESCUELA PRIMARIA RURAL,PARAJE LOS PALMARITOS LOS COROZOS,LOS PALMARITOS,104
SAN JOSE DE OCOA,SAN JOSE DE OCOA,EL NARANJAL (DM),ESCUELA PRIMARIA RURAL,PARAJE NARANJAL ARRIBA,NARANJAL,"0023,0024,0025,0114"
SAN JOSE DE OCOA,SAN JOSE DE OCOA,EL NARANJAL (DM),ESCUELA PRIMARIA RURAL,PARAJE PARRA,PARRA,"0027,0065,0084"
SAN JOSE DE OCOA,SAN JOSE DE OCOA,EL NARANJAL (DM),POLICLINICA OJO DE AGUA,PARAJE OJO DE AGUA. OJO DE AGUA,OJO DE AGUA,26
SAN JOSE DE OCOA,SABANA LARGA,SABANA LARGA,ESCUELA PRIMARIA RURAL,PARAJE LA CIENAGA,LA CIENAGA,32
SAN JOSE DE OCOA,SABANA LARGA,SABANA LARGA,ESCUELA PRIMARIA RURAL,PARAJE LA HORMA PUENTE,LA HORMA (PUENTE),"0033,0086"
SAN JOSE DE OCOA,SABANA LARGA,SABANA LARGA,ESCUELA PRIMARIA RURAL,PARAJE LOS ARROYOS,LOS ARROYOS,"0030,0031,0090"
SAN JOSE DE OCOA,SABANA LARGA,SABANA LARGA,ESCUELA PRIMARIA URBANA SABANA LARGA,CIUDAD,CENTRO DE LA CIUDAD,"0035,0036,0037,0038,0038A,0085"
SAN JOSE DE OCOA,SABANA LARGA,SABANA LARGA,CENTRO EDUCATIVO PROF. JOSE ALTAGRACIA CASTILLO,CALLE ELEODORO ENCARNA- CION,SABANA LARGA ABAJO,"0039,0088"
SAN JOSE DE OCOA,SABANA LARGA,SABANA LARGA,LICEO ANGEL EMILIO CASADO,CALLE DR. RAMON ARIAS NO. 1,CENTRO DE LA CIUDAD,"0087,0089,0091,0092"
SAN JOSE DE OCOA,SABANA LARGA,SABANA LARGA,ESCUELA BASICA LA FORTUNA,PARAJE LA BARRA,LA BARRA,93
SAN JOSE DE OCOA,SABANA LARGA,SABANA LARGA,ESCUELA BASICA ANGEL EMILIO CASADO,CALLE DR. RAFAEL ARIAS NO. 1,CENTRO DE LA CIUDAD,"0001,0069,0069A,0094"
SAN JOSE DE OCOA,RANCHO ARRIBA,RANCHO ARRIBA,ESCUELA PRIMARIA RURAL,PARAJE ARROYO BLANCO,ARROYO BLANCO,18
SAN JOSE DE OCOA,RANCHO ARRIBA,RANCHO ARRIBA,ESCUELA PRIMARIA RURAL,PARAJE ARROYO CAÑA,ARROYO CAÑA,"0019,0076"
SAN JOSE DE OCOA,RANCHO ARRIBA,RANCHO ARRIBA,ESCUELA PRIMARIA RURAL,PARAJE DERRUMBADERO DE MAHOMA,DERRUMBADERO DE MAHOMA,"0020,0063"
SAN JOSE DE OCOA,RANCHO ARRIBA,RANCHO ARRIBA,ESCUELA PRIMARIA RURAL,PARAJE JUAN LUIS,JUAN LUIS,"0001,0021,0064"
SAN JOSE DE OCOA,RANCHO ARRIBA,RANCHO ARRIBA,ESCUELA PRIMARIA RURAL,PARAJE LA MARCA,LA MARCA,43
SAN JOSE DE OCOA,RANCHO ARRIBA,RANCHO ARRIBA,ESCUELA PRIMARIA RURAL,PARAJE LAS AVISPAS,LAS AVISPAS,53
SAN JOSE DE OCOA,RANCHO ARRIBA,RANCHO ARRIBA,ESCUELA PRIMARIA URBANA,CALLE ESEQUIEL MEDINA CIUDAD,CENTRO DE LA CIUDAD,"0054,0055,0071"
SAN JOSE DE OCOA,RANCHO ARRIBA,RANCHO ARRIBA,ESCUELA PRIMARIA RURAL,PARAJE LOS QUEMADOS,LOS QUEMADOS,"0056,0057,0072"
SAN JOSE DE OCOA,RANCHO ARRIBA,RANCHO ARRIBA,ESCUELA PRIMARIA RURAL,PARAJE QUITA SUEÑO,QUITA SUEÑO,58
SAN JOSE DE OCOA,RANCHO ARRIBA,RANCHO ARRIBA,ESCUELA PRIMARIA RURAL,PARAJE MONTE NEGRO,MONTE NEGRO,77
SAN JOSE DE OCOA,RANCHO ARRIBA,RANCHO ARRIBA,ESCUELA PRIMARIA RURAL,"PARAJE LA VIGIA, LA VIGIA",LA VIGIA,62
SANTO DOMINGO,SANTO DOMINGO ESTE,SANTO DOMINGO ESTE,COLEG. NTRA. SRA. DEL ROSARIO DE FATIMA,"CALLE L,","INVI, LOS MINA","0993,0993A,0993B,0994,0994A,0995,0995A,0996,0996A,1323,1323A,1406,1406A,1568,1718,1774,1875,1921,1994,2215"
SANTO DOMINGO,SANTO DOMINGO ESTE,SANTO DOMINGO ESTE,ESCUELA PRIMARIA ALTAGRACIA,CALLE 47 ESQ. R. 2,"KATANGA, LOS MINA","0950,0950A,0951,0951A,0952,0952A,0953,0953A,1339,1339A,1558,1559"
SANTO DOMINGO,SANTO DOMINGO ESTE,SANTO DOMINGO ESTE,COMEDOR ECONOMICO,SAN VICENTE DE PAUL/ES- TRELLA UREÑA,LOS MINA NUEVO,"1315,1315A,1328,1328A,2099"
SANTO DOMINGO,SANTO DOMINGO ESTE,SANTO DOMINGO ESTE,COLEGIO MAX HENRIQUEZ UREÑA,STA. LUCIA DE MARILLAC/G. DEL ORBE,"KATANGA, LOS MINA","0930,0930A,0954,0954A,0954B,0955,0955A,0956,0956A,1842,2052"
SANTO DOMINGO,SANTO DOMINGO ESTE,SANTO DOMINGO ESTE,ESCUELA PRIMARIA SAN ANTONIO,CALLE ESCOLAR ESQ. JOSE FELIU,Vietnam ( San Lorenzo de Los Minas ),"0957,0957A,0958,0958A,0959,0959A,0960,0960A,0960B,0960C,1946,2053"
SANTO DOMINGO,SANTO DOMINGO ESTE,SANTO DOMINGO ESTE,ESC. PRIMARIA LABORAL PROF. C. CANARIO,C/CENTRAL ESQ. 6,CANCINO 1ERO,"0961,0961A,0962,0962A,1322,1322A,1387,1387A,1427,1427A,1427B,1843,1899,2047,2054,2263"
SANTO DOMINGO,SANTO DOMINGO ESTE,SANTO DOMINGO ESTE,COLEGIO EVANGELICO PARRO- QUIAL,AV. ESPAÑA 121/AV. LAS AMER- ICAS,VILLA DUARTE,"1002,1002A,1003,1003A,1003B,1571,1804,2055"
SANTO DOMINGO,SANTO DOMINGO ESTE,SANTO DOMINGO ESTE,ESCUELA BASICA SAN JUAN,C/ 1RA. ESQ. ALONZO DE ZORITA,"MAQUITERIA, VILLA DUARTE","1053,1053A,1054,1054A,1057,1057A,1058,1058A,1059,1059A,1060,1060A,1683"
SANTO DOMINGO,SANTO DOMINGO ESTE,SANTO DOMINGO ESTE,HOSPITAL DR. DARIO CONTRERAS,AV. LAS AMERICAS,ALMA ROSA,"0992,0992A,1051,1051A,1052,1052A,1055,1055A,1055B,1056,1056A,1567,1567A"
SANTO DOMINGO,SANTO DOMINGO ESTE,SANTO DOMINGO ESTE,COLEGIO CARDENAL SANCHA,CALLE RAMON CASTILLO NO. 178 ESQ. COSTA RICA,ALMA ROSA I,"1297,1297A,1297B,1297C,1297D,1297E,1297F,1297G,1297H,1297I,1297K,2046,2056,2141,2193,2248,2264,2356"
SANTO DOMINGO,SANTO DOMINGO ESTE,SANTO DOMINGO ESTE,COLEGIO SAN FRANCISCO DE ASIS,AV: SABANA LARGA NO. 13 ESQ. CLUB ROTARIO,ALMA ROSA,"0985,0985A,0986,0986A,0987,0987A,0988,0988A,0989,0989A,0990,0990A,0990B,0991,0991A,1295,1295A,1564,1947,2002,2118,2194,2265"
SANTO DOMINGO,SANTO DOMINGO ESTE,SANTO DOMINGO ESTE,CENTRO EDUCATIVO ISABELITA LA,CALLE B #60,ISABELITA,"1413,1413A,1413B,1413C,1823,1970,2057,2266"
SANTO DOMINGO,SANTO DOMINGO ESTE,SANTO DOMINGO ESTE,ESCUELA BASICA PROF. ESCO- LASTICA PAEZ,CALLE 1RA. ESQ. 12,ISABELITA,"1070,1070A,1070B,1070C,1070D,1070E,1070F,1070G,1971,2126,2249,2267"
SANTO DOMINGO,SANTO DOMINGO ESTE,SANTO DOMINGO ESTE,COLEGIO PURISIMA CONCEPCION,CALLE OCTAVIO MEJIA RICART NO. 69,OZAMA,"0981,0981A,0982,0983,0983A,2268"
SANTO DOMINGO,SANTO DOMINGO ESTE,SANTO DOMINGO ESTE,COLEGIO SAN MARTIN DE POR- RES,CALLE LEOVILDA DEL VILLAR NO. 8( ANTIGUA MAYAGUEZ),OZAMA,"0973,0973A,0973B,0974,0974A,0975,0975A,1562"
SANTO DOMINGO,SANTO DOMINGO ESTE,SANTO DOMINGO ESTE,ESCUELA REPUBLICA DE PANAMA,AVENIDA VENEZUELA NO. 71,OZAMA,"0976,0976A,0977,0977A,0977B,0978,0978A,0978B,0979,0979A,0979B,0980,0980A,1294,1294A,1563,1563A,2058"
SANTO DOMINGO,SANTO DOMINGO ESTE,SANTO DOMINGO ESTE,EST.BOMBEROS CIVILES NO.2,CALLE LEOVILDA DEL VILLAR ESQ. OCTAVIO MEJIA RICARD NO. 26,OZAMA,"0969,0969A,0970,0970A,1561"
SANTO DOMINGO,SANTO DOMINGO ESTE,SANTO DOMINGO ESTE,JUZGADO DE PAZ DE LA 4TA CIRC.,"CALLE HERMANAS CARMELI- TAS, TERESA DE SAN JOSE",OZAMA,"0967,0968,0968A"
SANTO DOMINGO,SANTO DOMINGO ESTE,SANTO DOMINGO ESTE,POLICLINICA ZONA E IDSS,CALLE MASONERIA NO. 30,OZAMA,"0984,0984A,0984B"
SANTO DOMINGO,SANTO DOMINGO ESTE,SANTO DOMINGO ESTE,COLEGIO SAN VICENTE DE PAUL,AVENIDA SAN VICENTE DE PAUL NO. 153,"KATANGA, LOS MINA","0928,0928A,0928B,0928C,0929,0929A,0935,0935A,0936,0936A,0937,0937A,0938,0938A,0939,0939A,0940,0940A,0941,0941A,0942,0942A,0943,0943A,0944,0944A,0945,0945A,0946,0946A,0947,0947A,0947B"
SANTO DOMINGO,SANTO DOMINGO ESTE,SANTO DOMINGO ESTE,COLEGIO LA MILAGROSA,5 A.ESQ.3 D.NO.27,LA MILAGROSA,"0867,0867A,0868,0868A,0869,0869A,0870,0870A,0870B,0871,0871A,0872,0872A,0873,0873A,1547"
SANTO DOMINGO,SANTO DOMINGO ESTE,SANTO DOMINGO ESTE,COLEGIO MANUEL UBALDO GOMEZ,FRANCISCO ALBERTO CAAMAÑO NO.96,LOS TRES BRAZOS ( SAN LORENZO DE LOS MINA ),"1374,1374A,1374B,1662,1662A,1948"
SANTO DOMINGO,SANTO DOMINGO ESTE,SANTO DOMINGO ESTE,OF. DE METEOROLOGIA,C. JUAN MOLINE ANT.4 NO.28,LOS MAMEYES,"1068,1068A,1068B,1068C,1068D,1386,1386A,1386B,1386C,1386D,1386E,1386F,1816,2001,2142"
SANTO DOMINGO,SANTO DOMINGO ESTE,SANTO DOMINGO ESTE,COLEGIO CRISTO REDENTOR,CALLE MARCOS DEL ROSARIO NO. 50,LOS MINA NUEVO,"0886,0886A,0887,0887A,0892,0893,0893A,1551"
SANTO DOMINGO,SANTO DOMINGO ESTE,SANTO DOMINGO ESTE,COLEGIO SAN MARCOS,MARCOS DEL ROSARIO 52,LOS MINA NUEVO,"0890,0890A,0891,0891A,1552"
SANTO DOMINGO,SANTO DOMINGO ESTE,SANTO DOMINGO ESTE,CENTRO ED. VIRGEN DE LA ALTA- GRACIA,PROLONGACION VENEZUELA,LOS MINA NUEVO,"0883,0883A,0883B,0884,0884A,0885,0885A,0885B,0894,0894A,0894B,1321,1321A,1321B,1341,1341A,1549,1550,2269"
SANTO DOMINGO,SANTO DOMINGO ESTE,SANTO DOMINGO ESTE,ESC. PRIMARIA JUAN BAUTISTA ZAFRA,ROSA DUARTE ESQ. ALTAGRA- CIA,LOS MINA NUEVO,"0880,0880A,0895,0895A,0896,0896A,0897,0897A,0898,0898A,0899,0899A,0900,0900A,0901,0901A,0902,0902A,0903,0903A,0904,0904A,0904B,0905,0905A,0906,0906A,1553,1554"
SANTO DOMINGO,SANTO DOMINGO ESTE,SANTO DOMINGO ESTE,ESC.PRIMARIA ELVIRA DE MEN- DOZA,AV: VENEZUELA CASI SAN VICENTE DE PAUL,LOS MINA VIEJO,"0927,0927A,0927B,1950,2270"
SANTO DOMINGO,SANTO DOMINGO ESTE,SANTO DOMINGO ESTE,LICEO RAMON EMILIO JIMENEZ,CALLE Ñ ESQ. HORACIO ORTIZ ALVAREZ,LOS MINA NUEVO,"0911,0911A,0912,0912A,0913,0913A,0914,0914A,0915,0915A,0916,0916A,0917,0917A,0917B,0918,0918A,0918B,0919,0919A,0920,0920A,0921,0921A,0922,0922A,0923,0923A,0924,0925,0925A"
SANTO DOMINGO,SANTO DOMINGO ESTE,SANTO DOMINGO ESTE,INST.POLITECNICO PROF.PILAR CONSTANZO,"CALLE REAL CASI ESQ. OLE- GARIO VARGAS , MIRADOR EST",Los Molinos(Villa Duarte),"1035,1035A,1035B,1036,1037,1037A,1038,1038A,1038B,1039,1039A,1573"
SANTO DOMINGO,SANTO DOMINGO ESTE,SANTO DOMINGO ESTE,ESC PRIM. E INT PROF DGO. MORENO JIMENEZ,"CALLE ACAPULCO NO. 2,",LOS TRES BRAZOS ( SAN LORENZO DE LOS MINA ),"1399,1399A,1399B,1399D,1419,1419A,1419B,1432,1432A,1557,1557A,1557B,1656,1659,1663,1663A,1663B,1845,1901,2060,2271"
SANTO DOMINGO,SANTO DOMINGO ESTE,SANTO DOMINGO ESTE,CENTRO EDUC. UNIVERSO PRIM- ERO,CALLE PRIMERA NO. 332-B,"MAQUITERIA, VILLA DUARTE","1061,1061A,1846,2081"
SANTO DOMINGO,SANTO DOMINGO ESTE,SANTO DOMINGO ESTE,ESCUELA SANTA ISABEL,"CALLE COLON NO. 1, SIMON- ICO",VILLA DUARTE,"1034,1034A,1042,1042A,1043,1044,1044A,1045,1045A,1046,1046A,1047,1047A,1048,1048A"
SANTO DOMINGO,SANTO DOMINGO ESTE,SANTO DOMINGO ESTE,CENTRO EDUCATIVO JUAN FELIX PEPEN,CARR. MELLA KM. 10 1/2,EL TAMARINDO,"1411,1411A,1437,1437A,1438,1438A,1439,1439A,1439B,1847,2094"
SANTO DOMINGO,SANTO DOMINGO ESTE,SANTO DOMINGO ESTE,ESCUELA BASICA LA UREÑA,"CALLE ANTONIO GUZMAN NO. 2, KM. 19, AUT. LAS AMERI",LA UREÑA,"1178,1178A,1612,1612A,1612B,1817,1848,2029,2097,2216,2357"
SANTO DOMINGO,SANTO DOMINGO ESTE,SANTO DOMINGO ESTE,ESCUELA PRIMARIA PUERTO RICO,"C/5TA. ESQ. C/1RA. NO. 1/URB. MOISES, LOS MINA",PUERTO RICO,"0931,0931A,0931B,0933,0933A,0934,0934A,0934B,1851,1903,2103,2275"
SANTO DOMINGO,SANTO DOMINGO ESTE,SANTO DOMINGO ESTE,ESCUELA RAMON MATIAS MELLA,"CALLE 2DA. ESQ. 25,",OZAMA,"0963,0963A,0964,0964A,0964B,0965,0965A,0966,0966A,1560"
SANTO DOMINGO,SANTO DOMINGO ESTE,SANTO DOMINGO ESTE,ESCUELA PRIMARIA SANTIAGO HIRUJO SOSA,PARAJE CANCINO ADENTRO,CANCINO ADENTRO,"1192,1192A,1192B,1192C,1325,1325A,1325B,1658,1658A,1658B,1826,1852,2030,2106,2195,2276"
SANTO DOMINGO,SANTO DOMINGO ESTE,SANTO DOMINGO ESTE,ESCUELA PRIMARIA SAN JOSE,CARRETERA SAN JOSE DE MENDOZA NO. 255,San Jose de Mendoza,"1177,1177A,1177B,1177C,1177D,1473,1473A,1473B,1475,1475A,1475B,1475C,1476,1476A,1476B,1611,1611A,1611B,1611C,1611D,1854,1905,2026,2176,2277,2365"
SANTO DOMINGO,SANTO DOMINGO ESTE,SANTO DOMINGO ESTE,COLEGIO DIVINA PROVIDENCIA,C/ENTRADA MANDINGA 319,"MANDINGA ADENTRO, VILLA FARO","1173,1173A,1610,2024,2335"
SANTO DOMINGO,SANTO DOMINGO ESTE,SANTO DOMINGO ESTE,COLEGIO VILLA CARMEN,"C/2 NO.480 V. CARMEN, SAN J DE MENDOZA",VILLA CARMEN I,"1174,1174A,1174B,1174C,1174D,1174E,1174L,1174M"
SANTO DOMINGO,SANTO DOMINGO ESTE,SANTO DOMINGO ESTE,ESC. PROF. LIC. LILLIAN PORTALA- TIN SOSA,"EDIF. NO.7, MANZ.4705, BARRIO INVIVIENDA",INVIVIENDA,"1469,1469A,1469B,1469C,1469D,1469E,1471,1471A,1471B,1472,1472A,1472B,1472C,1828,1856,1907,2033,2117,2144,2197,2252,2336"
SANTO DOMINGO,SANTO DOMINGO ESTE,SANTO DOMINGO ESTE,ESCUELA PRIMARIA RURAL BELICE,AV. CHARLES DE GAULLE PARAJE LOS TRINITARIOS,LOS TRINITARIOS,"1169,1169A,1169B,1169C,1170,1170A,1170B,1170D,1171,1171A,1171B,1171C,1301,1301A,1301B,1319,1319A,1319B,1319C,1319D,1378,1378A,1378B,1378C,1398,1398A,1398B,1428,1428A,1428B,1607,1607A"
SANTO DOMINGO,SANTO DOMINGO ESTE,SANTO DOMINGO ESTE,ESCUELA PRIMARIA RURAL,PARAJE LA GRUA,LA GRUA,"1172,1172A,1609"
SANTO DOMINGO,SANTO DOMINGO ESTE,SANTO DOMINGO ESTE,PARROQUIA EPIFANIA DEL SEÑOR,CALLE 20 ESQ. CALLE 4,VILLA CARMEN,"1175,1175A,1175B,1176,1176A,1474,1474A,1474B,1908,2028,2034"
SANTO DOMINGO,SANTO DOMINGO ESTE,SANTO DOMINGO ESTE,CLUB EL ROSAL,ROTONDA CENTRAL,EL ROSAL,"1565,1565A,1565B,1566,1566A,1811,1909,2037,2096,2178,2337"
SANTO DOMINGO,SANTO DOMINGO ESTE,SANTO DOMINGO ESTE,ESC. PRIMARIA PATRIA MELLA,AV. LAS AMERICAS,"VILLA OLIMPICA, ALMA ROSA","1296,1296A,1296B,1296C,1296D,1408,1408A,1408B,1408C,1799,1829,1857,1910,1974,2062,2145,2279"
SANTO DOMINGO,SANTO DOMINGO ESTE,SANTO DOMINGO ESTE,ESCUELA BASICA SOCORRO SANCHEZ,CALLE MARIA TRINIDAD SAN- CHEZ NO. 5,VILLA DUARTE,"1004,1004A,1005,1005A,1006,1006A,1007,1007A,1007B,1008,1008A,1009,1009A,1010,1010A,1011,1011A,1013,1013A,1014,1014A,1032,1032A,1033,1033A,1572,1572A"
SANTO DOMINGO,SANTO DOMINGO ESTE,SANTO DOMINGO ESTE,POLITECNICO MA. DE LA ALTA- GRACIA,CALLE ULISES HEUREAUX NO. 16,VILLA DUARTE,"1012,1012A,1012B,1015,1015A,1016,1016A,1017,1017A,1018,1018A,1019,1019A,1020,1020A,1021,1021A,1022,1022A,1023,1023A,1024,1024A,1025,1025A,1030,1031,2064"
SANTO DOMINGO,SANTO DOMINGO ESTE,SANTO DOMINGO ESTE,COLEGIO HOGAR MASONICO JAIME MANUEL FERNANDEZ,CALLE 4TA.NO.131C.MENDOZA,VILLA FARO,"0997,0997A,0997B,0997C,0997D,0997E,0998,0998A,0998B,0998C,0999,0999A,0999B,0999C,0999D,1298,1298A,1298B,1975,2124,2179,2280"
SANTO DOMINGO,SANTO DOMINGO ESTE,SANTO DOMINGO ESTE,ESCUELA PRIMARIA LA ABEJITA,"C/ 1ERA, RIVERA DEL OZAMA",RIVIERA DEL OZAMA,"1673,1858,1990,2146"
SANTO DOMINGO,SANTO DOMINGO ESTE,SANTO DOMINGO ESTE,ESCUELA BASICA OTTO MARTINEZ,"C/ 1ERA, MIRADOR DEL OZAMA",MIRADOR OZAMA,"1674,1674A,1674B,1859,2036,2075,2338"
SANTO DOMINGO,SANTO DOMINGO ESTE,SANTO DOMINGO ESTE,ESCUELA SANTO TOMAS DE AQUINO,CALLE DIAGONAL A NO. 2,LOS TRES BRAZOS ( SAN LORENZO DE LOS MINA ),"1379,1379A,1379B,1556,1556A,1556B,1682,1806,1830,1911,2093,2281"
SANTO DOMINGO,SANTO DOMINGO ESTE,SANTO DOMINGO ESTE,COLEGIO CRISTO DE LOS MILA- GROS,C/CARLOS MORENO NO. 4/LOS TRINITARIOS,LOS TRINITARIOS,"1305,1305A,1305B,1305C,1696,1752,1953,1984,2042,2113,2180,2218,2318"
SANTO DOMINGO,SANTO DOMINGO ESTE,SANTO DOMINGO ESTE,LICEO EUGENIO MARIA DE HOS- TOS,CALLE PUERTO RICO # 131 ESQ. 10,ALMA ROSA,"1392,1392A,1392B,1392C,1392D,1392E,1392F,1392G,1569,1569A,1569B,1860,1912,1973,2063,2147,2339"
SANTO DOMINGO,SANTO DOMINGO ESTE,SANTO DOMINGO ESTE,CENTRO EDUCATIVO NIÑO KEYTEL,CALLE 9 #399,VILLA CARMEN,"1174F,1174G,1174H,1174I,1174J,1174K,1954,2035,2109"
SANTO DOMINGO,SANTO DOMINGO ESTE,SANTO DOMINGO ESTE,ESCUELA BASICA DE NICARAGUA,CALLE PIET 4TA ETAPA,CIUDAD DEL ALMIRAN- TE,"1675,1675A,1675B,1675C,1675D,1675E,1675F,1675G,1675H,1831,1861,1986,2089,2283"
SANTO DOMINGO,SANTO DOMINGO ESTE,SANTO DOMINGO ESTE,ESCUELA BASICA FERNANDO ALBERTO DEFILLO,CALLE MONICA #30,"LOS FRAILES, KM. 10","1385,1385A,1385B,1385C,1385D,1385E,1385F,1385G,1613,1613A,1613B,1613C,1670,1670A,1670B,1670C,1862,1913,2148,2253,2284"
SANTO DOMINGO,SANTO DOMINGO ESTE,SANTO DOMINGO ESTE,ESCUELA GENERAL GREGORIO LUPERON,CALLE 4TA. ESQ H,RALMA,"1000,1000A,1000B,1000C,1000D,1331,1331A,1331B,1383,1383A,1664,1664A,1664B,1664C,1727,1755,1789,1818,1832,2021,2043,2105,2149,2163,2285"
SANTO DOMINGO,SANTO DOMINGO ESTE,SANTO DOMINGO ESTE,ESCUELA PARROQUIA FE Y ALEGRIA,CALLE 4TA.,LOS MAMEYES,"1397,1397A,1397B,1397C,1576,1576A,1576B,1665,1665A,2003,2181,2286"
SANTO DOMINGO,SANTO DOMINGO ESTE,SANTO DOMINGO ESTE,CENTRO EDUCATIVO ALMA ROSA CHOTHEN,C/PENETRACION NO. 10,SAVICA DE MENDOZA,"1001,1001A,1001B,1001C,1647,1647A,1819,1863,1955,2065"
SANTO DOMINGO,SANTO DOMINGO ESTE,SANTO DOMINGO ESTE,ESCUELA RAFAEL DE LA ROSA LARA,CALLE JUAN PABLO DUARTE ESQ. MARCO DEL ROSARIO,LOS MINA NUEVO,"0888,0888A,0889,0889A,0909,0909A,0910,0910A,0910B"
SANTO DOMINGO,SANTO DOMINGO ESTE,SANTO DOMINGO ESTE,LICEO PROFESOR SIMON OROZ- CO,CALLE ANTONIO GUZMAN,INVIVIENDA,"1470,1470A,1470B,1470C,1470D,1470E,1470F,1608,1608A,1608B,1608C,1608D,1608E,1820,1833,1864,1914,2049,2104,2182,2287,2366"
SANTO DOMINGO,SANTO DOMINGO ESTE,SANTO DOMINGO ESTE,COLEGIO TIRSO DE MOLINA,CARRETERA DE MENDOZA NO. 152,VILLA FARO,"1409,1409A,1409B,1570,1570A,1570B,1570C,2254,2367"
SANTO DOMINGO,SANTO DOMINGO ESTE,SANTO DOMINGO ESTE,ESCUELA INMACULADA FE Y ALEGRIA,RESP. MANUELA DIEZ NO. 39,"BARRIO NUEVO, LOS FRAILES","1685,1731,1767,1865,1916,2048,2131,2150,2219,2288,2358"
SANTO DOMINGO,SANTO DOMINGO ESTE,SANTO DOMINGO ESTE,ESCUELA PRIMARIA BRISAS DEL ESTE,CALLE DUARTE NO. 10 ESQ. CALLE 7,BRISAS DEL ESTE,"1710,1732,1768,1956,1998,2127,2151,2220"
SANTO DOMINGO,SANTO DOMINGO ESTE,SANTO DOMINGO ESTE,CENTRO DE ESTUDIOS JEHOVA ES MI PROVEEDOR,C/ JOSE GONZALEZ ESQ. C/ 1RA.,CANCINO ADENTRO,"1695,1751,1866,2032,2198,2289"
SANTO DOMINGO,SANTO DOMINGO ESTE,SANTO DOMINGO ESTE,ESCUELA BASICA DR. JOSE FCO. PEÑA GOMEZ,AV. LA PISTA,EL ALMIRANTE,"1712,1733,1769,1834,1867,1917,1957,1976,2066,2091,2152,2199,2221,2290"
SANTO DOMINGO,SANTO DOMINGO ESTE,SANTO DOMINGO ESTE,CENTRO EDUCATIVO JIMENEZ DE LOS SANTOS,C/ 7 ESQ. 10 NO. 9,ISABELITA,"1699,1734,1770,1868,1918,2031,2084"
SANTO DOMINGO,SANTO DOMINGO ESTE,SANTO DOMINGO ESTE,CLUB DEPORTIVO Y CULTURAL OZAMA (MERLIN),C/ PDTE. VASQUEZ ESQ. JUAN GOICO ALIX,OZAMA,"0971,0971A,0972,0972A,1714,1869,2038,2183"
SANTO DOMINGO,SANTO DOMINGO ESTE,SANTO DOMINGO ESTE,ESCUELA BASICA ENRIQUILLO,"AVE. LA PISTA, KM. 11",HAINAMOSA,"1701,1736,1796,1835,1871,1978,2135,2154,2222,2291,2359"
SANTO DOMINGO,SANTO DOMINGO ESTE,SANTO DOMINGO ESTE,CENTRO EDUCATIVO INVI RONDA,"C/ JOSE FCO. PEÑA GOMEZ NO. 4, MANZ. 4714",INVIVIENDA,"1688,1737,1772,1872,1920,2041,2223,2292"
SANTO DOMINGO,SANTO DOMINGO ESTE,SANTO DOMINGO ESTE,COLEGIO LA PROBIDAD,PROLONG. AVE. VENEZUELA NO. 2,JARDINES DEL OZAMA,"1689,1773,2010,2256"
SANTO DOMINGO,SANTO DOMINGO ESTE,SANTO DOMINGO ESTE,CENTRO DE EDUC. ESPECIAL SAN LORENZO DE LOS MINA,C/ ARZOBISPO FERNANDEZ DE NAVARRETE NO. 200,"KATANGA, LOS MINA","0932,0932A,0932B,0932C,0932D,1715,1873,2077,2143,2274"
SANTO DOMINGO,SANTO DOMINGO ESTE,SANTO DOMINGO ESTE,ESCUELA BASICA PUEBLO NUEVO,C/ MARIA T. SANCHEZ NO. 47,LA MILAGROSA,"1691,1716,1874,1993,2009"
SANTO DOMINGO,SANTO DOMINGO ESTE,SANTO DOMINGO ESTE,ESCUELA BASICA LOS ALIFONZOS,PROLONG. CARRET. MENDOZA,LOS ALIFONZOS,"1692,1995"
SANTO DOMINGO,SANTO DOMINGO ESTE,SANTO DOMINGO ESTE,CENTRO PARA LA EDUCACION DOMINICA,C/ ESTRELLA DEL ORIENTE ESQ. VERBO DE DIOS,"LAS CANCELAS, LAS AMERICAS","1719,1775,1958,2008,2111,2293"
SANTO DOMINGO,SANTO DOMINGO ESTE,SANTO DOMINGO ESTE,LICEO SAN JOSE,C/ 11 DE SEPTIEMBRE ESQ. CENTRAL,LOS FRAILES II,"1720,1738,1776,1836,1876,2011,2116,2155,2224,2319,2340"
SANTO DOMINGO,SANTO DOMINGO ESTE,SANTO DOMINGO ESTE,ESCUELA PRIMARIA CELINA PELLIER,AVE. 25 DE ENERO ESQ. C/ 4TA,LOS MAMEYES,"1693,1739,1762,1807,1837,1877,1922,1959,1980,2067,2156,2201,2257"
SANTO DOMINGO,SANTO DOMINGO ESTE,SANTO DOMINGO ESTE,LICEO POLITECNICO FABIO AM- ABLE MOTA,PROLONG. AVE. VENEZUELA NO. 2,LOS MINA VIEJO,"0881,0881A,0882,0882A,1694,1777,1923,1987"
SANTO DOMINGO,SANTO DOMINGO ESTE,SANTO DOMINGO ESTE,COLEGIO INSTITUTO TAIWAN,C/ DUARTE ESQ. 12,"LOS SOLARES, EL ALMIRANTE","1721,1740,1778,1878,1924,2007,2120,2157,2225,2294"
SANTO DOMINGO,SANTO DOMINGO ESTE,SANTO DOMINGO ESTE,CENTRO EDUCATIVO CLAREN LEHMAN,C/ SATURNO NO. 10,LOS TRES OJOS ( VILLA DUARTE ),"1686,1779,2039,2202,2295"
SANTO DOMINGO,SANTO DOMINGO ESTE,SANTO DOMINGO ESTE,COLEGIO VICTOR MANUEL,"C/ 10W ESQ. 5W, KM 81/2 CAR- RET. MELLA",LUCERNA,"1687,1741,1780,1838,1879,1925,2006,2133,2158,2203,2226,2296,2341,2360"
SANTO DOMINGO,SANTO DOMINGO ESTE,SANTO DOMINGO ESTE,ESCUELA JOHN F. KENNEDY,RESP. DUARTE NO. 1 ESQ. DUARTE,"PROY. JOHN F. KENNE- DY, EL TAMARINDO","1723,1781,1880,2004,2078,2184,2227,2320"
SANTO DOMINGO,SANTO DOMINGO ESTE,SANTO DOMINGO ESTE,ESCUELA BASICA FRAY BAR- TOLOME DE LAS CASAS,CALLE 4 DE AGOSTO ESQ. CALLE 1RA.,"SAN BARTOLO, LOS FRAILES","1725,1743,1783,1882,1960,2050,2114,2185,2229"
SANTO DOMINGO,SANTO DOMINGO ESTE,SANTO DOMINGO ESTE,CLUB DEPORTIVO SAN JOSE DE MENDOZA,CARRET. DE MENDOZA,San Jose de Mendoza,"1708,1745,1785,1927,1961,2040,2068,2161,2204,2230,2298"
SANTO DOMINGO,SANTO DOMINGO ESTE,SANTO DOMINGO ESTE,GUARDERIA INFANTIL MADRE PETRA UREÑA,C/ 1RA. NO. 3,LOS PRADOS DEL CACHON,"1705,1754,1788,1928,2000,2087,2162,2232,2343"
SANTO DOMINGO,SANTO DOMINGO ESTE,SANTO DOMINGO ESTE,ESCUELA PRIM. SANTO CRISTO DE LOS MILAGROS,C/ FRAY BARTOLOME DE LAS CASAS NO. 166,Vietnam ( San Lorenzo de Los Minas ),"1704,1790,1999"
SANTO DOMINGO,SANTO DOMINGO ESTE,SANTO DOMINGO ESTE,ESCUELA PRIMARIA SAN JOAQUIN,C/ ANTONIO ABAD ALFAU ESQ. CENTRAL,Vietnam ( San Lorenzo de Los Minas ),"1703,1791,1962,2086"
SANTO DOMINGO,SANTO DOMINGO ESTE,SANTO DOMINGO ESTE,ESCUELA BASICA DEMETRIO BETANCES,"C/ 21 DE ENERO NO. 01, SIMONICO",VILLA DUARTE,"1040,1040A,1041,1041A,1574,1702,2020"
SANTO DOMINGO,SANTO DOMINGO ESTE,SANTO DOMINGO ESTE,ESCUELA PDTE. ANTONIO GUZ- MAN FERNANDEZ,C/ FRANCISCO ALBERTO CAAMAÑO DEÑO NO. 75,"VILLA ESFUERZO, EL ALMIRANTE","1729,1747,1797,1883,1929,2019,2123,2164,2233"
SANTO DOMINGO,SANTO DOMINGO ESTE,SANTO DOMINGO ESTE,ESCUELA DE EDUCACION BASICA JAPON,FRENTE A LA MANZ. NO. 23,"VILLA LIBERACION, EL TAMARINDO","1730,1748,1763,1765,1812,1839,1884,1930,2018,2129,2165,2205,2258,2361"
SANTO DOMINGO,SANTO DOMINGO ESTE,SANTO DOMINGO ESTE,CENTRO EDUCATIVO SANTA MARIA,CALLE 5TA NO. 90,VILLA FARO,"0001,1749,1764,1798,2044,2092,2206,2300"
SANTO DOMINGO,SANTO DOMINGO ESTE,SANTO DOMINGO ESTE,COLEGIO PROFESOR PEGUERO,CALLE AMAURY ARISTY ESQ. EL SEYBO NO. 14,LOS FRAILES II,"1757,1793,1931,2012,2082,2234,2322"
SANTO DOMINGO,SANTO DOMINGO ESTE,SANTO DOMINGO ESTE,MULTIUSO BRISAS DEL EDEN,AVE. EL PROGRESO ESQ. ORLANDO MARTINEZ,BRISA DEL EDEN,"1758,1840,1885,2138"
SANTO DOMINGO,SANTO DOMINGO ESTE,SANTO DOMINGO ESTE,COLEGIO MARTIN LUTER KING,CALLE 34 ESQUINA CALLE 1,"TROPICAL DEL ESTE, LAS AMERICAS","1760,1886,1989,2088,2207,2344"
SANTO DOMINGO,SANTO DOMINGO ESTE,SANTO DOMINGO ESTE,ESCUELA BASICA 24 DE ABRIL,CALLE 8 NO. 02,BRISAS DEL ESTE,"1801,1802,1803,2070,2136,2186,2208,2235,2301"
SANTO DOMINGO,SANTO DOMINGO ESTE,SANTO DOMINGO ESTE,ESCUELA BASICA LA MILAGROSA,CALLE 4TA. # 6,"LAS CANCELAS, LAS AMERICAS","1717,1808,1932,2071,2236"
SANTO DOMINGO,SANTO DOMINGO ESTE,SANTO DOMINGO ESTE,CLUB EL BRISAL,MANZANA 27 #5 CARRETERA MELLA KLM. 7 1/2,EL BRISAL,"1813,1895,1982,2107,2187,2302"
SANTO DOMINGO,SANTO DOMINGO ESTE,SANTO DOMINGO ESTE,ESCUELA GUARDERIA DAMAS DIPLOMATICAS,CALLE LOPEZ DE VEGA ESQUI- NA SIMON BOLIVAR,LOS TRES BRAZOS ( SAN LORENZO DE LOS MINA ),"1814,2209"
SANTO DOMINGO,SANTO DOMINGO ESTE,SANTO DOMINGO ESTE,ESCUELA BASICA PIKI LORA,CALLE JUAN LOPEZ ESQUINA HATUEY,"VALLE DEL ESTE, LOS TRES OJOS","1815,1896,2015,2079,2188,2259"
SANTO DOMINGO,SANTO DOMINGO ESTE,SANTO DOMINGO ESTE,ESCUELA ARGENTINA MATEO LARA,AVE. CHARLES DE GAULLE,LOS TRINITARIOS,"1821,1888,1889,1892,1893,1894,2016,2168,2238"
SANTO DOMINGO,SANTO DOMINGO ESTE,SANTO DOMINGO ESTE,CLUB CALERO,"CALLE ULISES HEUREAUX ESQ. CALLE ROSARIO, CALERO",CALERO,"1026,1026A,1026B,1027,1027A,1028,1028A,1029,1029A"
SANTO DOMINGO,SANTO DOMINGO ESTE,SANTO DOMINGO ESTE,ESCUELA BASICA SALOME UREÑA,"CALLE PROLONGACION 4TA. NO. 312, LOS COQUITOS",LOS MAMEYES,"1578,1579,1844,1900,1965,1988"
SANTO DOMINGO,SANTO DOMINGO ESTE,SANTO DOMINGO ESTE,COLEGIO SABIDURIA,"CALLE PRIMERA NO. 10, AUT. SAN ISIDRO, LOS EDUCA- DORES",LOS EDUCADORES,"1897,2134"
SANTO DOMINGO,SANTO DOMINGO ESTE,SANTO DOMINGO ESTE,PATRONATO DE VIVIENDAS LOS MAESTROS,"CALLE FELIZ GARCIA NO. 28, AUT. SAN ISIDRO, LOS MAE- STROS",LOS MAESTROS,"1898,2122,2260"
SANTO DOMINGO,SANTO DOMINGO ESTE,SANTO DOMINGO ESTE,SALON MULTIUSO ISABELITA (LA CANCHA),C/16 ESQUINA C/MARIA TRINI- DAD SANCHEZ. ISABELITA,ISABELITA,"1070H,1070I,1070J,1070K,1070L,1070M,1389,1389A,1389B,1399C,1766,1933,1996"
SANTO DOMINGO,SANTO DOMINGO ESTE,SANTO DOMINGO ESTE,POLITECNICO JOSE MARIA VELOZ,CALLE 4TA. NO. 69. LOS MA- MEYES,LOS MAMEYES,"1065,1065A,1065B,1065C,1066,1066A,1330,1330A,1330B,1330C,1979"
SANTO DOMINGO,SANTO DOMINGO ESTE,SANTO DOMINGO ESTE,ESCUELA PROF. JUAN BOSCH,"CALLE HIPICA NO. 8. LAS FLORES, BRISAS DEL ESTE","LAS FLORES, BRISAS DEL ESTE","1711,1750,1795,2072,2210"
SANTO DOMINGO,SANTO DOMINGO ESTE,SANTO DOMINGO ESTE,SALON MULTIUSO EL DUARTE,"C/11, ESQ. C/17, EL JUAN PAB- LO DUARTE",JUAN PABLO DUARTE (CHARLES DE GAULLE),"1934,2090,2211"
SANTO DOMINGO,SANTO DOMINGO ESTE,SANTO DOMINGO ESTE,ESCUELA ERCILIA PEPIN,"C/K ESQ. C/5TA, URBAN- IZACION CAROLINA","MANDINGA ADENTRO, VILLA FARO","1935,2139"
SANTO DOMINGO,SANTO DOMINGO ESTE,SANTO DOMINGO ESTE,ESCUELA LOS PALMEROS,C/ AMAURIS GERMAN ARISTI,"KM 15 1/2, AUT. LAS AMERICAS","1939,2169,2261,2362"
SANTO DOMINGO,SANTO DOMINGO ESTE,SANTO DOMINGO ESTE,SALON MULTIUSO BELLO CAMPO,C/ EL PALMAR,BELLO CAMPO,"1728,1746,1792,1940,2073,2170,2240,2346"
SANTO DOMINGO,SANTO DOMINGO ESTE,SANTO DOMINGO ESTE,MULTIUSO URBANIZACION HAMARAP,"MANZ. N, ESQ. MANZ. H # 24",VILLA FARO,"1942,1977,2085,2305"
SANTO DOMINGO,SANTO DOMINGO ESTE,SANTO DOMINGO ESTE,INSTITUTO POLITECNICO PROF. JUAN BOSCH,C/ EUGENIO RIVERA LORENZO #50,"ESPERANZA, VILLA FARO","1944,2083,2173,2243,2323"
SANTO DOMINGO,SANTO DOMINGO ESTE,SANTO DOMINGO ESTE,CENTRO EDUCATIVO PROF. MI- GUEL DADUS VALDEZ,"C/ PROF. JUAN BOSCH, ESQ. AVENIDA HIPICA",BRISAS DEL ESTE,"1945,2101,2244,2348"
SANTO DOMINGO,SANTO DOMINGO ESTE,SANTO DOMINGO ESTE,COLEGIO EL SOL,C/ 1RA. ESQ. C/ 48,RESIDENCIAL NANCY NADESHA,"1968,2076,2174,2262,2349"
SANTO DOMINGO,SANTO DOMINGO ESTE,SANTO DOMINGO ESTE,LOCAL HIPODROMO 5TO. CENTE- NARIO,AV. FARALLON NORTE,JARDINES DEL 5TO. CENTENARIO,"1969,2098,2191,2245"
SANTO DOMINGO,SANTO DOMINGO ESTE,SANTO DOMINGO ESTE,ESCUELA PRIMARIA LA UNION,"CALLE EL SOL NO. 2, ANTIGUA CIUDAD SATELITE",CIUDAD DEL ESTE,"2074,2140,2192,2246,2324,2369"
SANTO DOMINGO,SANTO DOMINGO ESTE,SANTO DOMINGO ESTE,LICEO LA UREÑA,CALLE LOS JARDINES KM 19,LA UREÑA,"2137,2214,2247,2325"
SANTO DOMINGO,SANTO DOMINGO ESTE,SANTO DOMINGO ESTE,LOCAL NUEVO ESCUELA MANUEL TEJADA FLORENTINO,CALLE JUAN PABLO DUARTE ESQ. DUVERGE NO. 1,"INVI, LOS MINA","0874,0874A,0875,0875A,0876,0876A,0877,0877A,0878,0878A,0878B,0879,0879A,1548"
SANTO DOMINGO,SANTO DOMINGO ESTE,SANTO DOMINGO ESTE,ESCUELA MANUEL B. TRONCOSO (NUEVO LOCAL),CALLE JOSÉ MARÍA IMBERT ESQUINA CALLE CELESTINO DUARTE,"VILLA TROPICALIA, EL TAMARINDO","1193,1193A,1193B,1193C,1193D,1193E,1193F,1193G,1193H,1193I,1194,1194A,1194B,1194C,1194D,1194E,1624,1624A,1624B,1625,1625A,1625B,1625C,1625D,1698,1753,1853,1904,1915,1997,2061,2175,2307"
SANTO DOMINGO,SANTO DOMINGO ESTE,SANTO DOMINGO ESTE,ESCUELA PRIMARIA CONCEPCIÓN BONA,CALLE MIGUEL DIAZ S/N,"LOS SOLARES, EL ALMIRANTE",2310
SANTO DOMINGO,SANTO DOMINGO ESTE,SANTO DOMINGO ESTE,ESCUELA PROFESOR JUAN BOSCH,CALLE BOULEVARD DE LA MUJER ESQUINA CALLE LA MAÑOSA,CIUDAD JUAN BOSCH,"2311,2370"
SANTO DOMINGO,SANTO DOMINGO ESTE,SANTO DOMINGO ESTE,ESCUELA HERMANAS MIRABAL,CALLE GABIOTA NO. 1,CIUDAD JUAN BOSCH,"2312,2371"
SANTO DOMINGO,SANTO DOMINGO ESTE,SANTO DOMINGO ESTE,POLITÉCNICO FELIZ MARÍA RUIZ,CALLE MIGUEL BATISTA ESQUI- NA CALLE GÉNESIS,LAS TORONJAS,2313
SANTO DOMINGO,SANTO DOMINGO ESTE,SANTO DOMINGO ESTE,ESCUELA PRIMARIA FRAY BAR- TOLOMÉ (NUEVO LOCAL),CALLE 27 DE FEBRERO ESQ. CALLE FRANCISCO DEL ROSA- RIO SÁNCHEZ,LOS FRAILES II,2314
SANTO DOMINGO,SANTO DOMINGO ESTE,SANTO DOMINGO ESTE,ESCUELA KELVIN OBRERO DE PAZ,CALLE FAUSTO CEJAS RODRI- GUEZ,LOS FRAILES II,"2315,2372"
SANTO DOMINGO,SANTO DOMINGO ESTE,SANTO DOMINGO ESTE,ESCUELA PRIMARIA MANUEL AURELIO TAVÁREZ JUSTO,CALLE PRIMERA ESQUINA CALLE HIPICA,BRISAS DEL ESTE,"1800,1887,1938,1985,2316"
SANTO DOMINGO,SANTO DOMINGO ESTE,SANTO DOMINGO ESTE,ESCUELA FRANCISCO DEL ROSA- RIO SÁNCHEZ,AUTOPISTA SAN ISIDRO (FRENTE A LA ZONA FRANCA),Prados Oriental,2317
SANTO DOMINGO,SANTO DOMINGO ESTE,SANTO DOMINGO ESTE,ESCUELA BASICA EL DESPERTAR (NUEVO LOCAL),CALLE 20 NO. 138,"LAS PALMAS, ALMA ROSA",2326
SANTO DOMINGO,SANTO DOMINGO ESTE,SANTO DOMINGO ESTE,ESCUELA PRIMARIA JOSE RAFAEL DE LA ROSA HERNANDEZ,CALLE SALMO NO. 20,LOS TRES BRAZOS ( SAN LORENZO DE LOS MINA ),2327
SANTO DOMINGO,SANTO DOMINGO ESTE,SANTO DOMINGO ESTE,LICEO SANTO TOMAS DE AQUINO,CALLE CANTARES NO. 31,LOS TRES BRAZOS ( SAN LORENZO DE LOS MINA ),"1700,1735,1771,1870,1919,2014,2119,2153,2200,2255,2328"
SANTO DOMINGO,SANTO DOMINGO ESTE,SANTO DOMINGO ESTE,POLITECNICO JUAN PABLO DUAR- TE Y DIEZ,CALLE PEDRO LIVIO CEDEÑO S/N,"COLINAS DEL ORIENTE, VILLA LIBERACION",2329
SANTO DOMINGO,SANTO DOMINGO ESTE,SANTO DOMINGO ESTE,CENTRO EDUCATIVO PEDRO VARIARA,AVENIDA RESTAURACION S/N,"VILLA ESFUERZO, EL ALMIRANTE",2330
SANTO DOMINGO,SANTO DOMINGO ESTE,SANTO DOMINGO ESTE,ESCUELA BASICA PROFESORA NELLY BIAGGI FE Y ALEGRIA,CALLE ANTONIO TORRES NO. 5,CIUDAD DEL ALMIRAN- TE,"1756,1794,2069,2166,2331"
SANTO DOMINGO,SANTO DOMINGO ESTE,SANTO DOMINGO ESTE,ESCUELA BASICA BELGICA ADELA MIRABAL,CALLE PRIMERA DEL ALBA,Invidorex,2332
SANTO DOMINGO,SANTO DOMINGO ESTE,SANTO DOMINGO ESTE,LICEO DON PEDRO MIR,"CALLE PEDRO MIR NO, 2, KM 21 LAS AMERICAS","LAS CANCELAS, LAS AMERICAS",2333
SANTO DOMINGO,SANTO DOMINGO ESTE,SANTO DOMINGO ESTE,ESCUELA NILDA CELESTE NOVAS,AVENIDA EDUARDO BRITO NO. 19,LOS MAMEYES,"1067,1067A,1067B,1575,1575A,1983,2334"
SANTO DOMINGO,SANTO DOMINGO ESTE,SANTO DOMINGO ESTE,"CENTRO EDUCATIVO CRISTIANO VISIÓN,","C/. FRANCISCO PEÑA GÓMEZ NO.50,",BRISAS DE MENDOZA,2350
SANTO DOMINGO,SANTO DOMINGO ESTE,SANTO DOMINGO ESTE,"MULTIUSO RIVERA DEL OZAMA,","C/1RA ESQ. ORLANDO MARTÍNEZ,",RIVIERA DEL OZAMA,2351
SANTO DOMINGO,SANTO DOMINGO ESTE,SANTO DOMINGO ESTE,"MULTIUSO RESIDENCIAL DON OSCAR,","C/BRASIL, AV. CHARLES DE GAULLE,",DON OSCAR,2352
SANTO DOMINGO,SANTO DOMINGO ESTE,SANTO DOMINGO ESTE,LICEO PROFESOR RAFAEL NIN NIN,C/ 3RA NO. 3,CANCINO ADENTRO,2353
SANTO DOMINGO,SANTO DOMINGO ESTE,SANTO DOMINGO ESTE,COLEGIO PARROQUIAL SAN JUAN EVANGELISTA,CALLE 25 DE FEBRERO NO. 85,VILLA DUARTE,"1049,1049A,1050,1050A,1810,2167"
SANTO DOMINGO,SANTO DOMINGO ESTE,SANTO DOMINGO ESTE,ESCUELA CARMEN QUIDIELLO DE BOSCH-NUEVA EMMAN,CALLE PRESIDENTE CAAMAÑO NO. 9,NUEVO AMANECER,"1759,1936,1963,2100,2189,2239,2345"
SANTO DOMINGO,SANTO DOMINGO ESTE,SANTO DOMINGO ESTE,ESCUELA EUGENIO MARlA DE HOSTOS,CALLE INDEPENDENCIA ESQUI- NA CALLE HÍPICA,PRADOS DE SAN LUIS,"1809,1964,2125,2237"
SANTO DOMINGO,SANTO DOMINGO ESTE,SANTO DOMINGO ESTE,ESCUELA JUAN PABLO DUARTE,AVENIDA PENETRACIÓN,RES. AMALIA,"1941,2013,2115,2171,2212,2241,2304,2347"
SANTO DOMINGO,SANTO DOMINGO ESTE,SANTO DOMINGO ESTE,ESCUELA MARlA CRISTINA DE LEÓN THEN,CALLE RODEO NO.1 ESQUINA CALLE JUAN PABLO DUARTE,"VILLA ESFUERZO, EL ALMIRANTE","1722,1742,2005,2112,2159,2297"
SANTO DOMINGO,SANTO DOMINGO ESTE,SANTO DOMINGO ESTE,ESCUELA RURAL RIVIERA DEL CARIBE,CALLE 8VA. ESQUINA CALLE RIVIERA DEL CARIBE,RIVIERA DEL CARIBE,"1967,2213"
SANTO DOMINGO,SANTO DOMINGO ESTE,SANTO DOMINGO ESTE,LICEO CELESTE ARGENTINA BELTRÉ MELO,CALLE CAMINO DE CANCINO N0. 2,CANCINO VIEJO,"1623,1623A,1623B,1671,1671A,1671B,1951,2108,2272"
SANTO DOMINGO,SANTO DOMINGO ESTE,SANTO DOMINGO ESTE,MULTIUSO LIC. HÉCTOR VALDEZ ALBIZU,CALLE EL GOURDE,"RES. LA MONEDA, AU- TOPISTA SAN ISIDRO","1724,1782,1881,1926,1981,2128,2160,2228,2321,2342"
SANTO DOMINGO,SANTO DOMINGO ESTE,SANTO DOMINGO ESTE,PARQUEO SUPERMERCADO HIPER UNO,CALLE 8 NO. 36,ISABELITA,"1336,1336A,1336B,1577,1577A,2130,2282"
SANTO DOMINGO,SANTO DOMINGO ESTE,SANTO DOMINGO ESTE,ESCUELA PRIMARIA ANTONIA REYES,CALLE JOSE FELIU N0. 47,Vietnam ( San Lorenzo de Los Minas ),"1313,1313A,1313B,1313C,2364"
SANTO DOMINGO,SANTO DOMINGO ESTE,SANTO DOMINGO ESTE,TERMINAL DE AUTOBUSES DEL PARQUE DEL ESTE,"AVENIDA EL FARO, FRENTE AL PARQUE LOS TRES OJOS",RES. PARQUE DEL ESTE,"1966,2190"
SANTO DOMINGO,SANTO DOMINGO ESTE,SANTO DOMINGO ESTE,CLUB DEPORTIVO Y CULTURAL LOS MAMEYES,CALLE 5TA. ESQUINA 3RA.,LOS MAMEYES,"1069,1069A,1069B,1069C,1972"
SANTO DOMINGO,SANTO DOMINGO ESTE,SAN LUIS (DM),ESCUELA INSTITUTO ELDA REYES MUÑOZ,CALLE JUAN ROSARIO NO. 96,SAN LUIS,"1156,1156A,1157,1157A,1158,1158A,1159,1159A,1160,1160A,1161,1161A,1162,1162A,1163,1163A,1163B,1824,1849,1902,2045,2095,2354"
SANTO DOMINGO,SANTO DOMINGO ESTE,SAN LUIS (DM),CENTRO EDUCATIVO INICIAL RA- FAEL AMERICO HENRIQUEZ,"EL BONITO, SAN LUIS",SAN ISIDRO,"1164,1164A,1165,1165A,1606,1805,1825,1850,1952,2027,2110,2250,2273"
SANTO DOMINGO,SANTO DOMINGO ESTE,SAN LUIS (DM),ESCUELA BASICA MARIA DE LA CRUZ,PARAJE EL CABRESTO,EL CABRESTO,"1119,1119A,2025"
SANTO DOMINGO,SANTO DOMINGO ESTE,SAN LUIS (DM),ESCUELA MARIA MERCEDES GOMEZ,"C/ PRINCIPAL, PROYECTO INVI",SAN LUIS LAS CASITAS,"1937,1991,2080,2303,2368"
SANTO DOMINGO,SANTO DOMINGO ESTE,SAN LUIS (DM),MULTIUSO NUEVO PARAISO,C/ FRANCISCO JAVIER #2,"NUEVO PARAISO, SAN ISIDRO","1943,1992,2172,2242,2306,2363"
SANTO DOMINGO,SANTO DOMINGO ESTE,SAN LUIS (DM),CENTRO EDUCATIVO MANUEL LLANES,CALLE PRIMERA NO. 23,BATEY EL NARANJO,2308
SANTO DOMINGO,SANTO DOMINGO ESTE,SAN LUIS (DM),ESCUELA PRIMARIA SAN ISIDRO LABRADOR,CALLE PRIMERA,"VILLA FELICIA, SAN ISIDRO","1166,1166A,1166B,1166C,1167,1167A,1168,1168A,1168B,1168C,1168D,1709,1744,1784,2023,2132,2196,2251,2309"
SANTO DOMINGO,SANTO DOMINGO ESTE,SAN LUIS (DM),INSTITUTO TECNOLÓGICO SUPE- RIOR COMUNITARIO,C/ FRANCISCO DEL ROSARIO SANCHEZ ESQ. CARRETERA MELLA.,SAN LUIS,2355
SANTO DOMINGO,SANTO DOMINGO ESTE,SAN LUIS (DM),ESCUELA CALIXTA ESTHELA REYES,"CALLE 1RO. DE MAYO, ANTIG- UO INGENIO OZAMA",SAN LUIS,"1706,1726,1786,1787,2017,2121,2231,2299,2373"
SANTO DOMINGO,SANTO DOMINGO OESTE,SANTO DOMINGO OESTE,COLEGIO EL ANGEL,"C/ SAN MIGUEL NO. 2, BO. SAVICA",LAS PALMAS,"0001,1748,1806,1847,1899"
SANTO DOMINGO,SANTO DOMINGO OESTE,SANTO DOMINGO OESTE,CLINICA DIAZ PIÑEYRO,CALLE SANTA ANA NO. 149,ALTAGRACIA,"1250,1250A,1250B,1848"
SANTO DOMINGO,SANTO DOMINGO OESTE,SANTO DOMINGO OESTE,ESC. P. NTRA. SRA. DE LA ALTA- GRACIA,VENEZUELA/CALLE 10,ALTAGRACIA,"1252,1252A,1252B,1252C,1252D,1254,1254A,1254B,1255,1255A,1255B,1311,1311A,1311B,1334,1334A,1334B,1643,1643A,1643B"
SANTO DOMINGO,SANTO DOMINGO OESTE,SANTO DOMINGO OESTE,PARROQUIA NTRA.SRA. DE LA ALTAGRACIA,CALLE 10 NO. 45,ALTAGRACIA,"1251,1251A,1251B"
SANTO DOMINGO,SANTO DOMINGO OESTE,SANTO DOMINGO OESTE,COLEGIO AMERICO LUGO,CALLE D NO. 30,HERRERA,"1244,1244A,1244B,1244C,1245,1245A,1915"
SANTO DOMINGO,SANTO DOMINGO OESTE,SANTO DOMINGO OESTE,ESC. PRIM. INT. RAFAELA SAN- TAELLA,"ISABEL AGUIAR,PARAJE KM.12","KILOMETRO 12, CAR- RETERA SANCHEZ","1256,1256A,1256B,1256C,1256D,1256E,1259,1259A,1259B,1259C"
SANTO DOMINGO,SANTO DOMINGO OESTE,SANTO DOMINGO OESTE,ESCUELA CAMILA HENRIQUEZ,PARAJE EL PALMAR,ALTAGRACIA,"1258,1258A,1258B,1258C,1258D,1258E,1258F,1646,1646A,1816"
SANTO DOMINGO,SANTO DOMINGO OESTE,SANTO DOMINGO OESTE,ESCUELA BASICA LIC. CRISTOBA- LINA BATISTA TAVARES,C/ ISABEL AGUIAR/JUANICO DOLORES,HERRERA,"1249,1249A,1249B,1267,1267A,1267B,1267C,1310,1310A,1362B"
SANTO DOMINGO,SANTO DOMINGO OESTE,SANTO DOMINGO OESTE,SINDICATO UNIDO DE TRAB. PORTUARIO,PARAJE LA PLACETA KM. 13,"LA PLACETA, KM. 13","1257,1257A,1356,1916"
SANTO DOMINGO,SANTO DOMINGO OESTE,SANTO DOMINGO OESTE,COMEDOR ECONOMICO,PARAJE LAS CAOBAS,LAS CAOBAS,"1329,1329A,1329B,1370,1370A,1370B,1849"
SANTO DOMINGO,SANTO DOMINGO OESTE,SANTO DOMINGO OESTE,HOSPITAL ZONA NORTE,AVE. ISABEL AGUIAR/BUENOS AIRES,MARIBEL,"1275,1275A,1275B,1275C,1345B,1639,1807,1818,1854"
SANTO DOMINGO,SANTO DOMINGO OESTE,SANTO DOMINGO OESTE,COLEGIO EL BUEN PASTOR,CALLE 8 #13,BUENOS AIRES,"1238,1238A,1238B,1239,1239A,1239B,1917"
SANTO DOMINGO,SANTO DOMINGO OESTE,SANTO DOMINGO OESTE,COLEGIO HORA DE DIOS,"SAN MARTIN DE PORRES, PJE. BUENOS AIRES",BUENOS AIRES,"1240,1240A,1240B,1308,1308A,1308B,1377,1377A,1377B,1426,1426A,1750,1782,1817"
SANTO DOMINGO,SANTO DOMINGO OESTE,SANTO DOMINGO OESTE,ESC. PRIM. E INTERMEDIA ESTE- BAN MARTINEZ,"TELESFORO JAIME NO.9, PJE. BAYONA",BAYONA,"1241,1241A,1241B,1242,1242A,1242B,1640"
SANTO DOMINGO,SANTO DOMINGO OESTE,SANTO DOMINGO OESTE,ESCUELA PRIMARIA EMMA BALAGUER DE VALLEJO,AV. LAS PALMAS,LAS PALMAS,"1306,1306A,1307,1307A,1333,1333A,1333B,1357,1357A,1357B,1391,1391A,1418,1418A,1418B,1635,1635A,1636,1636A,1637,1679,1793"
SANTO DOMINGO,SANTO DOMINGO OESTE,SANTO DOMINGO OESTE,ESC. PRIMARIA INICIAL Y BASICA BARBADOS,SAN LEONARDO NO. 6,ENRIQUILLO,"1228,1228A,1228B,1229,1229A,1229B,1634,1634A,1781,1851"
SANTO DOMINGO,SANTO DOMINGO OESTE,SANTO DOMINGO OESTE,ESCUELA BASICA ANTIGUA Y BARBADOS,PARAJE CABALLONA,MANOGUAYABO,"1431,1431A,1431B,1752,1852,1900"
SANTO DOMINGO,SANTO DOMINGO OESTE,SANTO DOMINGO OESTE,ESCUELA ING. AGR. IVAN GUZMAN K.,PARAJE BAYONA,BAYONA,"1375,1375A,1375B,1375C,1375D,1375E,1725,1840"
SANTO DOMINGO,SANTO DOMINGO OESTE,SANTO DOMINGO OESTE,ESCUELA PRIMARIA BUENOS AIRES,CALLE 7 ESQ. MEXICO,BRISA ALEGRE,"1236,1236A,1237,1237A,1279,1279A,1282,1282A,1284,1284A,1284B,1284C,1638"
SANTO DOMINGO,SANTO DOMINGO OESTE,SANTO DOMINGO OESTE,ESCUELA PRIMARIA DUARTE,CALLE ISABEL AGUIAR #30,JUAN PABLO DUARTE,"1232,1232A,1232B,1233,1233A,1345,1345A"
SANTO DOMINGO,SANTO DOMINGO OESTE,SANTO DOMINGO OESTE,CENTRO EDUCATIVO ROSA EVAN- GELINA SOLANO,PARAJE HATO NUEVO,HATO NUEVO,"1221,1221A,1221B,1222,1222A,1737,1754,1808,1843,1855,1901,1918"
SANTO DOMINGO,SANTO DOMINGO OESTE,SANTO DOMINGO OESTE,ESCUELA BASICA JAMAICA,CALLE PRIMERA NO.154,"LA CIENEGA, KM 14","1215,1215A,1630,1902,1919"
SANTO DOMINGO,SANTO DOMINGO OESTE,SANTO DOMINGO OESTE,ESCUELA PRIMARIA NICOLAS UREÑA DE MENDOZA,CALLE CORAZON DE JESUS NO. 154,LA VENTA,"1217,1217A,1218,1218A,1218B,1632,1722,1756,1757,1831,1857,1920"
SANTO DOMINGO,SANTO DOMINGO OESTE,SANTO DOMINGO OESTE,ESCUELA PRIMARIA RURAL,PARAJE MANOGUAYABO,MANOGUAYABO,"1224,1224A,1224B,1225,1225A,1633,1724"
SANTO DOMINGO,SANTO DOMINGO OESTE,SANTO DOMINGO OESTE,CENTRO EDUCATIVO ALBERTO PEREZ Y SANTIAGO,PARAJE PALAVE,PALAVE,"1219,1219A,1220,1220A,1759,1834,1903"
SANTO DOMINGO,SANTO DOMINGO OESTE,SANTO DOMINGO OESTE,ESCUELA DE EDUCACION BASICA SAN MIGUEL,PARAJE SAN MIGUEL KM 10 1/2,SAN MIGUEL,"1631,1701,1741,1760,1819,1859,1904,1921"
SANTO DOMINGO,SANTO DOMINGO OESTE,SANTO DOMINGO OESTE,POLITECNICO DE LAS CAOBAS,"MAN.37,EDIF.10,PARAJE LAS CAOBAS",LAS CAOBAS,"1271,1271A,1271B,1271C,1271D,1271E,1271F,1272,1272A,1272B,1272C,1272D,1273,1273A,1274,1274A,1274B"
SANTO DOMINGO,SANTO DOMINGO OESTE,SANTO DOMINGO OESTE,ESCUELA BASICA CURAZAO,"C/ 1RA. NO. 67, BO. LIBERTA- DOR. HERRERA",LIBERTADOR,"1677,1677A,1677B,1742,1761,1820,1860,1905"
SANTO DOMINGO,SANTO DOMINGO OESTE,SANTO DOMINGO OESTE,CENTRO DE ESTUDIOS PENIEL,CALLE 8 ESQ. CENTRAL,ALTAGRACIA,"1380,1380A,1380B,1380C,1821,1861"
SANTO DOMINGO,SANTO DOMINGO OESTE,SANTO DOMINGO OESTE,ESCUELA BASICA LAS PALMAS #1,CALLE 4 #43,LAS PALMAS,"1403,1403A,1403B,1483,1483A,1483B,1484,1484A,1484B"
SANTO DOMINGO,SANTO DOMINGO OESTE,SANTO DOMINGO OESTE,ESCUELA DOÑA FILOMENA CANALDA,CALLE 18 #31,LA VENTA,"1364,1364A,1364B,1783,1862"
SANTO DOMINGO,SANTO DOMINGO OESTE,SANTO DOMINGO OESTE,ESCUELA PRIMARIA RENOVACION,CALLE LA PAZ ESQ. EL SOL,HERRERA,"1247,1247A,1248,1248A,1248B,1642,1805"
SANTO DOMINGO,SANTO DOMINGO OESTE,SANTO DOMINGO OESTE,ESCUELA PUBLICA LAS MER- CEDES,CALLE RESPALDO 1RA. #33 ESQ. ALTAGRACIA,ENRIQUILLO,"1226,1226A,1227,1227A,1227B,1230,1230A,1230B,1784,1813"
SANTO DOMINGO,SANTO DOMINGO OESTE,SANTO DOMINGO OESTE,LICEO SECUNDARIO LAS AMER- ICAS,CARRETERA MANOGUAYABO ESQ. SAN MIQUEL,MANOGUAYABO,"1223,1223A,1223B,1223C,1223D,1762,1785,1863,1922"
SANTO DOMINGO,SANTO DOMINGO OESTE,SANTO DOMINGO OESTE,ESCUELA PADRE MARTIN EGUS- QUIZA,C/ GREGORIO LUPEON ESQ. LIBERTAD,BARRIO NUEVO KM 13 CARRET. SANCHEZ,"1356A,1645,1698,1786"
SANTO DOMINGO,SANTO DOMINGO OESTE,SANTO DOMINGO OESTE,CLUB 16 DE AGOSTO,C/ 10 NO. 49,BUENOS AIRES,"1638A,1638B,1693,1787,1864,1923"
SANTO DOMINGO,SANTO DOMINGO OESTE,SANTO DOMINGO OESTE,EXTENSION DE LA UASD,C/ ROGELIO ROSSEL,EMGOMBE,"1375F,1692,1710,1753,1763,1810,1833,1853,1865,1924"
SANTO DOMINGO,SANTO DOMINGO OESTE,SANTO DOMINGO OESTE,COLEGIO PSICOEDUCATIVO GESTSMANI,C/ JUAN FCO. MERCEDES NO. 7 (ANTIGUA 2DA.),ENRIQUILLO,"1689,1822"
SANTO DOMINGO,SANTO DOMINGO OESTE,SANTO DOMINGO OESTE,CENTRO COMUNAL EL CAFÉ,C/ 1ERA NO. 02,EL CAFE,"1312A,1644,1690,1738,1788,1846,1866,1925"
SANTO DOMINGO,SANTO DOMINGO OESTE,SANTO DOMINGO OESTE,UNIVERSIDAD UTESA,AVE. ISABEL AGUIAR,HERRERA,"1688,1743,1765,1790,1824,1868,1906,1926"
SANTO DOMINGO,SANTO DOMINGO OESTE,SANTO DOMINGO OESTE,UNIV. FEDERICO HENRIQUEZ. Y CARVAJAL,AV. ISABEL AGUIAR,HERRERA,"1641A,1641B,1687,1791,1869,1927"
SANTO DOMINGO,SANTO DOMINGO OESTE,SANTO DOMINGO OESTE,"CLUB ACCION JUVENIL QUISQU- EYANO, INC.",AV. ISABEL AGUIAR NO. 56,"KILOMETRO 12, CAR- RETERA SANCHEZ","1694,1711,1825,1928"
SANTO DOMINGO,SANTO DOMINGO OESTE,SANTO DOMINGO OESTE,ESCUELA PRIMARI ERCILIA PEPIN BATEY BIENVENIDO,PARAJE BATEY BIENVENIDO,BATEY BIENVENIDO,"1676,1739,1766,1836,1870,1929"
SANTO DOMINGO,SANTO DOMINGO OESTE,SANTO DOMINGO OESTE,ASOCIACION DE IMPEDIDO FISICO MOTORES,PROLONGACION 27 DE FEBRE- RO NO. 798,LAS CAOBAS,"1309,1309A,1309B,1309C,1695,1767,1828,1832"
SANTO DOMINGO,SANTO DOMINGO OESTE,SANTO DOMINGO OESTE,UNIVERSIDAD ODONTOLOGICA DOMINICANA,PROLONGACION 27 DE FEBRE- RO NO. 792,LAS CAOBAS,"1697,1768,1871"
SANTO DOMINGO,SANTO DOMINGO OESTE,SANTO DOMINGO OESTE,CENTRO DE ESTUDIO PROGRESO,C/ VERACRUZ NO. 01,LAS PALMAS,"1680,1792"
SANTO DOMINGO,SANTO DOMINGO OESTE,SANTO DOMINGO OESTE,ESCUELA VEDRUNA,C/ RESPALDO NO. 04,SAN FRANCISCO,"1231,1231A,1231B,1231C,1262,1262A"
SANTO DOMINGO,SANTO DOMINGO OESTE,SANTO DOMINGO OESTE,ESCUELA BASICA JAPON,C/ LAS COLINAS NO. 25,BELLAS COLINAS,"1703,1734,1744,1771,1811,1841,1874,1907"
SANTO DOMINGO,SANTO DOMINGO OESTE,SANTO DOMINGO OESTE,COLEGIO SANTA MARIA,C/ SEGUNDA ESQ. 5,REPARTO ROSA,"1705,1772,1812,1837,1875,1908"
SANTO DOMINGO,SANTO DOMINGO OESTE,SANTO DOMINGO OESTE,COLEGIO GREGORIO LUPERON,CALLE PEDRO ABREU NO. 44,BAYONA,"1719,1773,1876,1931"
SANTO DOMINGO,SANTO DOMINGO OESTE,SANTO DOMINGO OESTE,COLEGIO ADVENTISTA BETEL,CALLE MEXICO NO. 67,BUENOS AIRES,"1721,1774,1826,1877"
SANTO DOMINGO,SANTO DOMINGO OESTE,SANTO DOMINGO OESTE,ESCUELA PRIMARIA ELIZARDO TAMAREZ SANTAMARIA,CARRETERA HATO NUEVO NO. 165,MANOGUAYABO,"1723,1775,1909"
SANTO DOMINGO,SANTO DOMINGO OESTE,SANTO DOMINGO OESTE,ESCUELA PRIMARIA MADRE TERE- SA DE CALCUTA,CALLE LOS LIRIOS NO. 31,"BARRIO NUEVO, CABA- YONA","1729,1776"
SANTO DOMINGO,SANTO DOMINGO OESTE,SANTO DOMINGO OESTE,CENTRO EDUC. INDEPENDENCIA,C/ 1RA. NO. 70,INDEPENDENCIA,"1745,1880"
SANTO DOMINGO,SANTO DOMINGO OESTE,SANTO DOMINGO OESTE,ESCUELA BASICA CAFÉ CON LECHE,CALLE 23 # 32,EL CAFE,"1746,1795,1838,1881,1932"
SANTO DOMINGO,SANTO DOMINGO OESTE,SANTO DOMINGO OESTE,ESCUELA BASICA HERMANAS MIRABAL,CALLE MARIA TRINIDAD SAN- CHEZ ESQ. CENTRAL,EL CAFE,"1747,1796,1839,1882,1933"
SANTO DOMINGO,SANTO DOMINGO OESTE,SANTO DOMINGO OESTE,COLEGIO INFANTIL LOS QUERU- BINES,CALLE JACOBO #135,"RESIDENCIAL ANTONIA, MANOGUAYABO","1777,1910"
SANTO DOMINGO,SANTO DOMINGO OESTE,SANTO DOMINGO OESTE,SALON PARROQUIAL,CALLE 6 NO. 6,SANTO DOMINGO,"1778,1883"
SANTO DOMINGO,SANTO DOMINGO OESTE,SANTO DOMINGO OESTE,PROYECTO DESARROLLO COMU- NITARIO INTEGRAL,CALLE ROSA DUARTE NO.1 ESQ. CARACAS,EL PALMAR,"1727,1780"
SANTO DOMINGO,SANTO DOMINGO OESTE,SANTO DOMINGO OESTE,CENTRO EDUCATIVO LOS OLIVOS FE Y ALEGRIA,"CALLE YOLANDA GUZMAN NO, 50 ESQ. MANOLO TAVAREZ JUSTO",LOS OLIVOS,"1797,1884,1911"
SANTO DOMINGO,SANTO DOMINGO OESTE,SANTO DOMINGO OESTE,COLEGIO EVANGELICO SHALOM,CALLE SANTA. ROSA DE LIMA NO. 19,"KILOMETRO 12, CAR- RETERA SANCHEZ","1798,1827,1885,1912"
SANTO DOMINGO,SANTO DOMINGO OESTE,SANTO DOMINGO OESTE,CENTRO DE ESTUDIO HUERTO DEL EDEN,CALLE 24 DE ABRIL NO. 10,EL ABANICO,"1800,1886"
SANTO DOMINGO,SANTO DOMINGO OESTE,SANTO DOMINGO OESTE,POLITECNICO TURISTICO CENTRO PARROQUIAL SANTO SOCORRO,CALLE VENEZUELA NO. 29,ALTAGRACIA,"1253,1253A,1801,1887"
SANTO DOMINGO,SANTO DOMINGO OESTE,SANTO DOMINGO OESTE,CLUB ESCUELA BASICA FRANCIS- CO A. CAAMAÑO,CALLE RESPALDO CUATRO NO. 12,SAN FRANCISCO,"1686,1802,1888"
SANTO DOMINGO,SANTO DOMINGO OESTE,SANTO DOMINGO OESTE,POLITECNICO MADRE RAFAELA IBARRA,AVENIDA 27 DE FEBRERO ESQ. MANZANA 24,LAS CAOBAS,"1314,1314A,1314B,1314C,1314D,1314E,1314F,1696,1769,1804,1890"
SANTO DOMINGO,SANTO DOMINGO OESTE,SANTO DOMINGO OESTE,COLEGIO EFMAMJJASOND,CALLE SAN FRANCISCO DE ASIS ESQ. RESPALDO 3RA. NO.,LAS PALMAS,"1815,1892"
SANTO DOMINGO,SANTO DOMINGO OESTE,SANTO DOMINGO OESTE,SALON MULTIUSO EL ABANICO,CALLE 24 DE ABRIL NUMERO 11,EL ABANICO,"1830,1893"
SANTO DOMINGO,SANTO DOMINGO OESTE,SANTO DOMINGO OESTE,ESCUELA PRIMARIA LOS AMIGUI- TOS,CALLE DIEZ,LOS COQUITOS,"1720,1735"
SANTO DOMINGO,SANTO DOMINGO OESTE,SANTO DOMINGO OESTE,LICEO PROFESOR ANDRES ME- DRANO,C/ TELEFORO JAIME NO. 8,BAYONA,"1751,1844,1850,1894,1898,1934"
SANTO DOMINGO,SANTO DOMINGO OESTE,SANTO DOMINGO OESTE,ESCUELA BASICA JESUS BIEN- VENIDO DEL CASTILLO RODRI- GUEZ,EL CRISTAL,BUENAS NOCHES,1895
SANTO DOMINGO,SANTO DOMINGO OESTE,SANTO DOMINGO OESTE,LICEO PROFESOR VICTOR PAS- CUAL AGUERO,C/ PORFIRIO PORTORREAL NO. 14,HATO NUEVO,"1896,1935"
SANTO DOMINGO,SANTO DOMINGO OESTE,SANTO DOMINGO OESTE,ESCUELA BASICA GENERAL JOSE DE SAN MARTIN,C/ PRINCIPAL NO. 45,VILLA VERDE,1897
SANTO DOMINGO,SANTO DOMINGO OESTE,SANTO DOMINGO OESTE,ESCUELA BASICA CONCEPCION BONA,CALLLE MELANIA CORDERO N0. 2,BUENAS NOCHES,"1835,1878,1936"
SANTO DOMINGO,SANTO DOMINGO OESTE,SANTO DOMINGO OESTE,ESCUELA BASICA NUESTRA SEÑORA DE LAS MERCEDES,CARRETERA PRINCIPAL CA- BALLONA N0. 6,VILLA OGANDO,"1829,1937"
SANTO DOMINGO,SANTO DOMINGO OESTE,SANTO DOMINGO OESTE,ESCUELA PROFESOR JUAN BOSCH GAVIÑO,"CALLE ANACAONA, BARRIO HOLGUIN",BUENOS AIRES,"1486,1486A,1487,1487A,1488,1488A,1736,1779,1879"
SANTO DOMINGO,SANTO DOMINGO OESTE,SANTO DOMINGO OESTE,LICEO ADELAIDA ACOSTA,CALLE PRIMERA N0. 86,"LA CIENEGA, KM 14","1320,1320A,1320B,1702,1740,1755,1794,1845,1856,1873,1938"
SANTO DOMINGO,SANTO DOMINGO OESTE,SANTO DOMINGO OESTE,LICEO CARMEN LUISA DE LOS SANTOS,CALLE CENTRAL N0. 1,EL CAFE,"1260,1260A,1260B,1260C,1261,1261A,1312,1939"
SANTO DOMINGO,SANTO DOMINGO OESTE,SANTO DOMINGO OESTE,LICEO PEDRO APONTE,AVENIDA ISABEL AGUIAR( DETRÁS DE LA UNIV. PEDRO H. UREÑA),HERRERA,"1243,1243A,1243B,1243C,1243D,1245B,1246,1246A,1310B,1362,1362A,1641,1749,1814,1891"
SANTO DOMINGO,SANTO DOMINGO OESTE,SANTO DOMINGO OESTE,ESCUELA BASICA PROFESORA PETRONILA TRINIDAD SANCHEZ,SAN MIGUEL,MANOGUAYABO,"1216,1216A,1216B,1216C,1913"
SANTO DOMINGO,SANTO DOMINGO OESTE,SANTO DOMINGO OESTE,LICEO PROFESOR CELESTE AIDA DEL VILLAR,PARAJE MANOGUAYABO,MANOGUAYABO,"1758,1803,1809,1858,1889,1914,1940"
SANTO DOMINGO,SANTO DOMINGO OESTE,SANTO DOMINGO OESTE,CENTRO DE FORMACIÓN AMOS,CALLE 5 NO. 22,ALTAGRACIA,"1691,1764,1789,1823,1867"
SANTO DOMINGO,SANTO DOMINGO OESTE,SANTO DOMINGO OESTE,COLEGIO DESTELLO DE LUZ,CALLE PRINCIPAL NO. 85,EL PALMAR,"1726,1799"
SANTO DOMINGO,SANTO DOMINGO OESTE,SANTO DOMINGO OESTE,ESCUELA RAMON JULIAN PEÑA,CALLE DESIDERIO ARIAS,ENRIQUILLO,"1234,1234A,1235,1235A,1235B,1384,1384A,1485,1485A,1485B"
SANTO DOMINGO,SANTO DOMINGO NORTE,SANTO DOMINGO NORTE,LICEO MATIAS RAMON MELLA,CALLE DUARTE ESQ. AVE. PRIMERA,"VISTA BELLA, VILLA MELLA","0001,1146,1146A,1146B,1146C,1390,1390A,1597,1597A,1654,1654A,1667,1711,1742,1771,1816"
SANTO DOMINGO,SANTO DOMINGO NORTE,SANTO DOMINGO NORTE,CENTRO EDUCATIVO CRISTO OBRERO,"CALLE 6 ESQ. 17, BARRIO NUEVO KM 10",BARRIO NUEVO,"1451,1451A,1451B,1451C,1451D,1452,1452A,1452B,1453,1453A,1454,1454A"
SANTO DOMINGO,SANTO DOMINGO NORTE,SANTO DOMINGO NORTE,ESCUELA BASICA AMOR DE DIOS,CALLE ANTONIO GUZMAN FERNANDEZ NO. 12,AMOR DE DIOS,"1123,1123A,1588"
SANTO DOMINGO,SANTO DOMINGO NORTE,SANTO DOMINGO NORTE,CENTRO EDUCATIVO FRANCISCO J. CABRAL LOPEZ,"CALLE SANCHEZ NO. 1, GUARI- CANO AFUERA",GUARICANO,"1126,1126A,1126B,1126C,1126D,1126E,1126F,1126G,1127,1127A,1127B,1127C,1127D,1127E,1127F,1355,1355A,1355B,1355C,1355D"
SANTO DOMINGO,SANTO DOMINGO NORTE,SANTO DOMINGO NORTE,ESCUELA BASICA LA GINA,"PARAJE LA GINA, CALLE SAN FRANCISCO DE ASIS NO. 12",LA GINA,"1124,1124A,1589,1918,2040"
SANTO DOMINGO,SANTO DOMINGO NORTE,SANTO DOMINGO NORTE,ESCUELA BASICA LOS CAZABES,"PARAJE LOS CASABES, CALLE PRINCIPAL NO. 1",LOS CASABES,"1125,1125A,1125B,1590,1999"
SANTO DOMINGO,SANTO DOMINGO NORTE,SANTO DOMINGO NORTE,ESCUELA BASICA GUARICANO ADENTRO,CALLE ENRIQUE BLANCO NO.. 54,GUARICANO ADENTRO,"1493,1493A,1493B,1493C,1493D,1592,1592A,1592B,1724,1772"
SANTO DOMINGO,SANTO DOMINGO NORTE,SANTO DOMINGO NORTE,ESCUELA BASICA BUENOS AIRES,"CARRETERA A YAMASA, KM. 26",BUENOS AIRES,"1090,1090A,1743,1973"
SANTO DOMINGO,SANTO DOMINGO NORTE,SANTO DOMINGO NORTE,ESCUELA BASICA REPUBLICA DEL ECUADOR,CALLE AGUSTIN C. LOPEZ NO. 2,"SALOME UREÑA, SA- BANA PERDIDA","1430,1430A,1430B,1430C,1430D,1602,1602A,1602B,1672,1672A,1728,1745,1775,1820,2042"
SANTO DOMINGO,SANTO DOMINGO NORTE,SANTO DOMINGO NORTE,ESCUELA BASICA MATIAS RAMON MELLA,CARRETERA A YAMASA ESQ. F1,"VISTA BELLA, VILLA MELLA","1143,1143A,1143B,1143C,1143D,1143E,1144,1144A,1144B,1145,1145A,1746,1776"
SANTO DOMINGO,SANTO DOMINGO NORTE,SANTO DOMINGO NORTE,ESCUELA BASICA BEATO SELMO ORTEGA,CALLE 8 NO. 60 ESQ. CALLE 9,BARRIO NUEVO,"1150,1150A,1151,1151A,1342,1342A,1394,1394A,1747"
SANTO DOMINGO,SANTO DOMINGO NORTE,SANTO DOMINGO NORTE,ESCUELA BASICA HARAS NACIO- NALES,"PARAJE HARAS NACIONALES, CALLE PRINCIPAL NO. 1",HARAS NACIONALES,"1141,1141A,1141B,1141C,1142,1142A,1596,1729,1794"
SANTO DOMINGO,SANTO DOMINGO NORTE,SANTO DOMINGO NORTE,ESCUELA BASICA MATA SAN JUAN,"PARAJE MATA SAN JUAN, RE- SPALDO CIRILO MONTAÑO",MATA SAN JUAN,"1135,1135A,1777"
SANTO DOMINGO,SANTO DOMINGO NORTE,SANTO DOMINGO NORTE,ESCUELA BASICA RAMONA NERIS SOSA,CALLE PRIMERA NO. 429,"SABANA CENTRO, SABANA PERDIDA","1401,1401A,1401B,1420,1420A,1420B,1429,1429A,1429B,1748,1795"
SANTO DOMINGO,SANTO DOMINGO NORTE,SANTO DOMINGO NORTE,ESCUELA BASICA SAN FELIPE,"CARRETERA A YAMASA S/N, KM. 16",SAN FELIPE,"1136,1136A,1136B,1136C,1137,1137A,1137B,1137C,1138,1138A,1138B,1139,1139A"
SANTO DOMINGO,SANTO DOMINGO NORTE,SANTO DOMINGO NORTE,ESCUELA BASICA LEONCIO MANZUETA,AVE. HERMANAS MIRABAL KM. 8 1/2,SANTA CRUZ,"1152,1152A,1152B,1152C,1152D,1152E,1152F,1152G,1152H,1153,1153A,1153B,1153C,1153D,1153E,1153F,1344,1344A,1344B,1344C,1405,1405A,1405B"
SANTO DOMINGO,SANTO DOMINGO NORTE,SANTO DOMINGO NORTE,ESCUELA BASICA CRUZ GRANDE,CALLE CEUTA NO. 6,CRUZ GRANDE,"1441,1441A,1441B,1442,1442A,1442B,1598,1778,1822,1868,2003,2017"
SANTO DOMINGO,SANTO DOMINGO NORTE,SANTO DOMINGO NORTE,CENTRO EDUCATIVO OTILIA PELAEZ,CARRETERA LA VICTORIA ESQ. CHARLES DE GAULLE,"LIBERTAD, SABANA PERDIDA","1147,1147A,1147B,1147C,1147D,1147E,1147F,1147G,1147H,1148,1148A,1148B,1148C,1148D,1148E,1148F"
SANTO DOMINGO,SANTO DOMINGO NORTE,SANTO DOMINGO NORTE,CENTRO EDUCATIVO MATA GORDA,"PARAJE MATA GORDA, CALLE PRINCIPAL NO. 2",MATA GORDA,"1679,1712,1779,1823,2043"
SANTO DOMINGO,SANTO DOMINGO NORTE,SANTO DOMINGO NORTE,POLITECNICO OSCUS SAN VALERO,"CALLE RESTAURACION NO. 1, GUARICANOS AFUERA",GUARICANO,"1400,1400A,1400B,1415,1415A,1591,1591A,1591B,1591C"
SANTO DOMINGO,SANTO DOMINGO NORTE,SANTO DOMINGO NORTE,COLEGIO PARROQUIAL SANTA CRUZ,CALLE COMETA NO. 2,"SOL DE LUZ, SANTA CRUZ","1605,1605A,1605B,1669,1669A,1669B,1669C,1730,1780,1824,1852,2018"
SANTO DOMINGO,SANTO DOMINGO NORTE,SANTO DOMINGO NORTE,ESCUELA BASICA MIRADOR NORTE,"CALLE 10 NO. 1, GUARICANO ADENTRO",GUARICANO,"1494,1494A,1494B,1494C,1495,1495A,1495B,1495C,1496,1496A,1496B,1708,1749"
SANTO DOMINGO,SANTO DOMINGO NORTE,SANTO DOMINGO NORTE,ESCUELA PRIMARIA PADRE SIN- DULFO ANDUJAR,CALLE CENTRAL NO. 1,"LOS TRINITARIOS, SAN- TA CRUZ","1154,1154A,1154B,1154C,1154D,1154E,1155,1155A,1155B,1782"
SANTO DOMINGO,SANTO DOMINGO NORTE,SANTO DOMINGO NORTE,CENTRO EDUCATIVO EMMA BALAGUER,"CALLE 14 ESQ. 12, BARRIO LOTE Y SERVICIO",LOTES Y SERVICIOS,"1149,1149A,1149B,1149C,1149D,1149E,1149F,1149G,1149H,1149I,1149J,1300,1300A,1300B,1300C,1359,1359A,1359B,1359C,1359D,1359E,2044"
SANTO DOMINGO,SANTO DOMINGO NORTE,SANTO DOMINGO NORTE,ESCUELA BASICA MIGUELINA FRIAS CARELA,CALLE GREGORIO LUPERON NO. 1,"EL CRISTAL, SABANA PERDIDA","1702,1713,1751,1783,1896,1950,2031"
SANTO DOMINGO,SANTO DOMINGO NORTE,SANTO DOMINGO NORTE,CENTRO EDUCATIVO LOS PAL- MARES,CALLE ORGANIZACIÓN NO. 13,LOS PALMARES,"1698,1714,1752,1784,1828,1854,1919"
SANTO DOMINGO,SANTO DOMINGO NORTE,SANTO DOMINGO NORTE,CENTRO EDUCATIVO NIÑO JESUS FE Y ALEGRIA,CALLE RESPALDO 13 ESQ. 18,EL PROGRESO,"1700,1716,1754,1785,1829,1855"
SANTO DOMINGO,SANTO DOMINGO NORTE,SANTO DOMINGO NORTE,POLITECNICO EL AVE MARIA,C/ AGUSTIN C. LOPEZ NO. 09,2 DE ENERO,"1492,1492A,1492B,1492C,1492D,1492E,1492F,1492G,1492H,1492I,1492J,1492K,1701"
SANTO DOMINGO,SANTO DOMINGO NORTE,SANTO DOMINGO NORTE,COLEGIO MONTESQUIEU,C/ PRINCIPAL NO. 89,"BRISAS DEL NORTE, GUARICANO","1689,1709,1755,1796,1804,1920,2005"
SANTO DOMINGO,SANTO DOMINGO NORTE,SANTO DOMINGO NORTE,COLEGIO LOS ANGELES,"CALLE GREGORIO LUPER- ON NO. 16, GUARICANO EL CENTRO",GUARICANO,"1690,1706,1756,1856"
SANTO DOMINGO,SANTO DOMINGO NORTE,SANTO DOMINGO NORTE,LICEO GREGORIO LUPERON(ANT. ESCUELA JOSE F. PEÑA GOMEZ),CALLE SANCHEZ S/N,"26 DE ENERO, GUARI- CANO AFUERA","1703,1707,1757,1797,1805,1830,1857,1897"
SANTO DOMINGO,SANTO DOMINGO NORTE,SANTO DOMINGO NORTE,ESCUELA BASICA JACAGUA,CALLE BRAULIA DE PAULA NO. 86,JACAGUA,"1691,1898"
SANTO DOMINGO,SANTO DOMINGO NORTE,SANTO DOMINGO NORTE,ESCUELA BASICA PAULA ANTONIA MERCEDES ENCARNACION,"CALLE PRIMERA NO, 26",BATEY DUQUESA,1692
SANTO DOMINGO,SANTO DOMINGO NORTE,SANTO DOMINGO NORTE,ESCUELA BASICA LA ESPERANZA,CALLE MAMA TINGO NO. 53,"LA ESPERANZA, LICEY","1695,1759,1832,1872,1900,2006"
SANTO DOMINGO,SANTO DOMINGO NORTE,SANTO DOMINGO NORTE,ESCUELA BASICA EL CHAPARRAL,"CALLE LOS MORENOS NO. 37, LOS MORENOS PUNTA",LOS MORENOS DE PUNTA,"1696,1760,1833,1901,1951,2019"
SANTO DOMINGO,SANTO DOMINGO NORTE,SANTO DOMINGO NORTE,ESCUELA BASICA MATA DE LOS INDIOS,CALLE 30 NO. 67,MATA LOS INDIOS,"1685,1786,1858,1902"
SANTO DOMINGO,SANTO DOMINGO NORTE,SANTO DOMINGO NORTE,ESCUELA BASICA MARIA AUXIL- IADORA,CALLE MARIA AUXILIADORA NO. 50,MARIA AUXILIADORA,"1686,1717,1761,1798,1806,1834,1871,1903,1952,2020"
SANTO DOMINGO,SANTO DOMINGO NORTE,SANTO DOMINGO NORTE,ESCUELA COMUNAL EL PARAISO,C/ LA FRUTA NO. 4,PARAISO,"1687,1731,1762,1799,1835,1873,1904,1922,1953,2021"
SANTO DOMINGO,SANTO DOMINGO NORTE,SANTO DOMINGO NORTE,COLEGIO LAS ABEJITAS,"MANZANA 20 NO. 14, URB. PRIMAVERAL",PRIMAVERAL,"1688,1718,1763,1836,1869,1923,2007"
SANTO DOMINGO,SANTO DOMINGO NORTE,SANTO DOMINGO NORTE,ESCUELA BASICA EUGENIO MARIA DE HOSTOS,C/ HNOS. HEREDIA NO. 10,"CASA VIEJA, VILLA MELLA","1705,1764,1859,1905,1954"
SANTO DOMINGO,SANTO DOMINGO NORTE,SANTO DOMINGO NORTE,COLEGIO JEHOVA NISI,AVE. HERMANA MIRABAL NO. 330,SANTA CRUZ,"1682,1719,1765,1800,1807,1837,1860,1924,1955,2022"
SANTO DOMINGO,SANTO DOMINGO NORTE,SANTO DOMINGO NORTE,COLEGIO ABC SCHOOL CENTER,C/ 14 NO. 3,VILLA NUEVA,"1683,1720,1766,1787,1838,1861,1906,1925,1956,2008,2023"
SANTO DOMINGO,SANTO DOMINGO NORTE,SANTO DOMINGO NORTE,COLEGIO SAN CARLOS,C/ PASEO DE LOS COCOS NO. 4,BUENA VISTA I,"1684,1721,1767,1801"
SANTO DOMINGO,SANTO DOMINGO NORTE,SANTO DOMINGO NORTE,CENTRO EDUCATIVO MAXIMO GOMEZ,CALLE MARINA GRAJALES NO. 3 ESQ. LUIS MARCANO,MAXIMO GOMEZ,"1681,1722,1768,1926,2009"
SANTO DOMINGO,SANTO DOMINGO NORTE,SANTO DOMINGO NORTE,CLUB DEP. Y CULTURAL ENRIQUIL- LO,C/ FRANCISCO DEL ROSARIO SANCHEZ NO. 3,ENRIQUILLO,"1680,1723,1769,1788,2045"
SANTO DOMINGO,SANTO DOMINGO NORTE,SANTO DOMINGO NORTE,ESCUELA BASICA LA JAVILLA,CALLE BLAS HINOJOSA NO. 30,LA JAVILLA,"1710,1789,1839,1927,2010"
SANTO DOMINGO,SANTO DOMINGO NORTE,SANTO DOMINGO NORTE,ESCUELA BASICA TROPICO,AVE. EMMA BALAGUER NO. 1,GUARICANO,"1733,1770,1808,1840,1851,1907,1957,2011,2032"
SANTO DOMINGO,SANTO DOMINGO NORTE,SANTO DOMINGO NORTE,ESCUELA BASICA SUIZA,C/ ROSA DUARTE NO. 19,EL MANGUITO,"1735,1790,1889,1969,1974"
SANTO DOMINGO,SANTO DOMINGO NORTE,SANTO DOMINGO NORTE,CENTRO EDUCATIVO LOS TRINI- TARIOS,"CALLE ADOLFO OLIVO NO. 12, LOS ARKEANOS","LOS ARKEANOS, SAN FELIPE","1736,1791,1841,1908,1975,2024"
SANTO DOMINGO,SANTO DOMINGO NORTE,SANTO DOMINGO NORTE,ESCUELA BASICA ANA CELIA VIUDA VASQUEZ,C/ EMILIANO VASQUEZ NO. 28,"MAJAGUAL, SABANA PERDIDA","1738,1842,1976"
SANTO DOMINGO,SANTO DOMINGO NORTE,SANTO DOMINGO NORTE,LICEO VESPERTINO TAIWAN,CALLE CENTRAL NO. 4,VILLA POMPA,"1739,1792,1843,1867,1958,2033"
SANTO DOMINGO,SANTO DOMINGO NORTE,SANTO DOMINGO NORTE,CLUB DEPORTIVO Y CULTURAL VICTOR BURGOS,CALLE DUARTE NO. 32,LOS PALMARES,"1741,1793,1844,1870,2034"
SANTO DOMINGO,SANTO DOMINGO NORTE,SANTO DOMINGO NORTE,ESCUELA BASICA MINERVA MIRABAL,"CALLE ENSUEÑO ESQUINA PARAISO, LOS CERROS DE SABANA PERDIDA",LOS CERROS DE SA- BANA PERDIDA,"1491,1491A,1491B,1599,1744,1809,1845"
SANTO DOMINGO,SANTO DOMINGO NORTE,SANTO DOMINGO NORTE,ESCUELA BASICA LOS COORDI- NADORES,CALLE SANCHEZ NO. 12,LOS COORDINADORES,"1732,1802,1977,2046"
SANTO DOMINGO,SANTO DOMINGO NORTE,SANTO DOMINGO NORTE,ESCUELA BASICA LAS MALVINAS II,CALLE DANILO LEONARDO NO. 3,LAS MALVINAS. VILLA MELLA,"1810,1928"
SANTO DOMINGO,SANTO DOMINGO NORTE,SANTO DOMINGO NORTE,ESCUELA BASICA LA PAZ,CALLE PRIMERA NO. 2,"LA PAZ, SAN FELIPE","1811,1909,1978,2025"
SANTO DOMINGO,SANTO DOMINGO NORTE,SANTO DOMINGO NORTE,GUARDERIA PARROQUIAL EL ALMENDRO,CALLE ANASTACIO BRAZOBAN S/N,"LOS ALMENDROS, SAN FELIPE","1812,1929,2012"
SANTO DOMINGO,SANTO DOMINGO NORTE,SANTO DOMINGO NORTE,ESCUELA BASICA MELVIN JONES,CALLE 3RA. NO. 45,EL MILLONCITO,"1699,1715,1753,1815,1846,1866"
SANTO DOMINGO,SANTO DOMINGO NORTE,SANTO DOMINGO NORTE,CENTRO EDUCATIVO SUPERA- CION BRISAS DEL MAJAGUAL (SUBRIMA),CALLE 6 ESQ. CALLE 22,LOTES Y SERVICIOS,"1847,1874,1930,1998"
SANTO DOMINGO,SANTO DOMINGO NORTE,SANTO DOMINGO NORTE,CENTRO MEDICO APRODEMI,"CALLE MAURICIO BAEZ, GUAR- ICANO",GUARICANO,"1892,1910,1961"
SANTO DOMINGO,SANTO DOMINGO NORTE,SANTO DOMINGO NORTE,COLEGIO ADVENTISTA REDEN- CION,CALLE 16 DE AGOSTO #5,"VILLA BLANCA I, SA- BANA PERDIDA","1877,1963"
SANTO DOMINGO,SANTO DOMINGO NORTE,SANTO DOMINGO NORTE,ESCUELA LABORAL JOSE FRAN- CISCO PEÑA GOMEZ,"CALLE 3#60, SABANA PERDIDA","SABANA CENTRO, SABANA PERDIDA","1878,1964,2047"
SANTO DOMINGO,SANTO DOMINGO NORTE,SANTO DOMINGO NORTE,CLUB LEONCIO MANZUETA,"CALLE NEPTUNO #27,RESI- DENCIAL SOL DE LUZ, VILLA MELLA","SOL DE LUZ, VILLA MELLA","1879,1912,1965"
SANTO DOMINGO,SANTO DOMINGO NORTE,SANTO DOMINGO NORTE,ESCUELA COMUNITARIA ESPER- ANZA Y VIDA,"CALLE RESTAURACION #47,NUEVA ISABELA II",GUARICANO,"1880,1913,1966,2035"
SANTO DOMINGO,SANTO DOMINGO NORTE,SANTO DOMINGO NORTE,HOGAR DE DIA PARA ENVEJECI- ENTES,"CALLE 20 # 74, VILLA SATELITE, VILLA MELLA","VILLA SATELITE, SAN FELIPE VILLA MELLA","1881,1934"
SANTO DOMINGO,SANTO DOMINGO NORTE,SANTO DOMINGO NORTE,CENTRO COMUNAL SANTA CRUZ,"CALLE PROYECTO ESQUINA CENTRAL, LOS TRINITARIOS",SANTA CRUZ,"1882,1914,1967,2048"
SANTO DOMINGO,SANTO DOMINGO NORTE,SANTO DOMINGO NORTE,CENTRO PSICOPEDAGOGICO EL ALMIRANTE,CALLE PRIMERA #59,LOTES Y SERVICIOS,"1883,1935,1979"
SANTO DOMINGO,SANTO DOMINGO NORTE,SANTO DOMINGO NORTE,CENTRO PSICOPEDAGOGICO DE LA ROSA,CALLE D #7 EL MILLONCITO,EL MILLONCITO,"1884,1980"
SANTO DOMINGO,SANTO DOMINGO NORTE,SANTO DOMINGO NORTE,COLEGIO ANACAONA,CALLE PRINCIPAL # 1,LOS CERROS DE SA- BANA PERDIDA,1885
SANTO DOMINGO,SANTO DOMINGO NORTE,SANTO DOMINGO NORTE,CENTRO DE DESARROLLO INTE- GRAL,"CALLE 4TA. BATEY ESTRELLA, GUARICANO",BATEY LA ESTRELLA,"1886,1936"
SANTO DOMINGO,SANTO DOMINGO NORTE,SANTO DOMINGO NORTE,CENTRO PEDAGOGICO NUEVO MILENIO,"CALLE CARLOS GOMEZ RUIZ, #25",ENRIQUILLO,"1887,1937,1968"
SANTO DOMINGO,SANTO DOMINGO NORTE,SANTO DOMINGO NORTE,"CENTRO EDUCATIVO CIRIACO MARIA, FE Y ALEGRIA",CALLE ANTONIO GUZMAN FERNANDEZ,MARAÑON,"1734,1888,1938,1981"
SANTO DOMINGO,SANTO DOMINGO NORTE,SANTO DOMINGO NORTE,INSTITUTO POSTAL DOMINICANO (INPOSDOM),CARRETERA SABANA-LA VIC- TORIA #61,SABANA PERDIDA,"1890,1915,1970"
SANTO DOMINGO,SANTO DOMINGO NORTE,SANTO DOMINGO NORTE,IGLESIA DE DIOS EL RESCATE,CALLE MARGINAL ESQUINA CALLE 3,EUGENIO MARIA DE HOSTOS,"1916,2049"
SANTO DOMINGO,SANTO DOMINGO NORTE,SANTO DOMINGO NORTE,COLEGIO IBEROAMERICANO DE SANTO DOMINGO,"AV. CENTRAL NO.2, COLINAS DEL ARROYO,II.","CIUDAD MODELO, MIRA- DOR NORTE","1917,1971,2015,2036"
SANTO DOMINGO,SANTO DOMINGO NORTE,SANTO DOMINGO NORTE,DISTRITO ESCOLAR 10-01,AVE. PRIMERA ESQ. DUARTE,VILLA MELLA,"1939,1972"
SANTO DOMINGO,SANTO DOMINGO NORTE,SANTO DOMINGO NORTE,CENTRO EDUCATIVO YOMA,CALLE 15 ESQ. H,"VISTA BELLA, VILLA MELLA",1940
SANTO DOMINGO,SANTO DOMINGO NORTE,SANTO DOMINGO NORTE,ESCUELA BASICA MARIA TRINIDAD SANCHEZ,AV. HERMANAS MIRABAL S/N,EL EDEN,"1603,1604,1604A,1697,1750,1814,1827,1850,1862,1891,1895,1933,1941,1959,2026"
SANTO DOMINGO,SANTO DOMINGO NORTE,SANTO DOMINGO NORTE,ESCUELA BASICA PROFESOR JUAN BOSCH,CALLE 3RA.,CRUZ GRANDE,1942
SANTO DOMINGO,SANTO DOMINGO NORTE,SANTO DOMINGO NORTE,ESCUELA BASICA MARIA TERESA MIRABAL,AV. CHALES DE GAULLE ESQ. GREGORIO LUPERON,"LIBERTAD II, SABANA PERDIDA","1299,1299A,1299B,1299C,1299D,1299E,1943"
SANTO DOMINGO,SANTO DOMINGO NORTE,SANTO DOMINGO NORTE,LICEO MARIA TERESA MIRABAL,CALLE RAMON EMILIO JIMENEZ,MARAÑON,1944
SANTO DOMINGO,SANTO DOMINGO NORTE,SANTO DOMINGO NORTE,COLEGIO EVANGELICO ADONAI,CALLE ANACAONA NO. 52,EL CENTRO GUARI- CANO,"1945,1982"
SANTO DOMINGO,SANTO DOMINGO NORTE,SANTO DOMINGO NORTE,CENTRO EDUCATIVO CORONEL RAFAEL TOMAS FERNANDEZ,CALLE PROYECTO 26 DE ENERO,"26 DE ENERO, GUARI- CANO AFUERA",1946
SANTO DOMINGO,SANTO DOMINGO NORTE,SANTO DOMINGO NORTE,POLITECNICO FRANCISCO A. CAAMAÑA DEÑO,"C/PRIMERA NO.2, LOS CORAL- ITOS",BUENA VISTA I,"1983,2027"
SANTO DOMINGO,SANTO DOMINGO NORTE,SANTO DOMINGO NORTE,ESCUELA BASICA EUGENIO MARIA DE HOSTOS,AV. LOS RESTAURADORES S/N ENTRADA EL CACHON,EL CACHON,1984
SANTO DOMINGO,SANTO DOMINGO NORTE,SANTO DOMINGO NORTE,ESCUELA BASICA MARIA MUÑOZ SORIANO,C/SAN MIGUEL S/N PONCE,GUARICANO,"1986,2037"
SANTO DOMINGO,SANTO DOMINGO NORTE,SANTO DOMINGO NORTE,ESCUELA COMUNITARIA MAURI- CIO BAEZ,"C/ 6 NO. 49, LOS FEOS",GUARICANO,1987
SANTO DOMINGO,SANTO DOMINGO NORTE,SANTO DOMINGO NORTE,ESCUELA BASICA LICEY,"C/ EL LICEY NO. 5, LICEY",SAN FELIPE,1990
SANTO DOMINGO,SANTO DOMINGO NORTE,SANTO DOMINGO NORTE,ESCUELA BASICA FERNANDO DE LA CRUZ,C/PRINCIPAL S/N KM 26,SIERRA PRIETA,1991
SANTO DOMINGO,SANTO DOMINGO NORTE,SANTO DOMINGO NORTE,ESCUELA BASICA JUAN PABLO DUARTE,"C/ ANACAONA NO. 8, LA LOTERIA","BARRIO LA LOTERIA, SABANA PERDIDA",1993
SANTO DOMINGO,SANTO DOMINGO NORTE,SANTO DOMINGO NORTE,ESCUELA BASICA MATILDE BERROA,CALLE SALOME UREÑA S/N,"LAS CARPAS II,GUARI- CANO",1994
SANTO DOMINGO,SANTO DOMINGO NORTE,SANTO DOMINGO NORTE,ESCUELA BASICA PEDRO MIR,"C/RESPALDO21 NO. 18, LAS COLINAS","LAS COLINAS, SABANA PERDIDA",1995
SANTO DOMINGO,SANTO DOMINGO NORTE,SANTO DOMINGO NORTE,"LICEO SOR ANGELES VALLS, FE Y ALEGRIA",C/PRINCIPAL S/N LA NUEVA BARQUITA,"NUEVA BARQUITA, SABANA PERDIDA","1997,2038"
SANTO DOMINGO,SANTO DOMINGO NORTE,SANTO DOMINGO NORTE,CENTRO EDUCATIVO DEL NIVEL MEDIO SAN FELIPE,CARRETERA YAMASA KILIME- TRO 16,SAN FELIPE,"1140,1140A,1595,1595A,1666,2028"
SANTO DOMINGO,SANTO DOMINGO NORTE,SANTO DOMINGO NORTE,POLITECNICO MANUEL AURELIO TAVAREZ JUSTO,CALLE PRINCIPAL NO. 1,HARAS NACIONALES,"1821,1894,1949,2002,2029"
SANTO DOMINGO,SANTO DOMINGO NORTE,SANTO DOMINGO NORTE,CENTRO EDUCATIVO CONTRERAS,CALLE CEUTA S/N,CEUTA,"1440,1440A,1440B"
SANTO DOMINGO,SANTO DOMINGO NORTE,SANTO DOMINGO NORTE,CENTRO EDUCATIVO DORA CE- LESTE SANTOS,CALLE NORMAN DE CASTRO NO. 1,COLONIA DE LOS DOC- TORES,"1813,1848,1931,2054"
SANTO DOMINGO,SANTO DOMINGO NORTE,SANTO DOMINGO NORTE,SALÓN MULTIUSO URBANIZACIÓN ISABELA,CALLE 12 ESQ. 2DA.,"MIRADOR ISABELA, VILLA MELLA","1704,1758,1831,1899,2052"
SANTO DOMINGO,SANTO DOMINGO NORTE,SANTO DOMINGO NORTE,CASA CLUB VISTA BELLA ( LOS MOSQUITOS),CALLE 1RA.ESQUINA F.,"VISTA BELLA, VILLA MELLA","1740,1849,2013"
SANTO DOMINGO,SANTO DOMINGO NORTE,SANTO DOMINGO NORTE,ESCUELA LABORAL FUNDACION MUJERES POR LA EDUCACION,"CALLE A S/N, MILLONCITO",LOTES Y SERVICIOS,"1318,1318A,1318B,1318C"
SANTO DOMINGO,SANTO DOMINGO NORTE,SANTO DOMINGO NORTE,ESCUELA LABORAL PROF. JUAN BOSCH,"CALLE 24 ESQUINA 18, LOTES Y SERVICIOS",LOTES Y SERVICIOS,"1388,1388A,1388B,1388C,1388D,1388E"
SANTO DOMINGO,SANTO DOMINGO NORTE,SANTO DOMINGO NORTE,ESCUELA PROF. FELIX MORENO MARCANO,AVENIDA LOS RESTAURA- DORES S/N,"SABANA CENTRO, SABANA PERDIDA","1601,1601A,1601B,1601C,1601D,1668,2050"
SANTO DOMINGO,SANTO DOMINGO NORTE,SANTO DOMINGO NORTE,ESCUELA COMUNITARIA RENACER,CALLE 10 NO. 19,GUARICANO,"1947,2016,2051"
SANTO DOMINGO,SANTO DOMINGO NORTE,SANTO DOMINGO NORTE,OFICINA ADMINISTRATIVA. JUNTA DE VECINOS CIUDAD MODELO,CALLE BOULEVARD NO. 1,"CIUDAD MODELO, MIRA- DOR NORTE",2053
SANTO DOMINGO,SANTO DOMINGO NORTE,SANTO DOMINGO NORTE,INSTITUTO POLITECNICO ARAGON,CALLE 2DA. ESQUINA CALLE DUARTE,GUARICANO ADENTRO,"1781,1826,1853,2004,2039"
SANTO DOMINGO,SANTO DOMINGO NORTE,LA VICTORIA (DM),ESCUELA BASICA GUANUMA,"PARAJE LAS CAÑITAS, CALLE SEGUNDA NO. 2",LAS CAÑITAS,"1082,1082A,1083,1083A,1863"
SANTO DOMINGO,SANTO DOMINGO NORTE,LA VICTORIA (DM),ESCUELA BASICA HACIENDA ESTRELLA,"PARAJE HACIENDA ESTRELLA, C/ JOSE FRANCISCO SANCHEZ NO. 101",HACIENDA ESTRELLA,"1085,1085A,1086,1086A,1087,1087A,1581,1817,1948"
SANTO DOMINGO,SANTO DOMINGO NORTE,LA VICTORIA (DM),ESCUELA PASTORA MARGARITA MERCEDES,"PARAJE LA CEIBA, CALLE SEGUNDA NO. 54",LA CEIBA,"1091,1091A,1582"
SANTO DOMINGO,SANTO DOMINGO NORTE,LA VICTORIA (DM),CENTRO EDUCATIVO LOS CAS- TILLOS,"PARAJE LOS CASTILLOS, CAL- LE PRINCIPAL S/N",LOS CASTILLOS,"1088,1088A,1089,1803"
SANTO DOMINGO,SANTO DOMINGO NORTE,LA VICTORIA (DM),ESCUELA BASICA LA BOMBA,"PARAJE NARANJO DE CHINA, CARRET CRUCE LA BOMBA, KM. 30",NARANJO DE CHINA,"1084,1084A,1864"
SANTO DOMINGO,SANTO DOMINGO NORTE,LA VICTORIA (DM),ESCUELA BASICA PADRE GARCIA,CALLE FRANCISCO DEL ROSA- RIO SANCHEZ NO. 7,LA VICTORIA ( ZONA ESCUELA ),"1100,1100A,1101,1101A,1102,1102A,1103,1103A,1584"
SANTO DOMINGO,SANTO DOMINGO NORTE,LA VICTORIA (DM),CENTRO EDUCATIVO SAN JOA- QUIN,CALLE SAN ANTONIO S/N ESQ. CALLE ALTAGRACIA,BATEY SAN JOAQUIN,"1105,2000"
SANTO DOMINGO,SANTO DOMINGO NORTE,LA VICTORIA (DM),ESCUELA BASICA ANTOLINA HERNANDEZ,"CALLE PRINCIPAL, EL AGUA- CATE",EL AGUACATE,1099
SANTO DOMINGO,SANTO DOMINGO NORTE,LA VICTORIA (DM),ESCUELA BASICA MARIA FIGUEROA ADON,CARRETERA SABANA PERDI- DA-LA VICTORIA NO. 26,EL DAJAO,"1104,1104A,1726,1819,1893,2001,2041"
SANTO DOMINGO,SANTO DOMINGO NORTE,LA VICTORIA (DM),ESCUELA BASICA FRANCISCO ACOSTA GARCIA,"PARAJE JUAN TOMAS, CALLE LAS CAOBAS NO. 238",JUAN TOMAS,"1096,1096A,1727,1865"
SANTO DOMINGO,SANTO DOMINGO NORTE,LA VICTORIA (DM),ESCUELA BASICA ALTAGRACIA CLARIS,"PARAJE MAL NOMBRE, CALLE PRINCIPAL",MAL NOMBRE,"1095,1648,1648A"
SANTO DOMINGO,SANTO DOMINGO NORTE,LA VICTORIA (DM),ESCUELA PRIMARIA MARICAO,"PARAJE MARICAO, CARRETERA A YAMASA KM. 20",MARICAO,"1094,1094A,1583"
SANTO DOMINGO,SANTO DOMINGO NORTE,LA VICTORIA (DM),ESCUELA BASICA ANGEL DE JESUS DURAN,"CALLE PRINCIPAL NO. 1, MATA MAMON",MATA MAMON,"1097,1098"
SANTO DOMINGO,SANTO DOMINGO NORTE,LA VICTORIA (DM),CENTRO EDUCATIVO JULIA ENA PEREZ MATOS,"PARAJE PALMILLA, CALLE PRIN- CIPAL NO. 60",PALMILLA,"1268,1774"
SANTO DOMINGO,SANTO DOMINGO NORTE,LA VICTORIA (DM),ESCUELA BASICA RANCHO ARRIBA,"PARAJE RANCHO ARRIBA, CAMINO VECINAL S/N",RANCHO ARRIBA,1092
SANTO DOMINGO,SANTO DOMINGO NORTE,LA VICTORIA (DM),ESCUELA BASICA PROF. ELPIDIO JAVIER TAPIA,"PARAJE SANTANA, CALLE PRIMERA S/N","SANTANA, REVENTON","1093,1093A"
SANTO DOMINGO,SANTO DOMINGO NORTE,LA VICTORIA (DM),CENTRO EDUC. ALBERTA MON- EGRO (ANT. ESCUELA EL CRUCE LA GINA),"CRUCE DE LA GINA, HACIENDA ESTRELLA",CRUCE DE LA GINA,1693
SANTO DOMINGO,SANTO DOMINGO NORTE,LA VICTORIA (DM),ESCUELA BASICA CARMEN CELIA BALAGUER,CALLE DUARTE NO. 89,LA CAMPAÑA,"1694,1921"
SANTO DOMINGO,SANTO DOMINGO NORTE,LA VICTORIA (DM),LICEO MARCOS EVANGELISTA ADON,CALLE SAN MARTIN DE POR- RES #14,POBLADO LA VICTORIA,"1876,1911,1962,2014"
SANTO DOMINGO,SANTO DOMINGO NORTE,LA VICTORIA (DM),ESCUELA BASICA FERREGU,C/ PRINCIPAL NO. 17,FERREGUS,1985
SANTO DOMINGO,SANTO DOMINGO NORTE,LA VICTORIA (DM),ESCUELA BASICA PROF.(A) MER- CEDES RODRIGUEZ,C/ PRINCIPAL NO. 7,LAS MERCEDES,1988
SANTO DOMINGO,SANTO DOMINGO NORTE,LA VICTORIA (DM),CENTRO EDUCATIVO PRIMAVERA,"CARRETERA LA VICTORIA , LOS CASTILLOS S/N",PRIMAVERA,1989
SANTO DOMINGO,SANTO DOMINGO NORTE,LA VICTORIA (DM),LICEO CASIMIRO ROJAS DE LOS SANTOS,C/ LAS CAÑITAS S/N,LAS CAÑITAS,1992
SANTO DOMINGO,SANTO DOMINGO NORTE,LA VICTORIA (DM),ESCUELA BASICA LORETO ROJAS REYNOSO,C/PRIMERA NO. 1,LOMAS DE VILLA MELLA,1996
SANTO DOMINGO,SANTO DOMINGO NORTE,LA VICTORIA (DM),ESCUELA PRIMARIA PROF. FELICI- TA ELEUTERIO,CALLE MUTUALISMO NO. 27,LA VICTORIA ( ZONA ESCUELA ),"1725,1737,1773,1818,2030"
SANTO DOMINGO,BOCA CHICA,BOCA CHICA,CENTRO EDUCATIVO REPUBLICA DE GUYANAS,"CALLE 2DA. ESQ. LOS RIELES, LOS TANQUEISITOS",LOS TANQUESITOS,"1435,1435A,1436,1436A,1629,1710,1751,1775,1781"
SANTO DOMINGO,BOCA CHICA,BOCA CHICA,ESC. PRIM. SRA. ELVIRA DE MEN- DOZA,AVENIDA 20 DE DICIEMBRE,BOCA CHICA,"1199,1199A,1200,1200A,1200B,1201,1201A,1627,1730,1752,1771,1782,1796"
SANTO DOMINGO,BOCA CHICA,BOCA CHICA,ESC.PRIM.INTERM. VITALINA MOR- DAN DE CRUZ,CALLE 27 FEBRERO NO. 1,ANDRES,"1204,1204A,1204B,1204C,1205,1205A,1205B,1206,1206A,1206B,1209,1209A,1209B,1210,1210A,1210B,1211,1211A,1211B,1212,1212A,1213,1628"
SANTO DOMINGO,BOCA CHICA,BOCA CHICA,ESCUELA BASICA MERCEDES RAFAELA VASQUEZ SOSA,"PARAJE LA MALENA, KM. 40 AUTOVIA DEL ESTE",LA MALENA,"1214,1733"
SANTO DOMINGO,BOCA CHICA,BOCA CHICA,SINDICATO ARRIMO,"SALOME UREÑA PJE AN- DRES,BOCA CHICA",ANDRES,"1202,1202A,1202B"
SANTO DOMINGO,BOCA CHICA,BOCA CHICA,CENTRO CULTURAL BOCA CHICA,CALLE SANCHEZ NO. 4,ANDRES,"1207,1207A,1207B,1207C"
SANTO DOMINGO,BOCA CHICA,BOCA CHICA,UNION SIND.DE TRABAJ.DE PUER- TO Y MUELLES,CALLE R NO. 12,ANDRES,"1208,1208A"
SANTO DOMINGO,BOCA CHICA,BOCA CHICA,COLEGIO SAN RAFAEL,PADRE ERNESTO GOLLENECHI NO. 80,ANDRES,"1704,1728,1736,1746,1753,1758,1765,1776,1799,1809"
SANTO DOMINGO,BOCA CHICA,BOCA CHICA,CENTRO EDUCATIVO PROF. ALBA- LINA ACOSTA DE VASQUEZ,CALLE LAS MERCEDES NO. 24,"INVI CEA, BOCA CHICA","1713,1716,1741,1767,1792"
SANTO DOMINGO,BOCA CHICA,BOCA CHICA,ESCUELA BASICA FORMERIO RODRIGUEZ,CALLE 1RA NO. 41,BRISAS DE CAUCEDO,"1714,1742,1766,1794"
SANTO DOMINGO,BOCA CHICA,BOCA CHICA,CENTRO DE ORGANIZACIONES JUAN MONTERO GOMEZ,CALLE MANUEL JIMENEZ NO. 40 ESQ. REPARTO 1RA.,LOS TANQUESITOS,"1718,1803"
SANTO DOMINGO,BOCA CHICA,BOCA CHICA,CLUB JUAN ALBERTO OZORIA,AVE. 2O DE DICIEMBRE NO. 49,BOCA CHICA,"1720,1743"
SANTO DOMINGO,BOCA CHICA,BOCA CHICA,ESCUELA LIC. MARTHA ROSA CASTILLO,CALLE LAS MERCEDES ESQ. CALLE COUNTRY CLUB NO. 23,LA ALTAGRACIA,"1726,1744,1749,1779,1793"
SANTO DOMINGO,BOCA CHICA,BOCA CHICA,ESCUELA PRIMARIA PROFESOR AQUILES SANTANA,"PARAJE CRUCE DE BOCA CHI- CA, CARRETERA MELLA NO. 38",CRUCE DE BOCA CHICA,"1195,1705,1727,1732"
SANTO DOMINGO,BOCA CHICA,BOCA CHICA,ESCUELA BASICA JUAN PABLO II,"CALLE HILDA GUTIERREZ, ALTOS DE MONTE REY",ALTOS DE MONTE REY,"0001,1703,1747,1780"
SANTO DOMINGO,BOCA CHICA,BOCA CHICA,LICEO ANDRES AVELINO,CALLE ERNESTO GOYENECHE #1,ANDRES,"1702,1724,1770,1789,1807"
SANTO DOMINGO,BOCA CHICA,BOCA CHICA,ESCUELA BASICA PROF. PEDRO ANTONIO BATISTA,PROLONGACION CALLE H,BRISAS DE CAUCEDO,"1729,1790"
SANTO DOMINGO,BOCA CHICA,BOCA CHICA,CENTRO EDUCATIVO LICDA. JOSE- FA CASTILLO,CALLE JOSE FRANCISCO PEÑA GOMEZ NO.12,ANDRES,"1203,1203A,1203B"
SANTO DOMINGO,BOCA CHICA,BOCA CHICA,LICEO HILDA GUTIERREZ,"CALLE PROLONGACION CARACOL, S/N","ALTOS DE CHAVON, BOCA CHICA",1798
SANTO DOMINGO,BOCA CHICA,BOCA CHICA,ESCUELA MARIA TRINIDAD SAN- CHEZ,"CALLE MANUELA DIEZ #15, BRISAS DEL NORTE,LOS BOTAO","BRISAS DEL NORTE, LOS TANQUESITOS","1712,1740,1759,1778,1791,1808"
SANTO DOMINGO,BOCA CHICA,BOCA CHICA,LICEO DEL ARTE MODERNO EU- GENIO MARIA DE HOSTOS,CALLE ALBALINA ACOSTA NO. 21,LA ALTAGRACIA,1810
SANTO DOMINGO,BOCA CHICA,BOCA CHICA,POLITECNICO CAMILA HENRIQUEZ UREÑA,"CALLE H, BRISAS DE CAUCEDO",ANDRES,"1721,1745,1760"
SANTO DOMINGO,BOCA CHICA,LA CALETA (DM),CENTRO EDUCATIVO PROF. MANU- EL CRUZ ALVAREZ,"CALLE FRANCISCO DEL ROSARIO SANCHEZ, MONTE ADENTRO",MONTE ADENTRO,"1196,1196A,1196B,1196C,1196D,1197,1197A,1197B,1197C,1197D,1198,1198A,1198B,1198C,1198D"
SANTO DOMINGO,BOCA CHICA,LA CALETA (DM),ESCUELA BASICA EL VALIENTE,"PARAJE EL VALIENTE, CALLE 16 DE AGOSTO NO. 18",EL VALIENTE,"1678,1722,1734,1764,1784,1805"
SANTO DOMINGO,BOCA CHICA,LA CALETA (DM),ESCUELA PRIMARIA ANACAONA,"C/ DUARTE ESQ. ENRIQUILLO, PARAJE MONTE ADENTRO",MONTE ADENTRO,"1680,1681,1735,1748,1774,1785,1797"
SANTO DOMINGO,BOCA CHICA,LA CALETA (DM),ESCUELA PRIMARIA CASANDRA DAMIRON,"PARAJE EL VALIENTE, CALLE 5 NO. 33 ESQ. 16",EL VALIENTE,"1706,1725,1731,1737,1757,1762,1769,1777,1787,1795,1800,1811"
SANTO DOMINGO,BOCA CHICA,LA CALETA (DM),ESCUELA SAMIRA MASSIT DE HANES,CALLE 16 (ANTIGUA TAMARIN- DO) NO. 28,"CAMPO LINDO II, LA CALETA","1707,1717,1738,1768,1786"
SANTO DOMINGO,BOCA CHICA,LA CALETA (DM),ESCUELA HERMANAS MIRABAL,"CALLE 30 NO. 12, ESQUINA MINERVA MIRABAL",VALIENTE III,"1709,1754,1783,1806"
SANTO DOMINGO,BOCA CHICA,LA CALETA (DM),ESCUELA PROFESOR RAFAEL DELGADILLO (LOS UNIDOS),"CALLE LA 22, DM LA CALETA","LOS UNICOS, LA CALETA","1711,1739,1773"
SANTO DOMINGO,BOCA CHICA,LA CALETA (DM),COLEGIO FILANDA MONTERO,"PARAJE LA CALETA, C/ MARIA TRINIDAD SANCHEZ NO.9",LA CALETA,"1723,1804"
SANTO DOMINGO,BOCA CHICA,LA CALETA (DM),LICEO FRANCISCO DEL ROSARIO SANCHEZ,AUTOPISTA LAS AMERICAS KM. 25,LA CALETA,"1626,1626A,1626B,1708,1755,1763,1772,1788,1801"
SANTO DOMINGO,BOCA CHICA,LA CALETA (DM),ESCUELA BASICA SANTA LUCIA (MARCELINA CORDERO),CALLE CIBAO NO. 83,SANTA LUCIA,"1715,1756,1802"
SANTO DOMINGO,BOCA CHICA,LA CALETA (DM),CENTRO EDUCATIVO CRISTIANO LIC. MATEO LAFOND PEREZ,CALLE 12 NO. 7,LA CALETA,"1719,1750,1761,1812"
SANTO DOMINGO,BOCA CHICA,LA CALETA (DM),LICEO PROFESRO ELADIO AQUINO,"AUTOPISTA LAS AMERICAS, KM 25",LA CALETA,1813
SANTO DOMINGO,SAN ANTONIO DE GUERRA,SAN ANTONIO DE GUERRA,CENTRO EDUCATIVO JUAN REYES SANTANA,PARAJE MOJARRA,MOJARRA,"0001,1773"
SANTO DOMINGO,SAN ANTONIO DE GUERRA,SAN ANTONIO DE GUERRA,ESCUELA PRIM. LEONOR MARIA FELTZ,M. DEL ROSARIO/S. ANTONIO,GUERRA (ZONA ES- CUELA),"1120,1120A,1120B,1121,1121A,1121B,1324,1324A,1324B,1425,1425A,1587,1762,1764"
SANTO DOMINGO,SAN ANTONIO DE GUERRA,SAN ANTONIO DE GUERRA,ESCUELA PRIMARIA ARCADIA REYES,PARAJE LA PIÑA,LA PIÑA DE BELLA VISTA,"1117,1117A"
SANTO DOMINGO,SAN ANTONIO DE GUERRA,SAN ANTONIO DE GUERRA,ESCUELA PRIMARIA CARMEN DELIA ORTIZ,PARAJE EL CAJUILITO,MOJARRA,"1122,1122A"
SANTO DOMINGO,SAN ANTONIO DE GUERRA,SAN ANTONIO DE GUERRA,ESCUELA PRIMARIA TANCREDO VASQUEZ,PARAJE LA PLUMA,LA PLUMA,1118
SANTO DOMINGO,SAN ANTONIO DE GUERRA,SAN ANTONIO DE GUERRA,CENTRO EDUCATIVO MERCEDES KRAWINKEL,PARAJE LA JOYA,LA JOYA,"1106,1106A,1107,1107A,1585"
SANTO DOMINGO,SAN ANTONIO DE GUERRA,SAN ANTONIO DE GUERRA,ESCUELA PRIMARIA JOBITA SORIANO,PARAJE EL MAMON,EL MAMON,"1114,1761,1774"
SANTO DOMINGO,SAN ANTONIO DE GUERRA,SAN ANTONIO DE GUERRA,CENTRO EDUCATIVO JUAN FELIX ORTIZ,PARAJE EL TORO,EL TORO,"1112,1112A,1113,1765,1775"
SANTO DOMINGO,SAN ANTONIO DE GUERRA,SAN ANTONIO DE GUERRA,CENTRO EDUCATIVO FRANCISCO DEL ROSARIO SANCHEZ,PARAJE EL VISO,EL VISO,"1109,1766"
SANTO DOMINGO,SAN ANTONIO DE GUERRA,SAN ANTONIO DE GUERRA,ESCUELA PRIMARIA VICENTE C. DUARTE,"PARAJE EL CEA, LA REFORMA",EL CEA,1713
SANTO DOMINGO,SAN ANTONIO DE GUERRA,SAN ANTONIO DE GUERRA,PRE ESCOLAR NUEVO HORIZONTE,PARAJE JOYITA,LA JOYITA,1690
SANTO DOMINGO,SAN ANTONIO DE GUERRA,SAN ANTONIO DE GUERRA,LICEO DIURNO PROF. MARIO AMA- DOR ALVAREZ,Calle Restauración No. 51,GUERRA (ZONA ES- CUELA),"1697,1763,1768,1769,1771"
SANTO DOMINGO,SAN ANTONIO DE GUERRA,SAN ANTONIO DE GUERRA,ESCUELA PRIMARIA THOMAS HERNANDEZ,PARAJE MATA DE PALMA,MATA DE PALMA,1767
SANTO DOMINGO,SAN ANTONIO DE GUERRA,SAN ANTONIO DE GUERRA,ESCUELA PRIMARIA LA CONCOR- DIA,PARAJE CONCORDIA BANI,CONCORDIA (BANI),1770
SANTO DOMINGO,SAN ANTONIO DE GUERRA,SAN ANTONIO DE GUERRA,ESCUELA PRIMARIA JUANA TAV- ERAS LIRIANO,"CALLE MONTES DE OCA, BAR- RIO NICANOR",LA CORCOBA,"1772,1776,1778"
SANTO DOMINGO,SAN ANTONIO DE GUERRA,SAN ANTONIO DE GUERRA,POLITECNICO EUGENIO DE JESUS MARCANO FONDEUR,PARAJE MATA DE PALMA,MATA DE PALMA,"1115,1115A,1116,1116A,1586,1777"
SANTO DOMINGO,SAN ANTONIO DE GUERRA,HATO VIEJO (DM),CENTRO EDUCATIVO MADRE LAURA,PARAJE ESTORGA,ESTORGA,"1108,1108A,1649"
SANTO DOMINGO,SAN ANTONIO DE GUERRA,HATO VIEJO (DM),CENTRO EDUCATIVO FRANKLIN MIESES BURGOS,"PARAJE HATO VIEJO,BATEY 2",BATEY 2 Y 3,"1110,1110A,1111"
SANTO DOMINGO,PEDRO BRAND,PEDRO BRAND,LICEO GREGORIO LUPERON,CALLE SALOME UREÐA NO. 27 KM. 25,LOS COCOS,"0001,1130,1130A,1130B,1130C,1733,1747,1750,1762,1763,1772,1781"
SANTO DOMINGO,PEDRO BRAND,PEDRO BRAND,CENTRO EDUCATIVO PEDRO BRAND,SECTOR HATILLO,HATILLO,"1131,1131A,1132,1132A,1133,1133A,1594,1594A,1734,1751,1764,1782"
SANTO DOMINGO,PEDRO BRAND,PEDRO BRAND,ESCUELA SALOME UREÑA DE HENRIQUEZ,PARAJE LOMAS LINDAS,LOMAS LINDAS,"1129,1129A,1593"
SANTO DOMINGO,PEDRO BRAND,PEDRO BRAND,ESCUELA INICIAL Y BASICA SAL- USTIANO ACEBAL,PARAJE LOS COROZOS,LOS COROZOS,"1134,1134A,1134B,1743"
SANTO DOMINGO,PEDRO BRAND,PEDRO BRAND,ESCUELA BASICA RUBEN VALDEZ SANCHEZ,PARAJE PIEDRA GORDA,PIEDRA GORDA,"1128,1735"
SANTO DOMINGO,PEDRO BRAND,PEDRO BRAND,ESCUELA EDUCACION INICIAL GREGORIO SANTOS,PARAJE LOS COCOS DE PE- DRO BRAND,LOS COCOS,"1684,1714,1740,1748,1761,1767,1776"
SANTO DOMINGO,PEDRO BRAND,PEDRO BRAND,ESCUELA INICIAL Y BASICA EDU- ARDO BRITO,"CARRETERA DAURTE VIEJA, KM. 24","EDUARDO BRITO, LOS COCOS","1730,1741,1745,1755,1760,1768,1774,1779,1784"
SANTO DOMINGO,PEDRO BRAND,PEDRO BRAND,ESCUELA BASICA MARIA DE MON- TESSORI,CARRETERA DUARTE VIEJA,"EDUARDO BRITO, LOS COCOS","1758,1771,1787"
SANTO DOMINGO,PEDRO BRAND,PEDRO BRAND,ESCUELA FRANCIA MARGARITA AYALA,BARRIO PARAISO,PARAISO,1777
SANTO DOMINGO,PEDRO BRAND,PEDRO BRAND,ESCUELA CAMPAMENTO 16 DE AGOSTO,CALLE LAS MERCEDES,"LAS MERCEDES, KM. 25","1778,1788"
SANTO DOMINGO,PEDRO BRAND,LA GUAYIGA (DM),ESCUELA MARIA TERESA MIRABAL,PARAJE BATEY YACO,YACO,"1079,1079A,1736"
SANTO DOMINGO,PEDRO BRAND,LA GUAYIGA (DM),ESCUELA MARINO MORENO GONZALEZ,PARAJE PEDREGAL,EL PEDREGAL,"1071,1738"
SANTO DOMINGO,PEDRO BRAND,LA GUAYIGA (DM),ESCUELA BASICA PROF. ALBA LUZ CASILLA DIAZ,PARAJE LA GUAYIGA KM. 22,LA GUAYIGA KM. 22,"1081,1081A,1081B,1580,1739,1754,1757,1766,1775"
SANTO DOMINGO,PEDRO BRAND,LA GUAYIGA (DM),ESCUELA FRANCISCO DEL ROSA- RIO SANCHEZ,CALLE ARROYO LEBRON NO. 16,"EL BRISAL, LA GUAYIGA","1731,1742,1749,1759,1769,1773,1785"
SANTO DOMINGO,PEDRO BRAND,LA GUAYIGA (DM),LICEO PEDRO HENRIQUEZ UREÑA,"PARAJE LA GUAYIGA KM. 22, LA GUAYIGA, KM. 22",LA GUAYIGA KM. 22,"1080,1080A,1080B,1080C,1080D,1732,1744,1746,1770,1786"
SANTO DOMINGO,PEDRO BRAND,LA GUAYIGA (DM),ESCUELA LOPEZ DE VEGA,CIUDAD PABLO MELLA MO- RALES,"KM. 18, AUTOPISTA DUARTE","1780,1791"
SANTO DOMINGO,PEDRO BRAND,LA GUAYIGA (DM),ESCUELA FLERIDA DE NOLASCO,"LOS GARCIA, KM. 22",LOS GARCIAS,1789
SANTO DOMINGO,PEDRO BRAND,LA CUABA (DM),ESCUELA PRIMARIA FACUNDO LABATA RAMIREZ,PARAJE EL LIMON,EL LIMON,"1073,1752"
SANTO DOMINGO,PEDRO BRAND,LA CUABA (DM),ESCUELA ABIGAIL MEGIA,PARAJE LA CUABA,LA CUABA,"1074,1075,1076,1737,1753,1765,1783"
SANTO DOMINGO,PEDRO BRAND,LA CUABA (DM),ESCUELA BASICA JUANA DE ARCO,PARAJE SABANA EN MEDIO,SABANA EN MEDIO,"1078,1790"
SANTO DOMINGO,PEDRO BRAND,LA CUABA (DM),ESCUELA PRIMARIA RURAL,PARAJE LOS AGUACATES,LOS AGUACATES,1756
SANTO DOMINGO,LOS ALCARRIZOS,LOS ALCARRIZOS,CENTRO DE ESTUDIOS ROSA DE SARON,CALLE 23 NO. 25 ESQUINA CALLE 12,PUEBLO NUEVO,"1619,1619A,1619B,1619C,1619D"
SANTO DOMINGO,LOS ALCARRIZOS,LOS ALCARRIZOS,ESCUELA BASICA CARMEN CELIA BALAGUER,C/ CENTRAL NO. 76,PUEBLO NUEVO,"1263,1263A,1263B,1264,1264A,1264B,1265,1265A,1266,1266A,1266B,1363,1363A,1363B"
SANTO DOMINGO,LOS ALCARRIZOS,LOS ALCARRIZOS,ESCUELA LOCAL DE CONANI,CALLE DUARTE NO. 386 FRENTE AL INSTITUTO POSTAL,CANTA LA RANA,"1381,1381A,1381B,1381C,1381D,1393,1393A,1393B"
SANTO DOMINGO,LOS ALCARRIZOS,LOS ALCARRIZOS,ESCUELA AMPARO GARCIA MOLINA,CALLE SAN ANTONIO NO. 29,LOS ALCARRIZOS VIEJO,"1277,1277A,1277B,1278,1278A,1278B,1421,1421A"
SANTO DOMINGO,LOS ALCARRIZOS,LOS ALCARRIZOS,COLEGIO PARROQUIAL SAN ANTO- NIO DE PADUA.,CALLE SAN ANTONIO #73,LOS ALCARRIZOS VIEJO,"1302,1302A,1302B,1816,1843,1963"
SANTO DOMINGO,LOS ALCARRIZOS,LOS ALCARRIZOS,CENTRO EDUCATIVO JUAN PABLO DUARTE,CALLE 6 NO. 32,SAVICA,"1367,1367A,1367B,1367C,1461,1461A,1461B"
SANTO DOMINGO,LOS ALCARRIZOS,LOS ALCARRIZOS,ESCUELA URBANA MARGINAL FELIX MARIA DEL MONTE,CALLE SOL #52,SAVICA,"0001,1283,1283A,1283B,1283C,1283D,1805,1844"
SANTO DOMINGO,LOS ALCARRIZOS,LOS ALCARRIZOS,INSTITUTO POLITECNICO MAX HENRIQUEZ UREÑA,CARRETERA HATO NUEVO #34,LA UNION,"1466,1466A,1466B,1466C,1466D,1466E,1467,1467A,1467B,1468,1468A,1468B,1468C"
SANTO DOMINGO,LOS ALCARRIZOS,LOS ALCARRIZOS,ESCUELA MANUEL EMILIO JIMENEZ,C/ PUENTE BLANCO CASI ESQ. YOLANDA GUZMAN,24 DE ABRIL,"1464,1464A,1464B,1465,1465A,1465B,1951,1964"
SANTO DOMINGO,LOS ALCARRIZOS,LOS ALCARRIZOS,COLEGIO BIBLICO BETHEL,CALLE JOSE MARTI NO. 20,24 DE ABRIL,"1681,1712"
SANTO DOMINGO,LOS ALCARRIZOS,LOS ALCARRIZOS,ESCUELA BASICA PROF. ROGELIO MINAYA,CALLE JUAN PABLO PINA NO. 23,LAS MERCEDES,"1682,1817,1827,1858,1878,1883,1904,1927"
SANTO DOMINGO,LOS ALCARRIZOS,LOS ALCARRIZOS,CENTRO EDUCATIVO EUGENIO MARIA DE HOSTOS,C/ HORIZONTES NO. 52,NUEVO HORIZONTE,"1382,1382A,1382B,1618,1618A,1704,1819,1846,1860"
SANTO DOMINGO,LOS ALCARRIZOS,LOS ALCARRIZOS,DISPENSARIO MEDICO ZONA FRANCA,PARQUE INDUSTRIAL ZONA FRANCA,LOS AMERICANOS,"1706,1735"
SANTO DOMINGO,LOS ALCARRIZOS,LOS ALCARRIZOS,ESCUELA FE Y ALEGRIA (PROF. CAMILA HENRIQUEZ UREÑA),C/ 7 ESQ. GOLONDRINA,LOS ALCARRIZOS 2DA.,"1707,1717,1820,1847"
SANTO DOMINGO,LOS ALCARRIZOS,LOS ALCARRIZOS,ESCUELA JUANA RAMONA ZARZU- ELA,C/ MANZANA 07 NO. 8,INVI,"1700,1718,1919,1928"
SANTO DOMINGO,LOS ALCARRIZOS,LOS ALCARRIZOS,CENTRO EDUCATIVO JUANA SALTITOPA,CALLE 17 NO. 46,JUANA SALTITOPA,"1402,1402A,1402B,1402C,1422,1422A,1422B,1422C,1709,1828,1880,1929"
SANTO DOMINGO,LOS ALCARRIZOS,LOS ALCARRIZOS,ESCUELA LABORAL (CLUB CUL- TURAL),CALLE CENTRAL NO. 90 ESQUI- NA 1RA.,PUEBLO NUEVO,"1708,1822,1892"
SANTO DOMINGO,LOS ALCARRIZOS,LOS ALCARRIZOS,CENTRO DE ESTUDIOS DUARTE,"CALLE 17 NO. 16,",LANDIA,"1728,1809,1848,1861,1893"
SANTO DOMINGO,LOS ALCARRIZOS,LOS ALCARRIZOS,COLEGIO GUSTAVO ADOLFO BECQUER,CALLE CAONABO NO. 3,LOS ALCARRIZOS VIEJO,"1804,1829,1894,1930,1965"
SANTO DOMINGO,LOS ALCARRIZOS,LOS ALCARRIZOS,CENTRO DE ESTUDIOS DESPER- TAD,CALLE YOLANDA GUZMAN ESQUINA SANCHEZ,24 DE ABRIL,"1806,1862,1920"
SANTO DOMINGO,LOS ALCARRIZOS,LOS ALCARRIZOS,ESCUELA BASICA ANA LUCIA PUJOLS,CALLE LA TOKA NO. 6,NUEVO AMANECER,"1811,1832,1863,1889,1907,1921,1946"
SANTO DOMINGO,LOS ALCARRIZOS,LOS ALCARRIZOS,CENTRO EDUCATIVO JERUSALEN (CEJE),CALLE 24 DE ABRIL NO. 50,PUEBLO NUEVO,"1276,1276A,1276B,1276C,1813"
SANTO DOMINGO,LOS ALCARRIZOS,LOS ALCARRIZOS,ESCUELA BASICA NORGE WIL- LIAMS BOTELLO FERNANDEZ,CALLE SAN RAFAEL NO. 6 ESQ. ANGEL DARIO MELLA,HATO NUEVO,"1814,1833,1864,1888,1908,1931"
SANTO DOMINGO,LOS ALCARRIZOS,LOS ALCARRIZOS,COLEGIO ACADEMIA NUEVO SENDERO,CALLE LAS CARRERAS NO. 14,LIBERTADOR,"1815,1834,1876,1909,1932"
SANTO DOMINGO,LOS ALCARRIZOS,LOS ALCARRIZOS,COLEGIO EVANGELICO EMANUEL,CALLE DUARTE NO. 210,SAVICA,"1462,1462A,1462B,1463,1463A"
SANTO DOMINGO,LOS ALCARRIZOS,LOS ALCARRIZOS,CENTRO EDUCATIVO JOSE NUÑEZ DE CACERES,CALLE SAN RAMON NO. 64,EL PARAISO,"1839,1913"
SANTO DOMINGO,LOS ALCARRIZOS,LOS ALCARRIZOS,ESCUELA BASICA JOSE REYES,CALLE 27 ESQUINA LOS CERROS,LOS CERROS,"1840,1884,1923,1966"
SANTO DOMINGO,LOS ALCARRIZOS,LOS ALCARRIZOS,ESCUELA BASICA FLORINDA SORI- ANO (MAMA TINGO),CALLE MISTOLIN NO. 53,VALLE ENCANTADO,"1841,1896,1924"
SANTO DOMINGO,LOS ALCARRIZOS,LOS ALCARRIZOS,COLEGIO SOL BRILLANTE,CALLE CESAR NICOLAS PEN- ZON NO. 12,LOS HIDALGOS,1851
SANTO DOMINGO,LOS ALCARRIZOS,LOS ALCARRIZOS,ESCUELA PRIMARIA EMILIO PRUD HOMME,"CALLE MARIA TRINIDAD SAN- CHEZ, VILLA SAN FELIPE",GRAN PODER DE DIOS,"1852,1874,1881,1947"
SANTO DOMINGO,LOS ALCARRIZOS,LOS ALCARRIZOS,ESCUELA JOSE MARTI,CALLE MANOLO TAVAREZ JUSTO,SAVICA,"1853,1875,1897"
SANTO DOMINGO,LOS ALCARRIZOS,LOS ALCARRIZOS,CENTRO EDUCATIVO BARQUITOS DE COLORES,MANZ. 110 #14,CIUDAD SATELITE,"1856,1952"
SANTO DOMINGO,LOS ALCARRIZOS,LOS ALCARRIZOS,ESCUELA BASICA PABLO NERUDA,CALLE 26 NO. 19,PUEBLO NUEVO,"1842,1867,1882,1949"
SANTO DOMINGO,LOS ALCARRIZOS,LOS ALCARRIZOS,CENTRO EDUCATIVO PROFESOR RAMON GARCIA,CALLE 35 # 41,PUEBLO NUEVO,"1868,1916"
SANTO DOMINGO,LOS ALCARRIZOS,LOS ALCARRIZOS,CENTRO EDUCATIVO ILUSION,CALLE 22 #21 ESQUINA 22,SAVICA,"1869,1917,1967"
SANTO DOMINGO,LOS ALCARRIZOS,LOS ALCARRIZOS,CENTRO PEDAGOGICO INTEGRAL ALMIRKA,CALLE 14 ESQ. 25 #9,SAVICA,"1886,1926"
SANTO DOMINGO,LOS ALCARRIZOS,LOS ALCARRIZOS,COLEGIO DULCE CORPORAN,CALLE 23 #58,PUEBLO NUEVO,"1887,1968"
SANTO DOMINGO,LOS ALCARRIZOS,LOS ALCARRIZOS,COLEGIO MATERNAL LAS TORRES,"CALLE LAS TORRES 19, # 46",LEBRON,"1899,1976"
SANTO DOMINGO,LOS ALCARRIZOS,LOS ALCARRIZOS,COLEGIO EL PORVENIR DEL NIÑO,"CALLE JERUSALEN, #7",LANDIA,1900
SANTO DOMINGO,LOS ALCARRIZOS,LOS ALCARRIZOS,ESCUELA PRIMARIA RUBEN DARIO,CALLE NICARAGUA NO. 17,ALTOS DE CHAVON,"1837,1873,1911,1936"
SANTO DOMINGO,LOS ALCARRIZOS,LOS ALCARRIZOS,LICEO FEDERICO HENRIQUEZ Y CARVAJAL,CALLE DE LOS SANTOS,LA FE,"1365,1365A,1365B,1365C,1365D,1812,1838,1849,1912,1937"
SANTO DOMINGO,LOS ALCARRIZOS,LOS ALCARRIZOS,COMEDOR ECONOMICO,"CALLE 6, NO. 15 ESQ. CALLE 11",PUEBLO NUEVO,"1335,1335A,1335B,1938"
SANTO DOMINGO,LOS ALCARRIZOS,LOS ALCARRIZOS,ESCUELA PRIMARIA EMMANUEL ESPINAL,CALLE SAN MARCOS,EL PARAISO,1941
SANTO DOMINGO,LOS ALCARRIZOS,LOS ALCARRIZOS,LICEO DIURNO RUDDY MA. CO- MAS BAUTISTA,CALLE CENTRAL NO. 61,"VILLA LINDA, LOS AL- CARRIZOS","1943,1970"
SANTO DOMINGO,LOS ALCARRIZOS,LOS ALCARRIZOS,LICEO PROFESOR JUAN BOSCH,CALLE VILLAS LOS PELOTEROS,VILLAS LOS PELOTEROS,"1185,1185A,1185B,1185C,1185D,1186,1186A,1186B,1186C,1187,1187A,1187B,1944"
SANTO DOMINGO,LOS ALCARRIZOS,LOS ALCARRIZOS,CENTRO EDUCATIVO ABRAHAM,CALLE 1RA. #2,SAN RAFAEL,1954
SANTO DOMINGO,LOS ALCARRIZOS,LOS ALCARRIZOS,ESCUELA BASICA BUENAS NUE- VAS,CALLE 4 NO. 1,LAS MERCEDES,1955
SANTO DOMINGO,LOS ALCARRIZOS,LOS ALCARRIZOS,ESCUELA BASICA PEDRO MIR,CALLE 14 #04,LANDIA,1956
SANTO DOMINGO,LOS ALCARRIZOS,LOS ALCARRIZOS,ESCUELA BASICA SOCORRO SANCHEZ,CALLE CENTRAL ESQUINA TUCAN #10,LOS AMERICANOS,"1957,1971"
SANTO DOMINGO,LOS ALCARRIZOS,LOS ALCARRIZOS,ESCUELA PRIMARIA NARCISO GONZALEZ,CALLE RESPALDO MANUEL DE JESUS GALVAN,LA ESPERANZA,"1652,1652A,1652B,1821,1891,1903,1958"
SANTO DOMINGO,LOS ALCARRIZOS,LOS ALCARRIZOS,LICEO PROF. ELIZABETH LANTI- GUA BONILLA,CALLE 14 ESQUINA PEDRO LIVIO CEDEÐO,LAS MERCEDES,1959
SANTO DOMINGO,LOS ALCARRIZOS,LOS ALCARRIZOS,ESCUELA PRIMARIA MI BANDERA,CALLE SAGRARIO DIES N0. 30,LA FE,"1807,1810,1830,1831,1885,1895,1960"
SANTO DOMINGO,LOS ALCARRIZOS,LOS ALCARRIZOS,COLEGIO EVANGELICO MARCELI- NA DAWSON,CALLE PRIMERA NO. 58,LIBERTADOR,1962
SANTO DOMINGO,LOS ALCARRIZOS,LOS ALCARRIZOS,CENTRO EDUCATIVO DOMICIANO MATOS SENA,CALLE LEVIS DANIELA ESQUI- NA NAPOLEON BONA,LA PAZ,1973
SANTO DOMINGO,LOS ALCARRIZOS,LOS ALCARRIZOS,LICEO JUAN RAMON NUÑEZ CASTILLO,CALLE MANUEL GARCIA COSTA ESQUINA ANGEL DARIO MELLA,HATO NUEVO,1974
SANTO DOMINGO,LOS ALCARRIZOS,LOS ALCARRIZOS,ESCUELA PRIMARIA MARTHA,CALLE GREGORIO MORILLO,VILLAS LOS PELOTEROS,"1617,1617A,1617B,1655,1655A,1980"
SANTO DOMINGO,LOS ALCARRIZOS,PALMAREJO (DM),LICEO OSVALDO BAZIL LEYBA,"DM Palmarejo, Calle 1ra. No. 11",PALMAREJO,"1180,1180A,1614,1825,1890"
SANTO DOMINGO,LOS ALCARRIZOS,PALMAREJO (DM),CENTRO COMUNAL MULTIUSO,"DM Palmarejo, calle 1ra. No. 14",PALMAREJITO-VILLA LINDA,"1678,1826,1877"
SANTO DOMINGO,LOS ALCARRIZOS,PALMAREJO (DM),ESCUELA BASICA JESUS DE NAZARET,"Paraje Palmarejto, Autopista Duarte Km. 17",PALMAREJITO-VILLA LINDA,"1683,1713,1845,1859,1879,1905,1945"
SANTO DOMINGO,LOS ALCARRIZOS,PALMAREJO (DM),ECUELA BASICA JOHANNY ALCA- NTARA,CALLE F # 13,PALMAREJO,"1870,1914,1948,1975"
SANTO DOMINGO,LOS ALCARRIZOS,PALMAREJO (DM),ESCUELA SANTA FE Y ESPERANZA,CALLE LOS LIRIOS,SANTA BARBARA,1939
SANTO DOMINGO,LOS ALCARRIZOS,PALMAREJO (DM),CENTRO EDUC. PROF. ANA LUISA ANDUJAR SOLANO (FE Y ALEGRIA),CALLE PRIMERA NO. 78 ESQUI- NA JOSE GRACIANO,LAS FLORES,1961
SANTO DOMINGO,LOS ALCARRIZOS,PANTOJA (DM),CENTRO EDUCATIVO SAN JOSE FE Y ALEGRIA (LADO OESTE),CALLE DE LA CULTURA NUME- RO 2 ESQUINA CARRETERA A LA ISABELA,PANTOJA,"1181,1181A,1182,1182A,1615,1615A,1615B,1615C,1615D,1615E,1615F,1615G,1615H,1615I"
SANTO DOMINGO,LOS ALCARRIZOS,PANTOJA (DM),CENTRO DE ESTUDIO GUZMAN DE JESUS,CALLE MANZANA P NO. 1,"DON GREGORIO, PANTOJA","1685,1715,1733,1906"
SANTO DOMINGO,LOS ALCARRIZOS,PANTOJA (DM),COLEGIO TECNICO LA REDEN- CION,CARRETERA LA ISABELA NO. 199,PANTOJA,"1823,1835,1872"
SANTO DOMINGO,LOS ALCARRIZOS,PANTOJA (DM),LICEO JOSE FRANCISCO PEÑA GOMEZ,AVENIDA MONUMENTAL NO. 56,SAMARIA,"1824,1850,1910"
SANTO DOMINGO,LOS ALCARRIZOS,PANTOJA (DM),ESCUELA BASICA MINERVA MIRABAL,"D.M. PANTOJA, CARRETERA ISABELA NO. 54",PANTOJA,"1477,1477A,1477B,1478,1478A,1478B,1479,1479A,1855,1865"
SANTO DOMINGO,LOS ALCARRIZOS,PANTOJA (DM),CENTRO EDUCATIVO LA OBRA DE DIOS,CALLE MANANTIAL NO. 2 ESQ. SANCHEZ,"VILLA MORADA, PAN- TOJA","1836,1922"
SANTO DOMINGO,LOS ALCARRIZOS,PANTOJA (DM),CENTRO EDUCATIVO SENDA DE AMOR,MANZANA I NO. 28,"CARMEN RENATA 1RA., PANTOJA","1854,1933"
SANTO DOMINGO,LOS ALCARRIZOS,PANTOJA (DM),CENTRO EDUCATIVO LOS NIÑOS DE HOY,"PARAJE PANTOJA, CARRET. LA ISABELA # 221",PANTOJA,"1871,1898,1915,1925,1935"
SANTO DOMINGO,LOS ALCARRIZOS,PANTOJA (DM),CENTRO EDUCATIVO MI NUEVA ESPERANZA,"CALLE COOPERACION, #54","LA REDENCION, PAN- TOJA","1901,1950,1977"
SANTO DOMINGO,LOS ALCARRIZOS,PANTOJA (DM),SALON MULTIUSO,CALLE ESFUERZO #5,"LA REDENCION, PAN- TOJA","1902,1918,1953"
SANTO DOMINGO,LOS ALCARRIZOS,PANTOJA (DM),ESCUELA MANUELA DIEZ,CARRETERA LA ISABELA NO. 4,PANTOJA,"1857,1940,1969,1978"
SANTO DOMINGO,LOS ALCARRIZOS,PANTOJA (DM),LICEO GREGORIO URBANO GILBERT,"CALLE PROFESOR JUAN BOSCH, D.M. PANTOJA","VILLA MORADA, PAN- TOJA","1942,1979"
SANTO DOMINGO,LOS ALCARRIZOS,PANTOJA (DM),ESCUELA BASICA GABRIELA MISTRAL,RESIDENCIAL DON MIGUEL,"DON MIGUEL, PANTO- JAS",1972
PAÍS,RELOACCLEIEÓN D,E RECINTDOESSC RYIP CCIÓONLEGIOS,ELECTORALES END IREELCC EIÓXNTERIOR,CCOOLLEEGGIIOO,,
PAÍS,OCLEE,DESCRIPCIÓN,DIRECCIÓN,CCOOLLEEGGIIOO,,
ALEMANIA,OCLEE HOLANDA,CONSULADO DE LA REP.DOMINICANA,"NEUER WALL NO.39, HAMBURGO.",0211,,
ALEMANIA,OCLEE HOLANDA,CONSULADO DE LA REP.DOMINICANA,"NEUER WALL NO.39, HAMBURGO.",0212,,
ALEMANIA,OCLEE HOLANDA,EMBAJADA DE LA REP.DOMINICANA EN BERLIN,"KNESEBECKSTRASSE NO. 61 A, BERLIN.",0216,,
ALEMANIA,OCLEE HOLANDA,INSTITUTO CERVANTES,"STAUFENSTRASSE NO. 1, FRANKFURT AM MAIN",0220,,
ALEMANIA,OCLEE HOLANDA,INSTITUTO CERVANTES,"STAUFENSTRASSE NO. 1, FRANKFURT AM MAIN",0221,,
ALEMANIA,OCLEE HOLANDA,INSTITUTO CERVANTES,"STAUFENSTRASSE NO. 1, FRANKFURT AM MAIN",0222,,
ALEMANIA,OCLEE HOLANDA,INSTITUTO CERVANTES,"STAUFENSTRASSE NO. 1, FRANKFURT AM MAIN",0223,,
ANGUILLA,OCLEE SAN MARTIN,THE VALLEY PRIMARY SCHOOL,THE VALLEY ROAD,1488,,
ANTIGUA Y BARBUDA,OCLEE SAN MARTIN,MULTIPURPOSE CULTURAL AND EXHIBITION CENTRE,"PERRY BAY MAIN RD, ST JOHN'S, ANTIGUA Y BARBUDA",1484,,
ANTIGUA Y BARBUDA,OCLEE SAN MARTIN,MULTIPURPOSE CULTURAL AND EXHIBITION CENTRE,"PERRY BAY MAIN RD, ST JOHN'S, ANTIGUA Y BARBUDA",1485,,
ANTIGUA Y BARBUDA,OCLEE SAN MARTIN,MULTIPURPOSE CULTURAL AND EXHIBITION CENTRE,"PERRY BAY MAIN RD, ST JOHN'S, ANTIGUA Y BARBUDA",1486,,
ANTIGUA Y BARBUDA,OCLEE SAN MARTIN,MULTIPURPOSE CULTURAL AND EXHIBITION CENTRE,"PERRY BAY MAIN RD, ST JOHN'S, ANTIGUA Y BARBUDA",1487,,
ARGENTINA,OCLEE CHILE,EMBAJADA DE LA REP.DOMINICANA EN ARGENTINA,"SANTA FE 911, 6-B. BUENOS AIRES, ARGENTINA 1059",0176,,
ARGENTINA,OCLEE CHILE,EMBAJADA DE LA REP.DOMINICANA EN ARGENTINA,"SANTA FE 911, 6-B. BUENOS AIRES, ARGENTINA 1059",0177,,
ARGENTINA,OCLEE CHILE,EMBAJADA DE LA REP.DOMINICANA EN ARGENTINA,"SANTA FE 911, 6-B. BUENOS AIRES, ARGENTINA 1059",0178,,
ARGENTINA,OCLEE CHILE,EMBAJADA DE LA REP.DOMINICANA EN ARGENTINA,"SANTA FE 911, 6-B. BUENOS AIRES, ARGENTINA 1059",0179,,
ARGENTINA,OCLEE CHILE,EMBAJADA DE LA REP.DOMINICANA EN ARGENTINA,"SANTA FE 911, 6-B. BUENOS AIRES, ARGENTINA 1059",0180,,
ARUBA,OCLEE CURAZAO,CENTRO DE BARIO PLAYA PABOU,"MADIKI 117, ORANJESTAD, ARUBA.",0194,,
ARUBA,OCLEE CURAZAO,CENTRO DE BARIO PLAYA PABOU,"MADIKI 117, ORANJESTAD, ARUBA.",0195,,
ARUBA,OCLEE CURAZAO,CENTRO DE BARIO PLAYA PABOU,"MADIKI 117, ORANJESTAD, ARUBA.",0196,,
ARUBA,OCLEE CURAZAO,CENTRO DE BARIO PLAYA PABOU,"MADIKI 117, ORANJESTAD, ARUBA.",0197,,
ARUBA,OCLEE CURAZAO,CENTRO DE BARIO PLAYA PABOU,"MADIKI 117, ORANJESTAD, ARUBA.",0198,,
AUSTRIA,OCLEE HOLANDA,EMBAJADA DE LA REP. DOM. EN AUSTRIA,PRINZ EUGEN STRASSE NO. 18 CP 1040,0214,,
AUSTRIA,OCLEE HOLANDA,VEREIN K.R.L,"WIENER STRASSE 41-A, 4020 LINZ",0215,,
BELGICA,OCLEE HOLANDA,RADISON BLU ASTRISD HOTEL,KONINGIN ASTRIDPLEIN NO.7,0213,,
BELGICA,OCLEE HOLANDA,THON HOTEL EU,RUE DE LA LOI NO. 75,0217,,
BELGICA,OCLEE HOLANDA,THON HOTEL EU,RUE DE LA LOI NO. 75,0218,,
BONAIRE,OCLEE CURAZAO,FUNDASHON ANTRIOL AVANTI,KAYA FILMENA Z/N (PLAZA CHIKU GOELOE),0203,,
CANADA,OCLEE MONTREAL,"CASA D""ITALIA","505 JEAN-TALON E. MONTREAL, QC. CANADA, H2R 1T6",0480,,
CANADA,OCLEE MONTREAL,"CASA D""ITALIA","505 JEAN-TALON E. MONTREAL, QC. CANADA, H2R 1T6",0481,,
CANADA,OCLEE MONTREAL,"CASA D""ITALIA","505 JEAN-TALON E. MONTREAL, QC. CANADA, H2R 1T6",0482,,
CANADA,OCLEE MONTREAL,"CASA D""ITALIA","505 JEAN-TALON E. MONTREAL, QC. CANADA, H2R 1T6",0483,,
CANADA,OCLEE TORONTO,MADONNA CATHOLIC SECONDARY SCHOOL,"20 DUBRAY AVE. NORTH YORK, ON, M3K 1V5",1489,,
CANADA,OCLEE TORONTO,MADONNA CATHOLIC SECONDARY SCHOOL,"20 DUBRAY AVE. NORTH YORK, ON, M3K 1V5",1490,,
CANADA,OCLEE TORONTO,MADONNA CATHOLIC SECONDARY SCHOOL,"20 DUBRAY AVE. NORTH YORK, ON, M3K 1V5",1491,,
CANADA,OCLEE TORONTO,MADONNA CATHOLIC SECONDARY SCHOOL,"20 DUBRAY AVE. NORTH YORK, ON, M3K 1V5",1492,,
CANADA,OCLEE TORONTO,MADONNA CATHOLIC SECONDARY SCHOOL,"20 DUBRAY AVE. NORTH YORK, ON, M3K 1V5",1493,,
CHILE,OCLEE CHILE,ESCUELA BILINGUE REPÚBLICA DE PARA- GUAY,"AV. RECOLETA 480, RECOLETA",0183,,
CHILE,OCLEE CHILE,ESCUELA BILINGUE REPÚBLICA DE PARA- GUAY,"AV. RECOLETA 480, RECOLETA",0184,,
CHILE,OCLEE CHILE,ESCUELA BILINGUE REPÚBLICA DE PARA- GUAY,"AV. RECOLETA 480, RECOLETA",0185,,
CHILE,OCLEE CHILE,ESCUELA BILINGUE REPÚBLICA DE PARA- GUAY,"AV. RECOLETA 480, RECOLETA",0186,,
CHILE,OCLEE CHILE,ESCUELA BILINGUE REPÚBLICA DE PARA- GUAY,"AV. RECOLETA 480, RECOLETA",0187,,
CHILE,OCLEE CHILE,ESCUELA BILINGUE REPÚBLICA DE PARA- GUAY,"AV. RECOLETA 480, RECOLETA",0188,,
CHILE,OCLEE CHILE,LICEO PAULA JARAQUEMADA,"CALLE JUAREZ LARGA 616, RECOLETA",0189,,
PAÍS,OCLEE,DESCRIPCIÓN,DIRECCIÓN,CCOOLLEEGGIIOO,,
CHILE,OCLEE CHILE,LICEO PAULA JARAQUEMADA,"CALLE JUAREZ LARGA 616, RECOLETA",0190,,
CHILE,OCLEE CHILE,LICEO PAULA JARAQUEMADA,"CALLE JUAREZ LARGA 616, RECOLETA",0191,,
CHILE,OCLEE CHILE,LICEO PAULA JARAQUEMADA,"CALLE JUAREZ LARGA 616, RECOLETA",0192,,
CHILE,OCLEE CHILE,LICEO PAULA JARAQUEMADA,"CALLE JUAREZ LARGA 616, RECOLETA",0193,,
COSTA RICA,OCLEE PANAMA,ESCUELA REPÚBLICA DOMINICANA,"RUTA NACIONAL SECUNDARIA 211, SAN JOSÉ, SAN FRANCISCO, COSTA RICA",1243,,
COSTA RICA,OCLEE PANAMA,ESCUELA REPÚBLICA DOMINICANA,"RUTA NACIONAL SECUNDARIA 211, SAN JOSÉ, SAN FRANCISCO, COSTA RICA",1244,,
CURAZAO,OCLEE CURAZAO,STA. ROSA DE LIMA COLLEGE,ORENJESTRAAT NO. 238,0205,,
CURAZAO,OCLEE CURAZAO,STA. ROSA DE LIMA COLLEGE,ORENJESTRAAT NO. 238,0206,,
CURAZAO,OCLEE CURAZAO,STA. ROSA DE LIMA COLLEGE,ORENJESTRAAT NO. 238,0207,,
CURAZAO,OCLEE CURAZAO,STA. ROSA DE LIMA COLLEGE,ORENJESTRAAT NO. 238,0208,,
CURAZAO,OCLEE CURAZAO,STA. ROSA DE LIMA COLLEGE,ORENJESTRAAT NO. 238,0209,,
CURAZAO,OCLEE CURAZAO,STA. ROSA DE LIMA COLLEGE,ORENJESTRAAT NO. 238,0210,,
ECUADOR,OCLEE CHILE,EMBAJADA DE LA REP.DOMINICANA EN ECUADOR,"GERMAN ALEMÁN, GERMAN ALEMÁN & JUAN RAMIREZ E12- Y, QUITO 170135, ECUADOR",0181,,
ESPAÑA,OCLEE BARCELONA,AYUNTAMIENTO DE SALOU (SALA AUDITO- RIO),"PASEO DEL 30 DE OCTUBRE, N°4 - CP 43080 SALOU",0001,,
ESPAÑA,OCLEE BARCELONA,AYUNTAMIENTO DE SALOU (SALA AUDITO- RIO),"PASEO DEL 30 DE OCTUBRE, N°4 - CP 43080 SALOU",0002,,
ESPAÑA,OCLEE BARCELONA,CASAL CIVIC I COMUNITARIAIGUALDA MONTSERRAT,"CALLE DE LES ORQUIDIES 7, 08700 - IGUALADA",0003,,
ESPAÑA,OCLEE BARCELONA,CENTRE CIVIC DEL CARME,"PLAÇA DE LA PATACADA 10, CP-43201 REUS, TARRAGONA",0004,,
ESPAÑA,OCLEE BARCELONA,CENTRE CIVIC DEL CARME,"PLAÇA DE LA PATACADA 10, CP-43201 REUS, TARRAGONA",0005,,
ESPAÑA,OCLEE BARCELONA,CENTRE CIVIC I COMUNITARI CAN BORRELL,"PASSATGE MAS BORRELL 1 - CP 17300 BLANES, GIRONA",0006,,
ESPAÑA,OCLEE BARCELONA,CENTRE CIVIC JOAN OLIVER PERE QUART,"CALLE COMMANDANT BENITEZ 6, 08028, BARCELONA",0007,,
ESPAÑA,OCLEE BARCELONA,CENTRE CIVIC JOAN OLIVER PERE QUART,"CALLE COMMANDANT BENITEZ 6, 08028, BARCELONA",0008,,
ESPAÑA,OCLEE BARCELONA,CENTRE CIVIC JOAN OLIVER PERE QUART,"CALLE COMMANDANT BENITEZ 6, 08028, BARCELONA",0009,,
ESPAÑA,OCLEE BARCELONA,CENTRE CIVIC JOAN OLIVER PERE QUART,"CALLE COMMANDANT BENITEZ 6, 08028, BARCELONA",0010,,
ESPAÑA,OCLEE BARCELONA,CENTRE CIVIC JOAN OLIVER PERE QUART,"CALLE COMMANDANT BENITEZ 6, 08028, BARCELONA",0011,,
ESPAÑA,OCLEE BARCELONA,CENTRE CIVIC JOAN OLIVER PERE QUART,"CALLE COMMANDANT BENITEZ 6, 08028, BARCELONA",0012,,
ESPAÑA,OCLEE BARCELONA,CENTRE CIVIC PRESIDENT MACIÀ,C. RAMBLA FRANCESC MACIÁ - CP 08226 TERRASSA,0013,,
ESPAÑA,OCLEE BARCELONA,CENTRE CIVIC PRESIDENT MACIÀ,C. RAMBLA FRANCESC MACIÁ - CP 08226 TERRASSA,0014,,
ESPAÑA,OCLEE BARCELONA,CÉNTRO CÍVICO ATENEU LA BÓBILA,"CARRER DE L'ESTUDIANT, 1, NOU BARRIS, 08016 BARCELONA",0015,,
ESPAÑA,OCLEE BARCELONA,CÉNTRO CÍVICO ATENEU LA BÓBILA,"CARRER DE L'ESTUDIANT, 1, NOU BARRIS, 08016 BARCELONA",0016,,
ESPAÑA,OCLEE BARCELONA,CÉNTRO CÍVICO ATENEU LA BÓBILA,"CARRER DE L'ESTUDIANT, 1, NOU BARRIS, 08016 BARCELONA",0017,,
ESPAÑA,OCLEE BARCELONA,CÉNTRO CÍVICO ATENEU LA BÓBILA,"CARRER DE L'ESTUDIANT, 1, NOU BARRIS, 08016 BARCELONA",0018,,
ESPAÑA,OCLEE BARCELONA,CÉNTRO CÍVICO ATENEU LA BÓBILA,"CARRER DE L'ESTUDIANT, 1, NOU BARRIS, 08016 BARCELONA",0019,,
ESPAÑA,OCLEE BARCELONA,CENTRO CÍVICO DELICIAS,"AV, DE NAVARRA, 54, 50010 ZARAGOZA",0020,,
ESPAÑA,OCLEE BARCELONA,CENTRO CÍVICO DELICIAS,"AV, DE NAVARRA, 54, 50010 ZARAGOZA",0021,,
ESPAÑA,OCLEE BARCELONA,CENTRO CÍVICO DELICIAS,"AV, DE NAVARRA, 54, 50010 ZARAGOZA",0022,,
ESPAÑA,OCLEE BARCELONA,CENTRO CIVICO ELS PINS,"CARRER DELS PIRINEUS, 2,4, 08923 SANTA COLOMA DE GRAMANET",0023,,
ESPAÑA,OCLEE BARCELONA,CENTRO CIVICO ELS PINS,"CARRER DELS PIRINEUS, 2,4, 08923 SANTA COLOMA DE GRAMANET",0024,,
ESPAÑA,OCLEE BARCELONA,CENTRO CIVICO ELS PINS,"CARRER DELS PIRINEUS, 2,4, 08923 SANTA COLOMA DE GRAMANET",0025,,
ESPAÑA,OCLEE BARCELONA,CENTRO CIVICO ELS PINS,"CARRER DELS PIRINEUS, 2,4, 08923 SANTA COLOMA DE GRAMANET",0026,,
ESPAÑA,OCLEE BARCELONA,COMISIONES OBRERAS,"VIA LAIETANA 16, 08003, BARCELONA",0027,,
ESPAÑA,OCLEE BARCELONA,COMISIONES OBRERAS,"VIA LAIETANA 16, 08003, BARCELONA",0028,,
ESPAÑA,OCLEE BARCELONA,COMISIONES OBRERAS,"VIA LAIETANA 16, 08003, BARCELONA",0029,,
ESPAÑA,OCLEE BARCELONA,COMISIONES OBRERAS,"VIA LAIETANA 16, 08003, BARCELONA",0030,,
ESPAÑA,OCLEE BARCELONA,ESPAI POLIVANT PARC DEL NORTE,"RONDA DE NAVACERRADA, 58 - 08207 - SABADELL",0033,,
ESPAÑA,OCLEE BARCELONA,ESPAI POLIVANT PARC DEL NORTE,"RONDA DE NAVACERRADA, 58 - 08207 - SABADELL",0034,,
ESPAÑA,OCLEE BARCELONA,ESPAI POLIVANT PARC DEL NORTE,"RONDA DE NAVACERRADA, 58 - 08207 - SABADELL",0035,,
ESPAÑA,OCLEE BARCELONA,HOTEL CATALONIA PLAZA,"AV. REINA Mª CRISTINA, S/N - PLAZA ESPAÑA 08004- BARCELONA",0037,,
ESPAÑA,OCLEE BARCELONA,HOTEL CATALONIA PLAZA,"AV. REINA Mª CRISTINA, S/N - PLAZA ESPAÑA 08004- BARCELONA",0038,,
PAÍS,OCLEE,DESCRIPCIÓN,DIRECCIÓN,CCOOLLEEGGIIOO,,
ESPAÑA,OCLEE BARCELONA,HOTEL CATALONIA PLAZA,"AV. REINA Mª CRISTINA, S/N - PLAZA ESPAÑA 08004- BARCELONA",0040,,
ESPAÑA,OCLEE BARCELONA,HOTEL CATALONIA PLAZA,"AV. REINA Mª CRISTINA, S/N - PLAZA ESPAÑA 08004- BARCELONA",0041,,
ESPAÑA,OCLEE BARCELONA,HOTEL CATALONIA PLAZA,"AV. REINA Mª CRISTINA, S/N - PLAZA ESPAÑA 08004- BARCELONA",0042,,
ESPAÑA,OCLEE BARCELONA,HOTEL CATALONIA PLAZA,"AV. REINA Mª CRISTINA, S/N - PLAZA ESPAÑA 08004- BARCELONA",0043,,
ESPAÑA,OCLEE BARCELONA,HOTEL SANSI,"AV. ALCALDE PORQUERES, 4, 25008 LLEIDA",0044,,
ESPAÑA,OCLEE BARCELONA,HOTEL SANSI,"AV. ALCALDE PORQUERES, 4, 25008 LLEIDA",0045,,
ESPAÑA,OCLEE BARCELONA,LA FARGA,CALLE BARCELONA 2 - 08901 L'HOSPITALET DE LLOBREGAT,0046,,
ESPAÑA,OCLEE BARCELONA,LA FARGA,CALLE BARCELONA 2 - 08901 L'HOSPITALET DE LLOBREGAT,0047,,
ESPAÑA,OCLEE BARCELONA,LA FARGA,CALLE BARCELONA 2 - 08901 L'HOSPITALET DE LLOBREGAT,0048,,
ESPAÑA,OCLEE BARCELONA,LA FARGA,CALLE BARCELONA 2 - 08901 L'HOSPITALET DE LLOBREGAT,0049,,
ESPAÑA,OCLEE BARCELONA,LA FARGA,CALLE BARCELONA 2 - 08901 L'HOSPITALET DE LLOBREGAT,0050,,
ESPAÑA,OCLEE BARCELONA,LA FARGA,CALLE BARCELONA 2 - 08901 L'HOSPITALET DE LLOBREGAT,0051,,
ESPAÑA,OCLEE BARCELONA,LA FARGA,CALLE BARCELONA 2 - 08901 L'HOSPITALET DE LLOBREGAT,0052,,
ESPAÑA,OCLEE BARCELONA,LA FARGA,CALLE BARCELONA 2 - 08901 L'HOSPITALET DE LLOBREGAT,0053,,
ESPAÑA,OCLEE BARCELONA,LA FARGA,CALLE BARCELONA 2 - 08901 L'HOSPITALET DE LLOBREGAT,0054,,
ESPAÑA,OCLEE BARCELONA,PALACIO DE CONGRESO DE HUESCA,AVENIDA DE LOS DANZANTES DE HUESCA S/N 22005,0055,,
ESPAÑA,OCLEE BARCELONA,PALAU DEL CONGRESO DE GIRONA,"PASSEIG DE LA DEVERSA, 35, 17001 GIRONA",0056,,
ESPAÑA,OCLEE BARCELONA,PALAU DEL CONGRESO DE GIRONA,"PASSEIG DE LA DEVERSA, 35, 17001 GIRONA",0057,,
ESPAÑA,OCLEE BARCELONA,PLA D'EN BOET,"C/ JUAN SEBASTIAN ELCANO, 6 (08302) MATARÓ",0059,,
ESPAÑA,OCLEE BARCELONA,PLA D'EN BOET,"C/ JUAN SEBASTIAN ELCANO, 6 (08302) MATARÓ",0060,,
ESPAÑA,OCLEE MADRID,QUINTA DE CERVANTES SALA DE EXPOSI- CIONES DE LA JUNTA MUNICIPAL DISTRITO I,"CALLE NAVARRO Y LEDESMA 1, 3. 28007, ALCALA DE HENARES, MADRID.",0230,,
ESPAÑA,OCLEE MADRID,QUINTA DE CERVANTES SALA DE EXPOSI- CIONES DE LA JUNTA MUNICIPAL DISTRITO I,"CALLE NAVARRO Y LEDESMA 1, 3. 28007, ALCALA DE HENARES, MADRID.",0231,,
ESPAÑA,OCLEE MADRID,"CEIP BUEN GOBERNADOR, GIMNASIO.","AV. DE LA CONSTITUCION 9. 28850, TORREJON DE ARDOZ, MADRID.",0232,,
ESPAÑA,OCLEE MADRID,"CEIP BUEN GOBERNADOR, GIMNASIO.","AV. DE LA CONSTITUCION 9. 28850, TORREJON DE ARDOZ, MADRID.",0233,,
ESPAÑA,OCLEE MADRID,CENTRO CIVICO A PONTE,"RÚA EULOGIO GÓMEZ FRANQUIERA, 43, 32001 OURENSE",0234,,
ESPAÑA,OCLEE MADRID,CENTRO CIVICO A PONTE,"RÚA EULOGIO GÓMEZ FRANQUIERA, 43, 32001 OURENSE",0235,,
ESPAÑA,OCLEE MADRID,CENTRO CIVICO BECQUER,"CALLE INFANTES DE LARA, 1, 42003 SORIA",0236,,
ESPAÑA,OCLEE MADRID,CENTRO CIVICO BUENAVISTA (SALÓN DE ACTOS),"AV. DE PORTUGAL, 9, 45009 TOLEDO",0237,,
ESPAÑA,OCLEE MADRID,CENTRO CIVICO BUENAVISTA (SALÓN DE ACTOS),"AV. DE PORTUGAL, 9, 45009 TOLEDO",0238,,
ESPAÑA,OCLEE MADRID,CENTRO CÍVICO EL TEJAR DE MELLIZO,"CALLE SANTA FE, 2, 41011 SEVILLA",0239,,
ESPAÑA,OCLEE MADRID,CENTRO CÍVICO EL TEJAR DE MELLIZO,"CALLE SANTA FE, 2, 41011 SEVILLA",0240,,
ESPAÑA,OCLEE MADRID,CENTRO CÍVICO EL TEJAR DE MELLIZO,"CALLE SANTA FE, 2, 41011 SEVILLA",0241,,
ESPAÑA,OCLEE MADRID,CENTRO CÍVICO EL TEJAR DE MELLIZO,"CALLE SANTA FE, 2, 41011 SEVILLA",0242,,
ESPAÑA,OCLEE MADRID,CENTRO CIVICO FLORES DEL SIL,"CALLE JOAQUÍN BRUME, 92, 24400 PONFERRADA",0243,,
ESPAÑA,OCLEE MADRID,CENTRO CIVICO INTEGRADO ZONA ESTE,"PLAZA BIÓLOGO JOSÉ ANTONIO VALVERDE, 1, 47012 VALLADOLID",0244,,
ESPAÑA,OCLEE MADRID,CENTRO CIVICO INTEGRADO ZONA ESTE,"PLAZA BIÓLOGO JOSÉ ANTONIO VALVERDE, 1, 47012 VALLADOLID",0245,,
ESPAÑA,OCLEE MADRID,CENTRO CIVICO INTEGRADO ZONA ESTE,"PLAZA BIÓLOGO JOSÉ ANTONIO VALVERDE, 1, 47012 VALLADOLID",0246,,
ESPAÑA,OCLEE MADRID,CENTRO CIVICO IPERRALDE II,"CALLE REYES CATÓLICOS KALEA, 15, 01013 VITORIA GASTEIZ",0247,,
ESPAÑA,OCLEE MADRID,CENTRO CIVICO IPERRALDE II,"CALLE REYES CATÓLICOS KALEA, 15, 01013 VITORIA GASTEIZ",0248,,
ESPAÑA,OCLEE MADRID,CENTRO CÍVICO JOSÉ SARAMAGO.,"AV. MAR MEDITERRANEO 24. 28918, LEGANES, MADRID.",0249,,
ESPAÑA,OCLEE MADRID,CENTRO CIVICO JUAN DE LA CIERVA,"PLAZA DE LAS PROVINCIAS, S/N. 28903, MADRID.",0250,,
ESPAÑA,OCLEE MADRID,CENTRO CIVICO LEON OESTE,"AVDA. DE LA MAGDALENA, 9, 24009 LEON",0251,,
ESPAÑA,OCLEE MADRID,CENTRO CIVICO LEON OESTE,"AVDA. DE LA MAGDALENA, 9, 24009 LEON",0252,,
ESPAÑA,OCLEE MADRID,CENTRO CIVICO LOS ROSALES (SALA POLIVALENTE),"C. ADELFA, 51, 13005 CIUDAD REAL",0253,,
ESPAÑA,OCLEE MADRID,CENTRO CIVICO SAN DIEGO,"CALLE ALBERTO GARCÍA FERREIRO - PARQUE SAN DIEGO S/N, 15006 LA CORUÑA",0254,,
ESPAÑA,OCLEE MADRID,CENTRO CIVICO SAN DIEGO,"CALLE ALBERTO GARCÍA FERREIRO - PARQUE SAN DIEGO S/N, 15006 LA CORUÑA",0255,,
ESPAÑA,OCLEE MADRID,CENTRO CIVICO SAN DIEGO,"CALLE ALBERTO GARCÍA FERREIRO - PARQUE SAN DIEGO S/N, 15006 LA CORUÑA",0256,,
PAÍS,OCLEE,DESCRIPCIÓN,DIRECCIÓN,CCOOLLEEGGIIOO,,
ESPAÑA,OCLEE MADRID,CENTRO CULTURAL EDUARDO URCULO.,PLAZA DONOSO 5. 28029 (MADRID),0258,,
ESPAÑA,OCLEE MADRID,CENTRO CULTURAL EDUARDO URCULO.,PLAZA DONOSO 5. 28029 (MADRID),0259,,
ESPAÑA,OCLEE MADRID,CENTRO CULTURAL EDUARDO URCULO.,PLAZA DONOSO 5. 28029 (MADRID),0260,,
ESPAÑA,OCLEE MADRID,CENTRO CULTURAL EL CAPRICHO.,"PLAZA CUATRO CAÑOS. 28400, COLLADO VILLALBA, MADRID",0261,,
ESPAÑA,OCLEE MADRID,CENTRO CULTURAL EL CAPRICHO.,"PLAZA CUATRO CAÑOS. 28400, COLLADO VILLALBA, MADRID",0262,,
ESPAÑA,OCLEE MADRID,CENTRO CULTURAL HORTALEZA.,"CALLE SANTA VIRGINIA, 15. 28033, MADRID",0263,,
ESPAÑA,OCLEE MADRID,CENTRO CULTURAL HORTALEZA.,"CALLE SANTA VIRGINIA, 15. 28033, MADRID",0264,,
ESPAÑA,OCLEE MADRID,CENTRO CULTURAL HORTALEZA.,"CALLE SANTA VIRGINIA, 15. 28033, MADRID",0265,,
ESPAÑA,OCLEE MADRID,CENTRO CULTURAL LOILA,"CALLE SIERRA ARALAR, 17, 20014 DONOSTIA SAN SEBASTIAN",0266,,
ESPAÑA,OCLEE MADRID,CENTRO CULTURAL SAN FRANCISCO LA PRENSA.,CALLE ALISEDA 4. 28025 (MADRID),0267,,
ESPAÑA,OCLEE MADRID,CENTRO CULTURAL SAN FRANCISCO LA PRENSA.,CALLE ALISEDA 4. 28025 (MADRID),0268,,
ESPAÑA,OCLEE MADRID,CENTRO CULTURAL SAN FRANCISCO LA PRENSA.,CALLE ALISEDA 4. 28025 (MADRID),0269,,
ESPAÑA,OCLEE MADRID,CENTRO CULTURAL SAN FRANCISCO LA PRENSA.,CALLE ALISEDA 4. 28025 (MADRID),0270,,
ESPAÑA,OCLEE MADRID,CENTRO CULTURAL SAN JOSE,"CALLE TOMASA DE LA IGLESIA, 1, 40005 SEGOVIA",0271,,
ESPAÑA,OCLEE MADRID,CENTRO SOCIOCULTURAL SANTA PETRONILA,CALLE MARIA MARTINEZ OVIOL 12. 28021 (MADRID),0272,,
ESPAÑA,OCLEE MADRID,CENTRO SOCIOCULTURAL SANTA PETRONILA,CALLE MARIA MARTINEZ OVIOL 12. 28021 (MADRID),0273,,
ESPAÑA,OCLEE MADRID,CENTRO SOCIOCULTURAL SANTA PETRONILA,CALLE MARIA MARTINEZ OVIOL 12. 28021 (MADRID),0274,,
ESPAÑA,OCLEE MADRID,CENTRO CULTURAL USERA 1.,AV. DE RAFAELA YBARRA 49. 28026 (MADRID),0275,,
ESPAÑA,OCLEE MADRID,CENTRO CULTURAL USERA 1.,AV. DE RAFAELA YBARRA 49. 28026 (MADRID),0276,,
ESPAÑA,OCLEE MADRID,CENTRO CULTURAL USERA 1.,AV. DE RAFAELA YBARRA 49. 28026 (MADRID),0277,,
ESPAÑA,OCLEE MADRID,CENTRO DE PARTICIPACIÓN CIUDADANA JUAN JOSE LOPEZ. (SALÓN DE ACTOS).,"CALLE SAN ANTONIO 2. 28931, MOSTOLES, MADRID.",0278,,
ESPAÑA,OCLEE MADRID,CENTRO DE PARTICIPACIÓN CIUDADANA JUAN JOSE LOPEZ. (SALÓN DE ACTOS).,"CALLE SAN ANTONIO 2. 28931, MOSTOLES, MADRID.",0279,,
ESPAÑA,OCLEE MADRID,CENTRO MUNICIPAL DE LAS ARTES,"CALLE ROBLES S/N. 28922, ALCORCON, MADRID.",0280,,
ESPAÑA,OCLEE MADRID,CENTRO MUNICIPAL DE LAS ARTES,"CALLE ROBLES S/N. 28922, ALCORCON, MADRID.",0281,,
ESPAÑA,OCLEE MADRID,CENTRO MUNICIPAL DE MAYORES CASA BULEVAR.,CALLE PEÑA GORBEA 22. 28053 (MADRID),0282,,
ESPAÑA,OCLEE MADRID,CENTRO MUNICIPAL DE MAYORES CASA BULEVAR.,CALLE PEÑA GORBEA 22. 28053 (MADRID),0283,,
ESPAÑA,OCLEE MADRID,CENTRO MUNICIPAL DE MAYORES CASA BULEVAR.,CALLE PEÑA GORBEA 22. 28053 (MADRID),0284,,
ESPAÑA,OCLEE MADRID,CENTRO MUNICIPAL DE MAYORES CASA BULEVAR.,CALLE PEÑA GORBEA 22. 28053 (MADRID),0285,,
ESPAÑA,OCLEE MADRID,CENTRO MUNICIPAL DE MAYORES PRINCIPE DE ASTURIAS (HALL DE ENTRADA + AULAS PLANTA BAJA).,CALLE HERMANOS GARCI NOBLEJAS 14. 28037 (MADRID),0286,,
ESPAÑA,OCLEE MADRID,CENTRO MUNICIPAL DE MAYORES PRINCIPE DE ASTURIAS (HALL DE ENTRADA + AULAS PLANTA BAJA).,CALLE HERMANOS GARCI NOBLEJAS 14. 28037 (MADRID),0287,,
ESPAÑA,OCLEE MADRID,CENTRO MUNICIPAL DE MAYORES PRINCIPE DE ASTURIAS (HALL DE ENTRADA + AULAS PLANTA BAJA).,CALLE HERMANOS GARCI NOBLEJAS 14. 28037 (MADRID),0288,,
ESPAÑA,OCLEE MADRID,CENTRO MUNICIPAL DE MAYORES PRINCIPE DE ASTURIAS (HALL DE ENTRADA + AULAS PLANTA BAJA).,CALLE HERMANOS GARCI NOBLEJAS 14. 28037 (MADRID),0289,,
ESPAÑA,OCLEE MADRID,CENTRO MUNICIPAL DE MAYORES PRINCIPE DE ASTURIAS (HALL DE ENTRADA + AULAS PLANTA BAJA).,CALLE HERMANOS GARCI NOBLEJAS 14. 28037 (MADRID),0290,,
ESPAÑA,OCLEE MADRID,CENTRO MUNICIPAL DE RECURSOS EDUCA- TIVOS JULIO VERNE. UNED (AULA UNIVER- SITARIA).,"CALLE LOGROÑO 2. 28941, FUENLABRADA, MADRID.",0291,,
ESPAÑA,OCLEE MADRID,CENTRO MUNICIPAL DE RECURSOS EDUCA- TIVOS JULIO VERNE. UNED (AULA UNIVER- SITARIA).,"CALLE LOGROÑO 2. 28941, FUENLABRADA, MADRID.",0292,,
ESPAÑA,OCLEE MADRID,CENTRO MUNICIPAL INTEGRADO EDUARDO GUITIÁN (SALA OLED (PLANTA 0)),"AV. DEL VADO, 15, 19005 GUADALAJARA",0293,,
ESPAÑA,OCLEE MADRID,CENTRO MUNICIPAL INTEGRADO EDUARDO GUITIÁN (SALA OLED (PLANTA 0)),"AV. DEL VADO, 15, 19005 GUADALAJARA",0294,,
ESPAÑA,OCLEE MADRID,CENTRO MUNICIPAL INTEGRADO EL LLANO,"CALLE RIO DE ORO, 37, 33209 GIJON (ASTURIAS)",0295,,
ESPAÑA,OCLEE MADRID,CENTRO MUNICIPAL INTEGRADO EL LLANO,"CALLE RIO DE ORO, 37, 33209 GIJON (ASTURIAS)",0296,,
ESPAÑA,OCLEE MADRID,CENTRO MUNICIPAL INTEGRADO JULIAN SANCHEZ EL CHARRO,"PLAZA DE LA CONCORDIA, S/N, 37005 SALAMANCA",0297,,
ESPAÑA,OCLEE MADRID,CENTRO MUNICIPAL LA ESFERA,"AVENIDA OLIMPICA 14. 28108, ALCOBENDAS, MADRID.",0298,,
PAÍS,OCLEE,DESCRIPCIÓN,DIRECCIÓN,CCOOLLEEGGIIOO,,
ESPAÑA,OCLEE MADRID,CENTRO MUNICIPAL LA ESFERA,"AVENIDA OLIMPICA 14. 28108, ALCOBENDAS, MADRID.",0299,,
ESPAÑA,OCLEE MADRID,CENTRO MUNICIPAL LA ESFERA,"AVENIDA OLIMPICA 14. 28108, ALCOBENDAS, MADRID.",0300,,
ESPAÑA,OCLEE MADRID,CENTRO MUNICIPAL LA ESFERA,"AVENIDA OLIMPICA 14. 28108, ALCOBENDAS, MADRID.",0301,,
ESPAÑA,OCLEE MADRID,CENTRO MUNICIPAL LA ESFERA,"AVENIDA OLIMPICA 14. 28108, ALCOBENDAS, MADRID.",0302,,
ESPAÑA,OCLEE MADRID,CENTRO PACO MARTIN,"RÚA MAR CANTÁBRICO, 32, ESQ., RÚA VÁSQUEZ QUIPO, 27004 LUGO",0303,,
ESPAÑA,OCLEE MADRID,CENTRO SOCIAL PUMARIN,"CALLE TURINA NO.1, 33011 OVIEDO (ASTURIAS)",0304,,
ESPAÑA,OCLEE MADRID,CENTRO SOCIO CULTURAL ÁGATA.,CALLE DOCTOR MARTIN AREVALO 2. 28021 (MADRID),0305,,
ESPAÑA,OCLEE MADRID,CENTRO SOCIO CULTURAL ÁGATA.,CALLE DOCTOR MARTIN AREVALO 2. 28021 (MADRID),0306,,
ESPAÑA,OCLEE MADRID,CENTRO SOCIO CULTURAL ÁGATA.,CALLE DOCTOR MARTIN AREVALO 2. 28021 (MADRID),0307,,
ESPAÑA,OCLEE MADRID,CENTRO SOCIO CULTURAL ÁGATA.,CALLE DOCTOR MARTIN AREVALO 2. 28021 (MADRID),0308,,
ESPAÑA,OCLEE MADRID,CENTRO SOCIO CULTURAL ÁGATA.,CALLE DOCTOR MARTIN AREVALO 2. 28021 (MADRID),0309,,
ESPAÑA,OCLEE MADRID,CENTRO SOCIOCULTURAL JOSÉ ESPRON- CEDA.,CALLE ALMANSA 9. 28039 (MADRID),0310,,
ESPAÑA,OCLEE MADRID,CENTRO SOCIOCULTURAL JOSÉ ESPRON- CEDA.,CALLE ALMANSA 9. 28039 (MADRID),0311,,
ESPAÑA,OCLEE MADRID,CENTRO SOCIOCULTURAL JOSÉ ESPRON- CEDA.,CALLE ALMANSA 9. 28039 (MADRID),0312,,
ESPAÑA,OCLEE MADRID,CENTRO SOCIOCULTURAL TETUÁN. SALÓN DE ACTOS.,CALLE BRAVO MURILLO 251. 28020 (MADRID),0313,,
ESPAÑA,OCLEE MADRID,CENTRO SOCIOCULTURAL TETUÁN. SALÓN DE ACTOS.,CALLE BRAVO MURILLO 251. 28020 (MADRID),0314,,
ESPAÑA,OCLEE MADRID,COLEGIO EDUCACIÓN INFANTIL Y PRIMARIA LA LATINA.,CALLE MAQUEDA 130. 28024 (MADRID),0315,,
ESPAÑA,OCLEE MADRID,COLEGIO EDUCACIÓN INFANTIL Y PRIMARIA LA LATINA.,CALLE MAQUEDA 130. 28024 (MADRID),0316,,
ESPAÑA,OCLEE MADRID,COLEGIO EDUCACIÓN INFANTIL Y PRIMARIA LA LATINA.,CALLE MAQUEDA 130. 28024 (MADRID),0317,,
ESPAÑA,OCLEE MADRID,CENTRO SOCIOCULTURAL TETUÁN. SALÓN DE ACTOS.,CALLE BRAVO MURILLO 251. 28020 (MADRID),0318,,
ESPAÑA,OCLEE MADRID,COLEGIO PÚBLICO JAIME VERA.,CALLE BRAVO MURILLO 162. 28020 (MADRID),0319,,
ESPAÑA,OCLEE MADRID,COLEGIO PÚBLICO JAIME VERA.,CALLE BRAVO MURILLO 162. 28020 (MADRID),0320,,
ESPAÑA,OCLEE MADRID,COLEGIO PÚBLICO JAIME VERA.,CALLE BRAVO MURILLO 162. 28020 (MADRID),0321,,
ESPAÑA,OCLEE MADRID,COLEGIO PÚBLICO JAIME VERA.,CALLE BRAVO MURILLO 162. 28020 (MADRID),0322,,
ESPAÑA,OCLEE MADRID,COLEGIO PÚBLICO JAIME VERA.,CALLE BRAVO MURILLO 162. 28020 (MADRID),0323,,
ESPAÑA,OCLEE MADRID,COLEGIO PÚBLICO LUIS BELLO.,CALLE LUIS CABRERA 66. 28002 (MADRID),0324,,
ESPAÑA,OCLEE MADRID,COLEGIO PÚBLICO LUIS BELLO.,CALLE LUIS CABRERA 66. 28002 (MADRID),0325,,
ESPAÑA,OCLEE MADRID,COLEGIO PÚBLICO LUIS BELLO.,CALLE LUIS CABRERA 66. 28002 (MADRID),0326,,
ESPAÑA,OCLEE MADRID,COLEGIO PÚBLICO LUIS BELLO.,CALLE LUIS CABRERA 66. 28002 (MADRID),0327,,
ESPAÑA,OCLEE MADRID,"CPEIP HERMANOS PINZÓN, ÁREA GIMNA- SIO.",CALLE AZOR 4. 28024 (MADRID),0328,,
ESPAÑA,OCLEE MADRID,"CPEIP HERMANOS PINZÓN, ÁREA GIMNA- SIO.",CALLE AZOR 4. 28024 (MADRID),0329,,
ESPAÑA,OCLEE MADRID,"CPEIP HERMANOS PINZÓN, ÁREA GIMNA- SIO.",CALLE AZOR 4. 28024 (MADRID),0330,,
ESPAÑA,OCLEE MADRID,"CPEIP HERMANOS PINZÓN, ÁREA GIMNA- SIO.",CALLE AZOR 4. 28024 (MADRID),0331,,
ESPAÑA,OCLEE MADRID,EDIFICIO DE LA TABACALERA (SALON DE ACTOS,"CALLE CONCEJAL MUÑOZ CERVÁN, 3, MODULO 3, PLANTA BAJA, 29004, MÁLAGA",0332,,
ESPAÑA,OCLEE MADRID,ESPACIO EDUCARTE.,CAMINO DE LAS HUERTAS 9. 28023 (MADRID),0333,,
ESPAÑA,OCLEE MADRID,HOTEL ESCUELA SANTA CRUZ (SALA PRÍNCIPE),"AVDA. SAN SEBASTIÁN, 152, 38005 - SANTA CRUZ DE TENERIFE",0334,,
ESPAÑA,OCLEE MADRID,HOTEL IBIS BILBAO CENTRO (SALON),"HOTEL IBIS BILBAO CENTRO, CALLE GENERAL CONCHA 28, 48010 BILBO, BIZKAIA",0335,,
ESPAÑA,OCLEE MADRID,"HOTEL MAJADAHONDA, SALÓN PLANTA BAJA.","CRTA. BOADILLA DEL MONTE - MAJADAHONDA, KM.7.300",0336,,
ESPAÑA,OCLEE MADRID,"HOTEL MAJADAHONDA, SALÓN PLANTA BAJA.","CRTA. BOADILLA DEL MONTE - MAJADAHONDA, KM.7.300",0337,,
ESPAÑA,OCLEE MADRID,LA CASA DE LA CULTURA.,"CALLE SAN ANTON 46. 28982, PARLA, MADRID.",0338,,
ESPAÑA,OCLEE MADRID,LA CASA DE LA CULTURA.,"CALLE SAN ANTON 46. 28982, PARLA, MADRID.",0339,,
ESPAÑA,OCLEE MADRID,LA CASA DE LA CULTURA.,"CALLE SAN ANTON 46. 28982, PARLA, MADRID.",0340,,
ESPAÑA,OCLEE MADRID,LA CASA DEL PUEBLO VALLECAS (PSOE VALLECAS).,CALLE CONCORDIA 6. 28053 (MADRID),0341,,
ESPAÑA,OCLEE MADRID,LA CASA DEL PUEBLO VALLECAS (PSOE VALLECAS).,CALLE CONCORDIA 6. 28053 (MADRID),0342,,
PAÍS,OCLEE,DESCRIPCIÓN,DIRECCIÓN,CCOOLLEEGGIIOO,,
ESPAÑA,OCLEE MADRID,LA CASA DEL PUEBLO VALLECAS (PSOE VALLECAS).,CALLE CONCORDIA 6. 28053 (MADRID),0344,,
ESPAÑA,OCLEE MADRID,SALON DE ACTOS. JUNTA MUNICIPAL DE SAN BLAS/CANILLEJAS,AVENIDA ARCEDENTALES 28. 28022 (MADRID),0347,,
ESPAÑA,OCLEE MADRID,SALON DE ACTOS. JUNTA MUNICIPAL DE SAN BLAS/CANILLEJAS,AVENIDA ARCEDENTALES 28. 28022 (MADRID),0348,,
ESPAÑA,OCLEE MADRID,SALON DE ACTOS. JUNTA MUNICIPAL DE SAN BLAS/CANILLEJAS,AVENIDA ARCEDENTALES 28. 28022 (MADRID),0349,,
ESPAÑA,OCLEE MADRID,SALON DE ACTOS. JUNTA MUNICIPAL DE SAN BLAS/CANILLEJAS,AVENIDA ARCEDENTALES 28. 28022 (MADRID),0350,,
ESPAÑA,OCLEE MADRID,LOCAL DE COMISIONES OBRERAS DE BURGOS,"CALLE SAN PABLO, 8, 09005 BURGOS",0351,,
ESPAÑA,OCLEE MADRID,LOCAL DE COMISIONES OBRERAS DE BURGOS,"CALLE SAN PABLO, 8, 09005 BURGOS",0352,,
ESPAÑA,OCLEE MADRID,NAVE DE TERNERAS DE LA CASA DEL RELOJ.,PASEO DE LA CHOPERA 10. 28045 (MADRID),0353,,
ESPAÑA,OCLEE MADRID,NAVE DE TERNERAS DE LA CASA DEL RELOJ.,PASEO DE LA CHOPERA 10. 28045 (MADRID),0354,,
ESPAÑA,OCLEE MADRID,NAVE DE TERNERAS DE LA CASA DEL RELOJ.,PASEO DE LA CHOPERA 10. 28045 (MADRID),0355,,
ESPAÑA,OCLEE MADRID,NAVE DE TERNERAS DE LA CASA DEL RELOJ.,PASEO DE LA CHOPERA 10. 28045 (MADRID),0356,,
ESPAÑA,OCLEE MADRID,"OFICINAS PARROQUIALES, PARROQUIA EL SALVADOR","AV. MARCELO CELAYETA, 9, 310114 PAMPLONA",0357,,
ESPAÑA,OCLEE MADRID,"OFICINAS PARROQUIALES, PARROQUIA EL SALVADOR","AV. MARCELO CELAYETA, 9, 310114 PAMPLONA",0358,,
ESPAÑA,OCLEE MADRID,"OFICINAS PARROQUIALES, PARROQUIA EL SALVADOR","AV. MARCELO CELAYETA, 9, 310114 PAMPLONA",0359,,
ESPAÑA,OCLEE MADRID,PSOE GRANADA,"CALLE TORRE DE LA PÓLVORA, 22, 18008, GRANADA",0360,,
ESPAÑA,OCLEE MADRID,PSOE GRANADA,"CALLE TORRE DE LA PÓLVORA, 22, 18008, GRANADA",0361,,
ESPAÑA,OCLEE MADRID,SALA POLIVALENTE PARLAMENTO DE CANTABRIA,"CALLE ALTA, 31 Y 32, 39008 SANTANDER",0362,,
ESPAÑA,OCLEE MADRID,SALA POLIVALENTE PARLAMENTO DE CANTABRIA,"CALLE ALTA, 31 Y 32, 39008 SANTANDER",0363,,
ESPAÑA,OCLEE MADRID,SALON DE ACTOS DE LA JEFATURA DE LA POLICIA LOCAL,"CALLE MOLINO DEL CARRIL, 1, 05005 AVILA",0364,,
ESPAÑA,OCLEE MADRID,SEDE COALICIÓN CANARIAS LANZAROTE,"AV. HERNÁNDEZ PACHECO, 6, ESQUINA CON C/LA CARMEN TITERROY, 35500 LANZAROTE",0365,,
ESPAÑA,OCLEE MADRID,SEDE COALICIÓN CANARIAS LANZAROTE,"AV. HERNÁNDEZ PACHECO, 6, ESQUINA CON C/LA CARMEN TITERROY, 35500 LANZAROTE",0366,,
ESPAÑA,OCLEE VALENCIA,CENTRO SOCIO CULTURAL CARRE- TAS-HUERTA DE MARZO,"C/ MAYOR NO. 73, 02002 ALBACETE",1494,,
ESPAÑA,OCLEE VALENCIA,COLEGIO SANTO TOMÁS DE VILLA NUEVA - PP AGUSTINOS,"C/ DE ALBACETE NO. 5, 46007 VALENCIA",1495,,
ESPAÑA,OCLEE VALENCIA,COLEGIO SANTO TOMÁS DE VILLA NUEVA - PP AGUSTINOS,"C/ DE ALBACETE NO. 5, 46007 VALENCIA",1496,,
ESPAÑA,OCLEE VALENCIA,COLEGIO SANTO TOMÁS DE VILLA NUEVA - PP AGUSTINOS,"C/ DE ALBACETE NO. 5, 46007 VALENCIA",1497,,
ESPAÑA,OCLEE VALENCIA,EUROHOTEL CASTELLÓ ESTACIÓ,"C/ PINTOR OLIET No.9, 12006 CASTELLÓN DE LA PLANA",1498,,
ESPAÑA,OCLEE VALENCIA,HOTEL CATALONIA CONDE DE FLORIDA BLANCA,"C/ PRINCESA NO. 18, 30002 MURCIA",1499,,
ESPAÑA,OCLEE VALENCIA,HOTEL CATALONIA CONDE DE FLORIDA BLANCA,"C/ PRINCESA NO. 18, 30002 MURCIA",1500,,
ESPAÑA,OCLEE VALENCIA,HOTEL EUROSTARS CENTRUM ALICANTE,"C/ PINTOR LORENZO CASANOVA NO. 33-35, 03003 ALICANTE",1501,,
ESPAÑA,OCLEE VALENCIA,HOTEL EUROSTARS CENTRUM ALICANTE,"C/ PINTOR LORENZO CASANOVA NO. 33-35, 03003 ALICANTE",1502,,
ESPAÑA,OCLEE VALENCIA,S'ESCORXADOR,"C/ CARRER DE L'EMPERADRIU EUGÉNIA NO. 4, 07010 PALMA, ILLES BALE- ARS",1503,,
ESPAÑA,OCLEE VALENCIA,S'ESCORXADOR,"C/ CARRER DE L'EMPERADRIU EUGÉNIA NO. 4, 07010 PALMA, ILLES BALE- ARS",1504,,
ESPAÑA,OCLEE VALENCIA,S'ESCORXADOR,"C/ CARRER DE L'EMPERADRIU EUGÉNIA NO. 4, 07010 PALMA, ILLES BALE- ARS",1505,,
ESPAÑA,OCLEE VALENCIA,S'ESCORXADOR,"C/ CARRER DE L'EMPERADRIU EUGÉNIA NO. 4, 07010 PALMA, ILLES BALE- ARS",1506,,
ESPAÑA,OCLEE VALENCIA,SANTUARIO SAN NICOLÁS DE BARI,"C/ DOLORES ROMERO NO. 39, 44003 TERUEL",1507,,
ESTADOS UNIDOS,OCLEE BOSTON,AMERICAN LEGION,200 BROADWAY ST. METHUEN MA 01844,0061,,
ESTADOS UNIDOS,OCLEE BOSTON,AMERICAN LEGION,200 BROADWAY ST. METHUEN MA 01844,0062,,
ESTADOS UNIDOS,OCLEE BOSTON,AMERICAN LEGION,200 BROADWAY ST. METHUEN MA 01844,0063,,
ESTADOS UNIDOS,OCLEE BOSTON,AMERICAN LEGION,200 BROADWAY ST. METHUEN MA 01844,0064,,
ESTADOS UNIDOS,OCLEE BOSTON,AMERICAN LEGION,200 BROADWAY ST. METHUEN MA 01844,0065,,
ESTADOS UNIDOS,OCLEE BOSTON,ARLINGTON MIDDLE SCHOOL,150 ARLINGTON ST. LAWRENCE MA 01841,0066,,
PAÍS,OCLEE,DESCRIPCIÓN,DIRECCIÓN,CCOOLLEEGGIIOO,,
ESTADOS UNIDOS,OCLEE BOSTON,ARLINGTON MIDDLE SCHOOL,150 ARLINGTON ST. LAWRENCE MA 01841,0068,,
ESTADOS UNIDOS,OCLEE BOSTON,ARLINGTON MIDDLE SCHOOL,150 ARLINGTON ST. LAWRENCE MA 01841,0069,,
ESTADOS UNIDOS,OCLEE BOSTON,ARLINGTON MIDDLE SCHOOL,150 ARLINGTON ST. LAWRENCE MA 01841,0070,,
ESTADOS UNIDOS,OCLEE BOSTON,ARLINGTON MIDDLE SCHOOL,150 ARLINGTON ST. LAWRENCE MA 01841,0071,,
ESTADOS UNIDOS,OCLEE BOSTON,ARLINGTON MIDDLE SCHOOL,150 ARLINGTON ST. LAWRENCE MA 01841,0072,,
ESTADOS UNIDOS,OCLEE BOSTON,ARLINGTON MIDDLE SCHOOL,150 ARLINGTON ST. LAWRENCE MA 01841,0073,,
ESTADOS UNIDOS,OCLEE BOSTON,ARLINGTON MIDDLE SCHOOL,150 ARLINGTON ST. LAWRENCE MA 01841,0074,,
ESTADOS UNIDOS,OCLEE BOSTON,ARLINGTON MIDDLE SCHOOL,150 ARLINGTON ST. LAWRENCE MA 01841,0075,,
ESTADOS UNIDOS,OCLEE BOSTON,ARLINGTON MIDDLE SCHOOL,150 ARLINGTON ST. LAWRENCE MA 01841,0076,,
ESTADOS UNIDOS,OCLEE BOSTON,BUTLER MIDDLE SCHOOL,1140 GORHAM ST. LOWELL MA 01852,0077,,
ESTADOS UNIDOS,OCLEE BOSTON,BUTLER MIDDLE SCHOOL,1140 GORHAM ST. LOWELL MA 01852,0078,,
ESTADOS UNIDOS,OCLEE BOSTON,BUTLER MIDDLE SCHOOL,1140 GORHAM ST. LOWELL MA 01852,0079,,
ESTADOS UNIDOS,OCLEE BOSTON,CENTRO CASA LAS AMERICAS,11 SYCAMORE ST. WORCERTER MA 01608,0080,,
ESTADOS UNIDOS,OCLEE BOSTON,CENTRO CASA LAS AMERICAS,11 SYCAMORE ST. WORCERTER MA 01608,0081,,
ESTADOS UNIDOS,OCLEE BOSTON,CENTRO CASA LAS AMERICAS,11 SYCAMORE ST. WORCERTER MA 01608,0082,,
ESTADOS UNIDOS,OCLEE BOSTON,CENTRO CASA LAS AMERICAS,11 SYCAMORE ST. WORCERTER MA 01608,0083,,
ESTADOS UNIDOS,OCLEE BOSTON,CENTRO CASA LAS AMERICAS,11 SYCAMORE ST. WORCERTER MA 01608,0084,,
ESTADOS UNIDOS,OCLEE BOSTON,CENTRO CASA LAS AMERICAS,11 SYCAMORE ST. WORCERTER MA 01608,0085,,
ESTADOS UNIDOS,OCLEE BOSTON,CITIZEN CENTER,10 WELCOME ST. HAVERHILL MA 01830,0086,,
ESTADOS UNIDOS,OCLEE BOSTON,CITIZEN CENTER,10 WELCOME ST. HAVERHILL MA 01830,0087,,
ESTADOS UNIDOS,OCLEE BOSTON,CITIZEN CENTER,10 WELCOME ST. HAVERHILL MA 01830,0088,,
ESTADOS UNIDOS,OCLEE BOSTON,CITY HALL MANCHESTER,"1 CITY HALL PLAZA, MANCHESTER NH 03101",0089,,
ESTADOS UNIDOS,OCLEE BOSTON,CITY HALL MANCHESTER,"1 CITY HALL PLAZA, MANCHESTER NH 03101",0090,,
ESTADOS UNIDOS,OCLEE BOSTON,CITY HALL NASHUA,"229 MAIN ST. NASHUA NH, 03060",0091,,
ESTADOS UNIDOS,OCLEE BOSTON,CITY HALL NASHUA,"229 MAIN ST. NASHUA NH, 03060",0092,,
ESTADOS UNIDOS,OCLEE BOSTON,CITY HALL SPRINGFIELD,36 COURT ST. SPRINGFIELD MA 01103,0093,,
ESTADOS UNIDOS,OCLEE BOSTON,CITY HALL SPRINGFIELD,36 COURT ST. SPRINGFIELD MA 01103,0094,,
ESTADOS UNIDOS,OCLEE BOSTON,CITY HALL SPRINGFIELD,36 COURT ST. SPRINGFIELD MA 01103,0095,,
ESTADOS UNIDOS,OCLEE BOSTON,CITY HALL SPRINGFIELD,36 COURT ST. SPRINGFIELD MA 01103,0096,,
ESTADOS UNIDOS,OCLEE BOSTON,CLUB PORTUGUESE`S,103 TREMONT ST. PEABODY MA 01960,0097,,
ESTADOS UNIDOS,OCLEE BOSTON,CLUB PORTUGUESE`S,103 TREMONT ST. PEABODY MA 01960,0098,,
ESTADOS UNIDOS,OCLEE BOSTON,EAST BOSTON HIGH SCHOOL,"86 WHITE ST. EAST BOSTON, MA 02128",0099,,
ESTADOS UNIDOS,OCLEE BOSTON,EAST BOSTON HIGH SCHOOL,"86 WHITE ST. EAST BOSTON, MA 02128",0100,,
ESTADOS UNIDOS,OCLEE BOSTON,EAST BOSTON HIGH SCHOOL,"86 WHITE ST. EAST BOSTON, MA 02128",0101,,
ESTADOS UNIDOS,OCLEE BOSTON,EAST BOSTON HIGH SCHOOL,"86 WHITE ST. EAST BOSTON, MA 02128",0102,,
ESTADOS UNIDOS,OCLEE BOSTON,ENGLISH HIGH SCHOOL,144 MCBRIDE ST. JAMAICA PLAIN MA 02130,0103,,
ESTADOS UNIDOS,OCLEE BOSTON,ENGLISH HIGH SCHOOL,144 MCBRIDE ST. JAMAICA PLAIN MA 02130,0104,,
ESTADOS UNIDOS,OCLEE BOSTON,JOHN F. KENNEDY SCHOOL,7 BOLSTER ST. JAMAICA PLAIN MA 02130,0105,,
ESTADOS UNIDOS,OCLEE BOSTON,JOHN F. KENNEDY SCHOOL,7 BOLSTER ST. JAMAICA PLAIN MA 02130,0106,,
ESTADOS UNIDOS,OCLEE BOSTON,JOHN F. KENNEDY SCHOOL,7 BOLSTER ST. JAMAICA PLAIN MA 02130,0107,,
ESTADOS UNIDOS,OCLEE BOSTON,LILA FREDERICK MIDDLE SCHOOL,270 COLUMBIA RD. DORCHESTER MA 02121,0108,,
ESTADOS UNIDOS,OCLEE BOSTON,LILA FREDERICK MIDDLE SCHOOL,270 COLUMBIA RD. DORCHESTER MA 02121,0109,,
ESTADOS UNIDOS,OCLEE BOSTON,LILA FREDERICK MIDDLE SCHOOL,270 COLUMBIA RD. DORCHESTER MA 02121,0110,,
ESTADOS UNIDOS,OCLEE BOSTON,LILA FREDERICK MIDDLE SCHOOL,270 COLUMBIA RD. DORCHESTER MA 02121,0111,,
ESTADOS UNIDOS,OCLEE BOSTON,LILA FREDERICK MIDDLE SCHOOL,270 COLUMBIA RD. DORCHESTER MA 02121,0112,,
ESTADOS UNIDOS,OCLEE BOSTON,LILA FREDERICK MIDDLE SCHOOL,270 COLUMBIA RD. DORCHESTER MA 02121,0113,,
ESTADOS UNIDOS,OCLEE BOSTON,LILA FREDERICK MIDDLE SCHOOL,270 COLUMBIA RD. DORCHESTER MA 02121,0114,,
ESTADOS UNIDOS,OCLEE BOSTON,OLD HIGH SCHOOL,58 LAWRENCE ST. LAWRENCE MA 01843,0115,,
ESTADOS UNIDOS,OCLEE BOSTON,OLD HIGH SCHOOL,58 LAWRENCE ST. LAWRENCE MA 01843,0116,,
PAÍS,OCLEE,DESCRIPCIÓN,DIRECCIÓN,CCOOLLEEGGIIOO,,
ESTADOS UNIDOS,OCLEE BOSTON,OLD HIGH SCHOOL,58 LAWRENCE ST. LAWRENCE MA 01843,0118,,
ESTADOS UNIDOS,OCLEE BOSTON,OLD HIGH SCHOOL,58 LAWRENCE ST. LAWRENCE MA 01843,0119,,
ESTADOS UNIDOS,OCLEE BOSTON,OLD HIGH SCHOOL,58 LAWRENCE ST. LAWRENCE MA 01843,0120,,
ESTADOS UNIDOS,OCLEE BOSTON,OLD HIGH SCHOOL,58 LAWRENCE ST. LAWRENCE MA 01843,0121,,
ESTADOS UNIDOS,OCLEE BOSTON,OLD HIGH SCHOOL,58 LAWRENCE ST. LAWRENCE MA 01843,0122,,
ESTADOS UNIDOS,OCLEE BOSTON,OLD HIGH SCHOOL,58 LAWRENCE ST. LAWRENCE MA 01843,0123,,
ESTADOS UNIDOS,OCLEE BOSTON,OLD HIGH SCHOOL,58 LAWRENCE ST. LAWRENCE MA 01843,0124,,
ESTADOS UNIDOS,OCLEE BOSTON,OLD HIGH SCHOOL,58 LAWRENCE ST. LAWRENCE MA 01843,0125,,
ESTADOS UNIDOS,OCLEE BOSTON,ORCHARD GARDEN SCHOOL,906 ALBANY ST. ROXBURY MA 02119,0126,,
ESTADOS UNIDOS,OCLEE BOSTON,ORCHARD GARDEN SCHOOL,906 ALBANY ST. ROXBURY MA 02119,0127,,
ESTADOS UNIDOS,OCLEE BOSTON,ORCHARD GARDEN SCHOOL,906 ALBANY ST. ROXBURY MA 02119,0128,,
ESTADOS UNIDOS,OCLEE BOSTON,ORCHARD GARDEN SCHOOL,906 ALBANY ST. ROXBURY MA 02119,0129,,
ESTADOS UNIDOS,OCLEE BOSTON,ORCHARD GARDEN SCHOOL,906 ALBANY ST. ROXBURY MA 02119,0130,,
ESTADOS UNIDOS,OCLEE BOSTON,ORCHARD GARDEN SCHOOL,906 ALBANY ST. ROXBURY MA 02119,0131,,
ESTADOS UNIDOS,OCLEE BOSTON,ORCHARD GARDEN SCHOOL,906 ALBANY ST. ROXBURY MA 02119,0132,,
ESTADOS UNIDOS,OCLEE BOSTON,PHINEAS BATES SCHOOL,426 BEECH ST. ROSLINDALE MA 02131,0133,,
ESTADOS UNIDOS,OCLEE BOSTON,PHINEAS BATES SCHOOL,426 BEECH ST. ROSLINDALE MA 02131,0134,,
ESTADOS UNIDOS,OCLEE BOSTON,PHINEAS BATES SCHOOL,426 BEECH ST. ROSLINDALE MA 02131,0135,,
ESTADOS UNIDOS,OCLEE BOSTON,PHINEAS BATES SCHOOL,426 BEECH ST. ROSLINDALE MA 02131,0136,,
ESTADOS UNIDOS,OCLEE BOSTON,PHINEAS BATES SCHOOL,426 BEECH ST. ROSLINDALE MA 02131,0137,,
ESTADOS UNIDOS,OCLEE BOSTON,PHINEAS BATES SCHOOL,426 BEECH ST. ROSLINDALE MA 02131,0138,,
ESTADOS UNIDOS,OCLEE BOSTON,ROXBURY BRANCH OF THE BPL,"149 DUDLEY ST. ROXBURY, MA 02119",0139,,
ESTADOS UNIDOS,OCLEE BOSTON,ROXBURY BRANCH OF THE BPL,"149 DUDLEY ST. ROXBURY, MA 02119",0140,,
ESTADOS UNIDOS,OCLEE BOSTON,ROXBURY BRANCH OF THE BPL,"149 DUDLEY ST. ROXBURY, MA 02119",0141,,
ESTADOS UNIDOS,OCLEE BOSTON,ROXBURY BRANCH OF THE BPL,"149 DUDLEY ST. ROXBURY, MA 02119",0142,,
ESTADOS UNIDOS,OCLEE BOSTON,ROXBURY BRANCH OF THE BPL,"149 DUDLEY ST. ROXBURY, MA 02119",0143,,
ESTADOS UNIDOS,OCLEE BOSTON,SALTONSTALL SCHOOL,211 LAFAYETTE ST. SALEM MA 01970,0144,,
ESTADOS UNIDOS,OCLEE BOSTON,SALTONSTALL SCHOOL,211 LAFAYETTE ST. SALEM MA 01970,0145,,
ESTADOS UNIDOS,OCLEE BOSTON,SALTONSTALL SCHOOL,211 LAFAYETTE ST. SALEM MA 01970,0146,,
ESTADOS UNIDOS,OCLEE BOSTON,SENIOR CENTER,155 HAVERHILL ST. LAWRENCE MA 01840,0147,,
ESTADOS UNIDOS,OCLEE BOSTON,SENIOR CENTER,155 HAVERHILL ST. LAWRENCE MA 01840,0148,,
ESTADOS UNIDOS,OCLEE BOSTON,SENIOR CENTER,155 HAVERHILL ST. LAWRENCE MA 01840,0149,,
ESTADOS UNIDOS,OCLEE BOSTON,SOUTH LAWRENCE EAST SCHOOL,165 CRAWFORD ST. LAWRENCE MA 01843,0150,,
ESTADOS UNIDOS,OCLEE BOSTON,SOUTH LAWRENCE EAST SCHOOL,165 CRAWFORD ST. LAWRENCE MA 01843,0151,,
ESTADOS UNIDOS,OCLEE BOSTON,SOUTH LAWRENCE EAST SCHOOL,165 CRAWFORD ST. LAWRENCE MA 01843,0152,,
ESTADOS UNIDOS,OCLEE BOSTON,SOUTH LAWRENCE EAST SCHOOL,165 CRAWFORD ST. LAWRENCE MA 01843,0153,,
ESTADOS UNIDOS,OCLEE BOSTON,SOUTH LAWRENCE EAST SCHOOL,165 CRAWFORD ST. LAWRENCE MA 01843,0154,,
ESTADOS UNIDOS,OCLEE BOSTON,SOUTH LAWRENCE EAST SCHOOL,165 CRAWFORD ST. LAWRENCE MA 01843,0155,,
ESTADOS UNIDOS,OCLEE BOSTON,SOUTH LAWRENCE EAST SCHOOL,165 CRAWFORD ST. LAWRENCE MA 01843,0156,,
ESTADOS UNIDOS,OCLEE BOSTON,THE STACY ADAMS CULTURAL ARTS,33 DOVER ST. BROCKTON MA 02301,0157,,
ESTADOS UNIDOS,OCLEE BOSTON,THE STACY ADAMS CULTURAL ARTS,33 DOVER ST. BROCKTON MA 02301,0158,,
ESTADOS UNIDOS,OCLEE BOSTON,THE STACY ADAMS CULTURAL ARTS,33 DOVER ST. BROCKTON MA 02301,0159,,
ESTADOS UNIDOS,OCLEE BOSTON,VACATIONAL HIGH SCHOOL,80 NEPTUNE BLVD. LYNN MA 01902,0160,,
ESTADOS UNIDOS,OCLEE BOSTON,VACATIONAL HIGH SCHOOL,80 NEPTUNE BLVD. LYNN MA 01902,0161,,
ESTADOS UNIDOS,OCLEE BOSTON,VACATIONAL HIGH SCHOOL,80 NEPTUNE BLVD. LYNN MA 01902,0162,,
ESTADOS UNIDOS,OCLEE BOSTON,VACATIONAL HIGH SCHOOL,80 NEPTUNE BLVD. LYNN MA 01902,0163,,
ESTADOS UNIDOS,OCLEE BOSTON,VACATIONAL HIGH SCHOOL,80 NEPTUNE BLVD. LYNN MA 01902,0164,,
ESTADOS UNIDOS,OCLEE BOSTON,VACATIONAL HIGH SCHOOL,80 NEPTUNE BLVD. LYNN MA 01902,0165,,
ESTADOS UNIDOS,OCLEE BOSTON,VACATIONAL HIGH SCHOOL,80 NEPTUNE BLVD. LYNN MA 01902,0166,,
PAÍS,OCLEE,DESCRIPCIÓN,DIRECCIÓN,CCOOLLEEGGIIOO,,
ESTADOS UNIDOS,OCLEE BOSTON,VACATIONAL HIGH SCHOOL,80 NEPTUNE BLVD. LYNN MA 01902,0168,,
ESTADOS UNIDOS,OCLEE CALIFORNIA,GLENDALE EXPRESS HOTEL,"450 W PIONEER DR, GLENDALE, CA 91203",0169,,
ESTADOS UNIDOS,OCLEE CALIFORNIA,GLENDALE EXPRESS HOTEL,"450 W PIONEER DR, GLENDALE, CA 91203",0170,,
ESTADOS UNIDOS,OCLEE CALIFORNIA,GLENDALE EXPRESS HOTEL,"450 W PIONEER DR, GLENDALE, CA 91203",0171,,
ESTADOS UNIDOS,OCLEE CALIFORNIA,GLENDALE EXPRESS HOTEL,"450 W PIONEER DR, GLENDALE, CA 91203",0172,,
ESTADOS UNIDOS,OCLEE CALIFORNIA,GLENDALE EXPRESS HOTEL,"450 W PIONEER DR, GLENDALE, CA 91203",0173,,
ESTADOS UNIDOS,OCLEE CALIFORNIA,TRB COMPANY / ROYAL PRESTIGE,"6363 SOUTH PECOS RD. SUITE 106-107. LAS VEGAS, NV 89120",0174,,
ESTADOS UNIDOS,OCLEE CALIFORNIA,TRB COMPANY / ROYAL PRESTIGE,"6363 SOUTH PECOS RD. SUITE 106-107. LAS VEGAS, NV 89120",0175,,
ESTADOS UNIDOS,OCLEE MIAMI,ARIANA GARDEN BANQUET HALL,"1233 S MILITARY TRL F, WEST PALM BEACH, FL, 33415",0367,,
ESTADOS UNIDOS,OCLEE MIAMI,ARIANA GARDEN BANQUET HALL,"1233 S MILITARY TRL F, WEST PALM BEACH, FL, 33415",0368,,
ESTADOS UNIDOS,OCLEE MIAMI,ARIANA GARDEN BANQUET HALL,"1233 S MILITARY TRL F, WEST PALM BEACH, FL, 33415",0369,,
ESTADOS UNIDOS,OCLEE MIAMI,ARIANA GARDEN BANQUET HALL,"1233 S MILITARY TRL F, WEST PALM BEACH, FL, 33415",0370,,
ESTADOS UNIDOS,OCLEE MIAMI,ARIANA GARDEN BANQUET HALL,"1233 S MILITARY TRL F, WEST PALM BEACH, FL, 33415",0371,,
ESTADOS UNIDOS,OCLEE MIAMI,ARIANA GARDEN BANQUET HALL,"1233 S MILITARY TRL F, WEST PALM BEACH, FL, 33415",0372,,
ESTADOS UNIDOS,OCLEE MIAMI,WASHINGTON PARK,"5199 PEMBROKE ROAD, HOLLYWOOD, FL 33021 (WASHINGTON PARK)",0373,,
ESTADOS UNIDOS,OCLEE MIAMI,WASHINGTON PARK,"5199 PEMBROKE ROAD, HOLLYWOOD, FL 33021 (WASHINGTON PARK)",0374,,
ESTADOS UNIDOS,OCLEE MIAMI,WASHINGTON PARK,"5199 PEMBROKE ROAD, HOLLYWOOD, FL 33021 (WASHINGTON PARK)",0375,,
ESTADOS UNIDOS,OCLEE MIAMI,WASHINGTON PARK,"5199 PEMBROKE ROAD, HOLLYWOOD, FL 33021 (WASHINGTON PARK)",0376,,
ESTADOS UNIDOS,OCLEE MIAMI,WASHINGTON PARK,"5199 PEMBROKE ROAD, HOLLYWOOD, FL 33021 (WASHINGTON PARK)",0377,,
ESTADOS UNIDOS,OCLEE MIAMI,WASHINGTON PARK,"5199 PEMBROKE ROAD, HOLLYWOOD, FL 33021 (WASHINGTON PARK)",0378,,
ESTADOS UNIDOS,OCLEE MIAMI,WASHINGTON PARK,"5199 PEMBROKE ROAD, HOLLYWOOD, FL 33021 (WASHINGTON PARK)",0379,,
ESTADOS UNIDOS,OCLEE MIAMI,WASHINGTON PARK,"5199 PEMBROKE ROAD, HOLLYWOOD, FL 33021 (WASHINGTON PARK)",0380,,
ESTADOS UNIDOS,OCLEE MIAMI,EB HOTEL,"4299 NW 36TH ST, MIAMI SPRINGS, MIAMI, FL 33166",0381,,
ESTADOS UNIDOS,OCLEE MIAMI,EB HOTEL,"4299 NW 36TH ST, MIAMI SPRINGS, MIAMI, FL 33166",0382,,
ESTADOS UNIDOS,OCLEE MIAMI,EB HOTEL,"4299 NW 36TH ST, MIAMI SPRINGS, MIAMI, FL 33166",0383,,
ESTADOS UNIDOS,OCLEE MIAMI,EB HOTEL,"4299 NW 36TH ST, MIAMI SPRINGS, MIAMI, FL 33166",0384,,
ESTADOS UNIDOS,OCLEE MIAMI,EB HOTEL,"4299 NW 36TH ST, MIAMI SPRINGS, MIAMI, FL 33166",0385,,
ESTADOS UNIDOS,OCLEE MIAMI,EB HOTEL,"4299 NW 36TH ST, MIAMI SPRINGS, MIAMI, FL 33166",0386,,
ESTADOS UNIDOS,OCLEE MIAMI,EB HOTEL,"4299 NW 36TH ST, MIAMI SPRINGS, MIAMI, FL 33166",0387,,
ESTADOS UNIDOS,OCLEE MIAMI,EB HOTEL,"4299 NW 36TH ST, MIAMI SPRINGS, MIAMI, FL 33166",0388,,
ESTADOS UNIDOS,OCLEE MIAMI,EB HOTEL,"4299 NW 36TH ST, MIAMI SPRINGS, MIAMI, FL 33166",0389,,
ESTADOS UNIDOS,OCLEE MIAMI,EB HOTEL,"4299 NW 36TH ST, MIAMI SPRINGS, MIAMI, FL 33166",0390,,
ESTADOS UNIDOS,OCLEE MIAMI,EB HOTEL,"4299 NW 36TH ST, MIAMI SPRINGS, MIAMI, FL 33166",0391,,
ESTADOS UNIDOS,OCLEE MIAMI,EB HOTEL,"4299 NW 36TH ST, MIAMI SPRINGS, MIAMI, FL 33166",0392,,
ESTADOS UNIDOS,OCLEE MIAMI,MDC NORTH CAMPUS,"11380 NW 27TH AVE. MIAMI, FL 33167",0393,,
ESTADOS UNIDOS,OCLEE MIAMI,MDC NORTH CAMPUS,"11380 NW 27TH AVE. MIAMI, FL 33167",0394,,
ESTADOS UNIDOS,OCLEE MIAMI,MDC NORTH CAMPUS,"11380 NW 27TH AVE. MIAMI, FL 33167",0395,,
ESTADOS UNIDOS,OCLEE MIAMI,MDC NORTH CAMPUS,"11380 NW 27TH AVE. MIAMI, FL 33167",0396,,
ESTADOS UNIDOS,OCLEE MIAMI,MDC NORTH CAMPUS,"11380 NW 27TH AVE. MIAMI, FL 33167",0397,,
ESTADOS UNIDOS,OCLEE MIAMI,MDC NORTH CAMPUS,"11380 NW 27TH AVE. MIAMI, FL 33167",0398,,
ESTADOS UNIDOS,OCLEE MIAMI,MDC NORTH CAMPUS,"11380 NW 27TH AVE. MIAMI, FL 33167",0399,,
ESTADOS UNIDOS,OCLEE MIAMI,MDC NORTH CAMPUS,"11380 NW 27TH AVE. MIAMI, FL 33167",0400,,
ESTADOS UNIDOS,OCLEE MIAMI,MDC NORTH CAMPUS,"11380 NW 27TH AVE. MIAMI, FL 33167",0401,,
ESTADOS UNIDOS,OCLEE MIAMI,MDC NORTH CAMPUS,"11380 NW 27TH AVE. MIAMI, FL 33167",0402,,
ESTADOS UNIDOS,OCLEE MIAMI,MDC NORTH CAMPUS,"11380 NW 27TH AVE. MIAMI, FL 33167",0403,,
ESTADOS UNIDOS,OCLEE MIAMI,MDC NORTH CAMPUS,"11380 NW 27TH AVE. MIAMI, FL 33167",0404,,
ESTADOS UNIDOS,OCLEE MIAMI,MDC NORTH CAMPUS,"11380 NW 27TH AVE. MIAMI, FL 33167",0405,,
ESTADOS UNIDOS,OCLEE MIAMI,MDC NORTH CAMPUS,"11380 NW 27TH AVE. MIAMI, FL 33167",0406,,
ESTADOS UNIDOS,OCLEE MIAMI,MDC NORTH CAMPUS,"11380 NW 27TH AVE. MIAMI, FL 33167",0407,,
PAÍS,OCLEE,DESCRIPCIÓN,DIRECCIÓN,CCOOLLEEGGIIOO,,
ESTADOS UNIDOS,OCLEE MIAMI,MIRAMAR ENRICHMENT CENTER,7000 MIRAMAR PARKWAYE MIRAMAR FL 33025 (MIRAMAR ENRICHMENT CENTER),0409,,
ESTADOS UNIDOS,OCLEE MIAMI,MIRAMAR ENRICHMENT CENTER,7000 MIRAMAR PARKWAYE MIRAMAR FL 33025 (MIRAMAR ENRICHMENT CENTER),0410,,
ESTADOS UNIDOS,OCLEE MIAMI,MIRAMAR ENRICHMENT CENTER,7000 MIRAMAR PARKWAYE MIRAMAR FL 33025 (MIRAMAR ENRICHMENT CENTER),0411,,
ESTADOS UNIDOS,OCLEE MIAMI,MIRAMAR ENRICHMENT CENTER,7000 MIRAMAR PARKWAYE MIRAMAR FL 33025 (MIRAMAR ENRICHMENT CENTER),0412,,
ESTADOS UNIDOS,OCLEE MIAMI,MIRAMAR ENRICHMENT CENTER,7000 MIRAMAR PARKWAYE MIRAMAR FL 33025 (MIRAMAR ENRICHMENT CENTER),0413,,
ESTADOS UNIDOS,OCLEE MIAMI,MIRAMAR ENRICHMENT CENTER,7000 MIRAMAR PARKWAYE MIRAMAR FL 33025 (MIRAMAR ENRICHMENT CENTER),0414,,
ESTADOS UNIDOS,OCLEE MIAMI,MIRAMAR ENRICHMENT CENTER,7000 MIRAMAR PARKWAYE MIRAMAR FL 33025 (MIRAMAR ENRICHMENT CENTER),0415,,
ESTADOS UNIDOS,OCLEE MIAMI,MIRAMAR ENRICHMENT CENTER,7000 MIRAMAR PARKWAYE MIRAMAR FL 33025 (MIRAMAR ENRICHMENT CENTER),0416,,
ESTADOS UNIDOS,OCLEE MIAMI,MIRAMAR ENRICHMENT CENTER,7000 MIRAMAR PARKWAYE MIRAMAR FL 33025 (MIRAMAR ENRICHMENT CENTER),0417,,
ESTADOS UNIDOS,OCLEE MIAMI,MVP EVENT HALL,"337 SE PORT ST LUCIE BLVD, PORT ST. LUCIE, FL 34984",0418,,
ESTADOS UNIDOS,OCLEE MIAMI,MVP EVENT HALL,"337 SE PORT ST LUCIE BLVD, PORT ST. LUCIE, FL 34984",0419,,
ESTADOS UNIDOS,OCLEE MIAMI,REVELATION UNIVERSITY,"10658 SW 186TH ST, CUTLER BAY, FL 33157",0420,,
ESTADOS UNIDOS,OCLEE MIAMI,REVELATION UNIVERSITY,"10658 SW 186TH ST, CUTLER BAY, FL 33157",0421,,
ESTADOS UNIDOS,OCLEE MIAMI,REVELATION UNIVERSITY,"10658 SW 186TH ST, CUTLER BAY, FL 33157",0422,,
ESTADOS UNIDOS,OCLEE MIAMI,REVELATION UNIVERSITY,"10658 SW 186TH ST, CUTLER BAY, FL 33157",0423,,
ESTADOS UNIDOS,OCLEE MIAMI,REVELATION UNIVERSITY,"10658 SW 186TH ST, CUTLER BAY, FL 33157",0424,,
ESTADOS UNIDOS,OCLEE MIAMI,REVELATION UNIVERSITY,"10658 SW 186TH ST, CUTLER BAY, FL 33157",0425,,
ESTADOS UNIDOS,OCLEE MIAMI,REVELATION UNIVERSITY,"10658 SW 186TH ST, CUTLER BAY, FL 33157",0426,,
ESTADOS UNIDOS,OCLEE MIAMI,REVELATION UNIVERSITY,"10658 SW 186TH ST, CUTLER BAY, FL 33157",0427,,
ESTADOS UNIDOS,OCLEE MIAMI,REVELATION UNIVERSITY,"10658 SW 186TH ST, CUTLER BAY, FL 33157",0428,,
ESTADOS UNIDOS,OCLEE MIAMI,ROSA DE SARON CHURCH,"13235 PALM BEACH BLVD, FORT MYERS FL 33905",0429,,
ESTADOS UNIDOS,OCLEE MIAMI,ROSA DE SARON CHURCH,"13235 PALM BEACH BLVD, FORT MYERS FL 33905",0430,,
ESTADOS UNIDOS,OCLEE MIAMI,ROSA DE SARON CHURCH,"13235 PALM BEACH BLVD, FORT MYERS FL 33905",0431,,
ESTADOS UNIDOS,OCLEE NEW JERSEY,ARMORY,MONTGOMERY ST,0484,,
ESTADOS UNIDOS,OCLEE NEW JERSEY,ARMORY,MONTGOMERY ST,0485,,
ESTADOS UNIDOS,OCLEE NEW JERSEY,ARMORY,MONTGOMERY ST,0486,,
ESTADOS UNIDOS,OCLEE NEW JERSEY,ARMORY,MONTGOMERY ST,0487,,
ESTADOS UNIDOS,OCLEE NEW JERSEY,ARMORY,MONTGOMERY ST,0488,,
ESTADOS UNIDOS,OCLEE NEW JERSEY,ARMORY,MONTGOMERY ST,0489,,
ESTADOS UNIDOS,OCLEE NEW JERSEY,ARMORY,MONTGOMERY ST,0490,,
ESTADOS UNIDOS,OCLEE NEW JERSEY,ARMORY,MONTGOMERY ST,0491,,
ESTADOS UNIDOS,OCLEE NEW JERSEY,CASA DE ORACION Y AVIVAMIENTO,"4830 DIXIE HWY FAIRFIELD, OHIO 45014",0492,,
ESTADOS UNIDOS,OCLEE NEW JERSEY,CASA DE ORACION Y AVIVAMIENTO,"4830 DIXIE HWY FAIRFIELD, OHIO 45014",0493,,
ESTADOS UNIDOS,OCLEE NEW JERSEY,CITY HALL,"330 PASSAIC ST PASSAIC, NJ 07055",0494,,
ESTADOS UNIDOS,OCLEE NEW JERSEY,CITY HALL,"330 PASSAIC ST PASSAIC, NJ 07055",0495,,
ESTADOS UNIDOS,OCLEE NEW JERSEY,CITY HALL,"330 PASSAIC ST PASSAIC, NJ 07055",0496,,
ESTADOS UNIDOS,OCLEE NEW JERSEY,CITY HALL,"330 PASSAIC ST PASSAIC, NJ 07055",0497,,
ESTADOS UNIDOS,OCLEE NEW JERSEY,CITY HALL,"330 PASSAIC ST PASSAIC, NJ 07055",0498,,
ESTADOS UNIDOS,OCLEE NEW JERSEY,CITY HALL,"330 PASSAIC ST PASSAIC, NJ 07055",0499,,
ESTADOS UNIDOS,OCLEE NEW JERSEY,CITY HALL BAYONNE,"630 AV, BAYONNE, NEW JERSEY 07002",0500,,
ESTADOS UNIDOS,OCLEE NEW JERSEY,CITY HALL BAYONNE,"630 AV, BAYONNE, NEW JERSEY 07002",0501,,
ESTADOS UNIDOS,OCLEE NEW JERSEY,CIVIC CENTER,215 STATE ST. HACKENSACK NJ 07601,0502,,
ESTADOS UNIDOS,OCLEE NEW JERSEY,CIVIC CENTER,215 STATE ST. HACKENSACK NJ 07601,0503,,
ESTADOS UNIDOS,OCLEE NEW JERSEY,CIVIC CENTER,215 STATE ST. HACKENSACK NJ 07601,0504,,
ESTADOS UNIDOS,OCLEE NEW JERSEY,CIVIC CENTER,215 STATE ST. HACKENSACK NJ 07601,0505,,
ESTADOS UNIDOS,OCLEE NEW JERSEY,CIVIC CENTER,215 STATE ST. HACKENSACK NJ 07601,0506,,
ESTADOS UNIDOS,OCLEE NEW JERSEY,CIVIC CENTER,215 STATE ST. HACKENSACK NJ 07601,0507,,
PAÍS,OCLEE,DESCRIPCIÓN,DIRECCIÓN,CCOOLLEEGGIIOO,,
ESTADOS UNIDOS,OCLEE NEW JERSEY,CIVIC CENTER,215 STATE ST. HACKENSACK NJ 07601,0509,,
ESTADOS UNIDOS,OCLEE NEW JERSEY,CLUB MAEÑOS,"324 MARKET ST, PATERSON, NJ 07501",0510,,
ESTADOS UNIDOS,OCLEE NEW JERSEY,COMMUNITY CENTER,"1 OLIVE ST PERTH AMBOY NJ, 08861",0511,,
ESTADOS UNIDOS,OCLEE NEW JERSEY,COMMUNITY CENTER,"1 OLIVE ST PERTH AMBOY NJ, 08861",0512,,
ESTADOS UNIDOS,OCLEE NEW JERSEY,COMMUNITY CENTER,"1 OLIVE ST PERTH AMBOY NJ, 08861",0513,,
ESTADOS UNIDOS,OCLEE NEW JERSEY,CONLON HALL,"18 N WILLIAM ST, BERGENFIELD, NJ 07621",0514,,
ESTADOS UNIDOS,OCLEE NEW JERSEY,CONLON HALL,"18 N WILLIAM ST, BERGENFIELD, NJ 07621",0515,,
ESTADOS UNIDOS,OCLEE NEW JERSEY,CONLON HALL,"18 N WILLIAM ST, BERGENFIELD, NJ 07621",0516,,
ESTADOS UNIDOS,OCLEE NEW JERSEY,CONLON HALL,"18 N WILLIAM ST, BERGENFIELD, NJ 07621",0517,,
ESTADOS UNIDOS,OCLEE NEW JERSEY,CONLON HALL,"18 N WILLIAM ST, BERGENFIELD, NJ 07621",0518,,
ESTADOS UNIDOS,OCLEE NEW JERSEY,CRAA PARTY HALL & SERVICES,"336 CENTRAL AVE JERSEY CITY, NJ 07307",0519,,
ESTADOS UNIDOS,OCLEE NEW JERSEY,CRAA PARTY HALL & SERVICES,"336 CENTRAL AVE JERSEY CITY, NJ 07307",0520,,
ESTADOS UNIDOS,OCLEE NEW JERSEY,CRAA PARTY HALL & SERVICES,"336 CENTRAL AVE JERSEY CITY, NJ 07307",0521,,
ESTADOS UNIDOS,OCLEE NEW JERSEY,DR. HERBER N. RICHARDSON,318 STOCKTON ST PERTH AMBOY 08861,0522,,
ESTADOS UNIDOS,OCLEE NEW JERSEY,DR. HERBER N. RICHARDSON,318 STOCKTON ST PERTH AMBOY 08861,0523,,
ESTADOS UNIDOS,OCLEE NEW JERSEY,DR. HERBER N. RICHARDSON,318 STOCKTON ST PERTH AMBOY 08861,0524,,
ESTADOS UNIDOS,OCLEE NEW JERSEY,DR. HERBER N. RICHARDSON,318 STOCKTON ST PERTH AMBOY 08861,0525,,
ESTADOS UNIDOS,OCLEE NEW JERSEY,DR. HERBER N. RICHARDSON,318 STOCKTON ST PERTH AMBOY 08861,0526,,
ESTADOS UNIDOS,OCLEE NEW JERSEY,DR. HERBER N. RICHARDSON,318 STOCKTON ST PERTH AMBOY 08861,0527,,
ESTADOS UNIDOS,OCLEE NEW JERSEY,E-PORT COMMUNITY CENTER,250 SECOND ST ELIZABETH NJ 07206,0528,,
ESTADOS UNIDOS,OCLEE NEW JERSEY,E-PORT COMMUNITY CENTER,250 SECOND ST ELIZABETH NJ 07206,0529,,
ESTADOS UNIDOS,OCLEE NEW JERSEY,E-PORT COMMUNITY CENTER,250 SECOND ST ELIZABETH NJ 07206,0530,,
ESTADOS UNIDOS,OCLEE NEW JERSEY,E-PORT COMMUNITY CENTER,250 SECOND ST ELIZABETH NJ 07206,0531,,
ESTADOS UNIDOS,OCLEE NEW JERSEY,E-PORT COMMUNITY CENTER,250 SECOND ST ELIZABETH NJ 07206,0532,,
ESTADOS UNIDOS,OCLEE NEW JERSEY,ECLIPSE CHIROPRACTIC CENTER,120 DEPOT PARK PLAINFIELD 07060,0533,,
ESTADOS UNIDOS,OCLEE NEW JERSEY,ECLIPSE CHIROPRACTIC CENTER,120 DEPOT PARK PLAINFIELD 07060,0534,,
ESTADOS UNIDOS,OCLEE NEW JERSEY,ECLIPSE CHIROPRACTIC CENTER,120 DEPOT PARK PLAINFIELD 07060,0535,,
ESTADOS UNIDOS,OCLEE NEW JERSEY,EMBARQUE HENRIQUEZ,5423 PEARL RD PARMA OHIO,0536,,
ESTADOS UNIDOS,OCLEE NEW JERSEY,EMBARQUE HENRIQUEZ,5423 PEARL RD PARMA OHIO,0537,,
ESTADOS UNIDOS,OCLEE NEW JERSEY,EMBARQUE HENRIQUEZ,5423 PEARL RD PARMA OHIO,0538,,
ESTADOS UNIDOS,OCLEE NEW JERSEY,ESCUELA EASTSIDE,"150 PARK AVE, PATERSON, NJ 07501",0539,,
ESTADOS UNIDOS,OCLEE NEW JERSEY,ESCUELA EASTSIDE,"150 PARK AVE, PATERSON, NJ 07501",0540,,
ESTADOS UNIDOS,OCLEE NEW JERSEY,ESCUELA EASTSIDE,"150 PARK AVE, PATERSON, NJ 07501",0541,,
ESTADOS UNIDOS,OCLEE NEW JERSEY,ESCUELA EASTSIDE,"150 PARK AVE, PATERSON, NJ 07501",0542,,
ESTADOS UNIDOS,OCLEE NEW JERSEY,ESCUELA EASTSIDE,"150 PARK AVE, PATERSON, NJ 07501",0543,,
ESTADOS UNIDOS,OCLEE NEW JERSEY,ESCUELA EASTSIDE,"150 PARK AVE, PATERSON, NJ 07501",0544,,
ESTADOS UNIDOS,OCLEE NEW JERSEY,ESCUELA EASTSIDE,"150 PARK AVE, PATERSON, NJ 07501",0545,,
ESTADOS UNIDOS,OCLEE NEW JERSEY,ESCUELA EASTSIDE,"150 PARK AVE, PATERSON, NJ 07501",0546,,
ESTADOS UNIDOS,OCLEE NEW JERSEY,ESCUELA EASTSIDE,"150 PARK AVE, PATERSON, NJ 07501",0547,,
ESTADOS UNIDOS,OCLEE NEW JERSEY,ESCUELA EASTSIDE,"150 PARK AVE, PATERSON, NJ 07501",0548,,
ESTADOS UNIDOS,OCLEE NEW JERSEY,ESCUELA EASTSIDE,"150 PARK AVE, PATERSON, NJ 07501",0549,,
ESTADOS UNIDOS,OCLEE NEW JERSEY,ESCUELA JUAN PABLO DUARTE,21 FIRST ST ELIZABETH NJ 07206,0550,,
ESTADOS UNIDOS,OCLEE NEW JERSEY,ESCUELA JUAN PABLO DUARTE,21 FIRST ST ELIZABETH NJ 07206,0551,,
ESTADOS UNIDOS,OCLEE NEW JERSEY,ESCUELA JUAN PABLO DUARTE,21 FIRST ST ELIZABETH NJ 07206,0552,,
ESTADOS UNIDOS,OCLEE NEW JERSEY,ESCUELA JUAN PABLO DUARTE,21 FIRST ST ELIZABETH NJ 07206,0553,,
ESTADOS UNIDOS,OCLEE NEW JERSEY,ESCUELA JUAN PABLO DUARTE,21 FIRST ST ELIZABETH NJ 07206,0554,,
ESTADOS UNIDOS,OCLEE NEW JERSEY,ESCUELA NO 21,"322 10TH AVE, PATERSON, NJ 07514",0555,,
ESTADOS UNIDOS,OCLEE NEW JERSEY,ESCUELA NO 21,"322 10TH AVE, PATERSON, NJ 07514",0556,,
ESTADOS UNIDOS,OCLEE NEW JERSEY,ESCUELA NO 21,"322 10TH AVE, PATERSON, NJ 07514",0557,,
PAÍS,OCLEE,DESCRIPCIÓN,DIRECCIÓN,CCOOLLEEGGIIOO,,
ESTADOS UNIDOS,OCLEE NEW JERSEY,ESCUELA ROBERTO CLEMENTE,"434 ROSA PARKS BLVD, PATERSON, NJ 07501",0559,,
ESTADOS UNIDOS,OCLEE NEW JERSEY,ESCUELA ROBERTO CLEMENTE,"434 ROSA PARKS BLVD, PATERSON, NJ 07501",0560,,
ESTADOS UNIDOS,OCLEE NEW JERSEY,ESCUELA ROBERTO CLEMENTE,"434 ROSA PARKS BLVD, PATERSON, NJ 07501",0561,,
ESTADOS UNIDOS,OCLEE NEW JERSEY,ESCUELA ROBERTO CLEMENTE,"434 ROSA PARKS BLVD, PATERSON, NJ 07501",0562,,
ESTADOS UNIDOS,OCLEE NEW JERSEY,ESCUELA ROBERTO CLEMENTE,"434 ROSA PARKS BLVD, PATERSON, NJ 07501",0563,,
ESTADOS UNIDOS,OCLEE NEW JERSEY,ESCUELA ROSA PARK,"413 12TH AVE, PATERSON, NJ 07514",0564,,
ESTADOS UNIDOS,OCLEE NEW JERSEY,ESCUELA ROSA PARK,"413 12TH AVE, PATERSON, NJ 07514",0565,,
ESTADOS UNIDOS,OCLEE NEW JERSEY,ESCUELA ROSA PARK,"413 12TH AVE, PATERSON, NJ 07514",0566,,
ESTADOS UNIDOS,OCLEE NEW JERSEY,ESCUELA ROSA PARK,"413 12TH AVE, PATERSON, NJ 07514",0567,,
ESTADOS UNIDOS,OCLEE NEW JERSEY,ESCUELA ROSA PARK,"413 12TH AVE, PATERSON, NJ 07514",0568,,
ESTADOS UNIDOS,OCLEE NEW JERSEY,FOOTBALL FIELD,"380 PAULISON AVENUE, PASSAIC NJ 07055",0569,,
ESTADOS UNIDOS,OCLEE NEW JERSEY,FOOTBALL FIELD,"380 PAULISON AVENUE, PASSAIC NJ 07055",0570,,
ESTADOS UNIDOS,OCLEE NEW JERSEY,FOOTBALL FIELD,"380 PAULISON AVENUE, PASSAIC NJ 07055",0571,,
ESTADOS UNIDOS,OCLEE NEW JERSEY,FOOTBALL FIELD,"380 PAULISON AVENUE, PASSAIC NJ 07055",0572,,
ESTADOS UNIDOS,OCLEE NEW JERSEY,FOOTBALL FIELD,"380 PAULISON AVENUE, PASSAIC NJ 07055",0573,,
ESTADOS UNIDOS,OCLEE NEW JERSEY,FOOTBALL FIELD,"380 PAULISON AVENUE, PASSAIC NJ 07055",0574,,
ESTADOS UNIDOS,OCLEE NEW JERSEY,FOOTBALL FIELD,"380 PAULISON AVENUE, PASSAIC NJ 07055",0575,,
ESTADOS UNIDOS,OCLEE NEW JERSEY,FOOTBALL FIELD,"380 PAULISON AVENUE, PASSAIC NJ 07055",0576,,
ESTADOS UNIDOS,OCLEE NEW JERSEY,FOOTBALL FIELD,"380 PAULISON AVENUE, PASSAIC NJ 07055",0577,,
ESTADOS UNIDOS,OCLEE NEW JERSEY,FOOTBALL FIELD,"380 PAULISON AVENUE, PASSAIC NJ 07055",0578,,
ESTADOS UNIDOS,OCLEE NEW JERSEY,FOOTBALL FIELD,"380 PAULISON AVENUE, PASSAIC NJ 07055",0579,,
ESTADOS UNIDOS,OCLEE NEW JERSEY,FOOTBALL FIELD,"380 PAULISON AVENUE, PASSAIC NJ 07055",0580,,
ESTADOS UNIDOS,OCLEE NEW JERSEY,FOOTBALL FIELD,"380 PAULISON AVENUE, PASSAIC NJ 07055",0581,,
ESTADOS UNIDOS,OCLEE NEW JERSEY,FOOTBALL FIELD,"380 PAULISON AVENUE, PASSAIC NJ 07055",0582,,
ESTADOS UNIDOS,OCLEE NEW JERSEY,IGLESIA ENMANUEL,"151 E 33RD PATERSON NJ, 07514",0583,,
ESTADOS UNIDOS,OCLEE NEW JERSEY,IGLESIA ENMANUEL,"151 E 33RD PATERSON NJ, 07514",0584,,
ESTADOS UNIDOS,OCLEE NEW JERSEY,IGLESIA ENMANUEL,"151 E 33RD PATERSON NJ, 07514",0585,,
ESTADOS UNIDOS,OCLEE NEW JERSEY,IGLESIA ENMANUEL,"151 E 33RD PATERSON NJ, 07514",0586,,
ESTADOS UNIDOS,OCLEE NEW JERSEY,IGLESIA ENMANUEL,"151 E 33RD PATERSON NJ, 07514",0587,,
ESTADOS UNIDOS,OCLEE NEW JERSEY,IGLESIA ENMANUEL,"151 E 33RD PATERSON NJ, 07514",0588,,
ESTADOS UNIDOS,OCLEE NEW JERSEY,IGLESIA REFUGIO DE SANTIAGO,"22 S WARREN AVE, COLUMBUS OH 43204",0589,,
ESTADOS UNIDOS,OCLEE NEW JERSEY,IGLESIA REFUGIO DE SANTIAGO,"22 S WARREN AVE, COLUMBUS OH 43204",0590,,
ESTADOS UNIDOS,OCLEE NEW JERSEY,IGLESIA SAN ANDRES,"3050 RIVER RD CAMDEN, NJ 08105",0591,,
ESTADOS UNIDOS,OCLEE NEW JERSEY,IGLESIA SAN ANDRES,"3050 RIVER RD CAMDEN, NJ 08105",0592,,
ESTADOS UNIDOS,OCLEE NEW JERSEY,IGNACIO CRUZ EARLY CHILDHOOD,601 CORTLANDT ST PERTH AMBOY 08861,0593,,
ESTADOS UNIDOS,OCLEE NEW JERSEY,IGNACIO CRUZ EARLY CHILDHOOD,601 CORTLANDT ST PERTH AMBOY 08861,0594,,
ESTADOS UNIDOS,OCLEE NEW JERSEY,IGNACIO CRUZ EARLY CHILDHOOD,601 CORTLANDT ST PERTH AMBOY 08861,0595,,
ESTADOS UNIDOS,OCLEE NEW JERSEY,IGNACIO CRUZ EARLY CHILDHOOD,601 CORTLANDT ST PERTH AMBOY 08861,0596,,
ESTADOS UNIDOS,OCLEE NEW JERSEY,IGNACIO CRUZ EARLY CHILDHOOD,601 CORTLANDT ST PERTH AMBOY 08861,0597,,
ESTADOS UNIDOS,OCLEE NEW JERSEY,IGNACIO CRUZ EARLY CHILDHOOD,601 CORTLANDT ST PERTH AMBOY 08861,0598,,
ESTADOS UNIDOS,OCLEE NEW JERSEY,JOHN F KENEDY SCHOOL,"61-127 PREAKNESS AVE, PATERSON, NJ 07522",0599,,
ESTADOS UNIDOS,OCLEE NEW JERSEY,JOHN F KENEDY SCHOOL,"61-127 PREAKNESS AVE, PATERSON, NJ 07522",0600,,
ESTADOS UNIDOS,OCLEE NEW JERSEY,JOHN F KENEDY SCHOOL,"61-127 PREAKNESS AVE, PATERSON, NJ 07522",0601,,
ESTADOS UNIDOS,OCLEE NEW JERSEY,JOHN F KENEDY SCHOOL,"61-127 PREAKNESS AVE, PATERSON, NJ 07522",0602,,
ESTADOS UNIDOS,OCLEE NEW JERSEY,JOHN F KENEDY SCHOOL,"61-127 PREAKNESS AVE, PATERSON, NJ 07522",0603,,
ESTADOS UNIDOS,OCLEE NEW JERSEY,JOHN F KENEDY SCHOOL,"61-127 PREAKNESS AVE, PATERSON, NJ 07522",0604,,
ESTADOS UNIDOS,OCLEE NEW JERSEY,JOHN F KENEDY SCHOOL,"61-127 PREAKNESS AVE, PATERSON, NJ 07522",0605,,
ESTADOS UNIDOS,OCLEE NEW JERSEY,JOHN F KENEDY SCHOOL,"61-127 PREAKNESS AVE, PATERSON, NJ 07522",0606,,
ESTADOS UNIDOS,OCLEE NEW JERSEY,JOSE MARTIN STEM ACADEMY,"1800 SUMMIT AVE UNION CITY, NJ 07087",0607,,
PAÍS,OCLEE,DESCRIPCIÓN,DIRECCIÓN,CCOOLLEEGGIIOO,,
ESTADOS UNIDOS,OCLEE NEW JERSEY,JOSE MARTIN STEM ACADEMY,"1800 SUMMIT AVE UNION CITY, NJ 07087",0609,,
ESTADOS UNIDOS,OCLEE NEW JERSEY,JOSE MARTIN STEM ACADEMY,"1800 SUMMIT AVE UNION CITY, NJ 07087",0610,,
ESTADOS UNIDOS,OCLEE NEW JERSEY,JOSE MARTIN STEM ACADEMY,"1800 SUMMIT AVE UNION CITY, NJ 07087",0611,,
ESTADOS UNIDOS,OCLEE NEW JERSEY,JOSE MARTIN STEM ACADEMY,"1800 SUMMIT AVE UNION CITY, NJ 07087",0612,,
ESTADOS UNIDOS,OCLEE NEW JERSEY,JOSE MARTIN STEM ACADEMY,"1800 SUMMIT AVE UNION CITY, NJ 07087",0613,,
ESTADOS UNIDOS,OCLEE NEW JERSEY,JOSE MARTIN STEM ACADEMY,"1800 SUMMIT AVE UNION CITY, NJ 07087",0614,,
ESTADOS UNIDOS,OCLEE NEW JERSEY,JOSE MARTIN STEM ACADEMY,"1800 SUMMIT AVE UNION CITY, NJ 07087",0615,,
ESTADOS UNIDOS,OCLEE NEW JERSEY,JOSE MARTIN STEM ACADEMY,"1800 SUMMIT AVE UNION CITY, NJ 07087",0616,,
ESTADOS UNIDOS,OCLEE NEW JERSEY,LOCAL 54,"1014 ATLANTIC AVE, ATLANTIC CITY, NJ 08401",0617,,
ESTADOS UNIDOS,OCLEE NEW JERSEY,LOCAL 54,"1014 ATLANTIC AVE, ATLANTIC CITY, NJ 08401",0618,,
ESTADOS UNIDOS,OCLEE NEW JERSEY,MUSEO PATERSON,2 MARKET ST PATERSON NJ 07501,0619,,
ESTADOS UNIDOS,OCLEE NEW JERSEY,MUSEO PATERSON,2 MARKET ST PATERSON NJ 07501,0620,,
ESTADOS UNIDOS,OCLEE NEW JERSEY,MUSEO PATERSON,2 MARKET ST PATERSON NJ 07501,0621,,
ESTADOS UNIDOS,OCLEE NEW JERSEY,NORTH CLINTON RECREATION,"454 NORTH CLINTON AVE TRENTON, NJ 08638",0622,,
ESTADOS UNIDOS,OCLEE NEW JERSEY,NORTH CLINTON RECREATION,"454 NORTH CLINTON AVE TRENTON, NJ 08638",0623,,
ESTADOS UNIDOS,OCLEE NEW JERSEY,NORTH CLINTON RECREATION,"454 NORTH CLINTON AVE TRENTON, NJ 08638",0624,,
ESTADOS UNIDOS,OCLEE NEW JERSEY,NORTH CLINTON RECREATION,"454 NORTH CLINTON AVE TRENTON, NJ 08638",0625,,
ESTADOS UNIDOS,OCLEE NEW JERSEY,OH ST JOSEPH RESORT HOTEL,"8029 BLACK HORSE PIKE, PLLEASANTVILLE NJ 08401",0626,,
ESTADOS UNIDOS,OCLEE NEW JERSEY,OH ST JOSEPH RESORT HOTEL,"8029 BLACK HORSE PIKE, PLLEASANTVILLE NJ 08401",0627,,
ESTADOS UNIDOS,OCLEE NEW JERSEY,RECREATION CENTER,"6300 MEADOWVIEW AVE NORTH BERGEN, NJ 07047",0628,,
ESTADOS UNIDOS,OCLEE NEW JERSEY,RECREATION CENTER,"6300 MEADOWVIEW AVE NORTH BERGEN, NJ 07047",0629,,
ESTADOS UNIDOS,OCLEE NEW JERSEY,RECREATION CENTER,"6300 MEADOWVIEW AVE NORTH BERGEN, NJ 07047",0630,,
ESTADOS UNIDOS,OCLEE NEW JERSEY,RECREATION CENTER,"6300 MEADOWVIEW AVE NORTH BERGEN, NJ 07047",0631,,
ESTADOS UNIDOS,OCLEE NEW JERSEY,REDSHAW ELEMENTARY SCHOOL,"216 LIVINGSTON AVE, NEW BRUNSWICK, NJ 08901",0632,,
ESTADOS UNIDOS,OCLEE NEW JERSEY,REDSHAW ELEMENTARY SCHOOL,"216 LIVINGSTON AVE, NEW BRUNSWICK, NJ 08901",0633,,
ESTADOS UNIDOS,OCLEE NEW JERSEY,REDSHAW ELEMENTARY SCHOOL,"216 LIVINGSTON AVE, NEW BRUNSWICK, NJ 08901",0634,,
ESTADOS UNIDOS,OCLEE NEW JERSEY,REDSHAW ELEMENTARY SCHOOL,"216 LIVINGSTON AVE, NEW BRUNSWICK, NJ 08901",0635,,
ESTADOS UNIDOS,OCLEE NEW JERSEY,REDSHAW ELEMENTARY SCHOOL,"216 LIVINGSTON AVE, NEW BRUNSWICK, NJ 08901",0636,,
ESTADOS UNIDOS,OCLEE NEW JERSEY,SENIOR RECREATION CENTER,"215 54TH ST, WEST NEW YORK 07093",0637,,
ESTADOS UNIDOS,OCLEE NEW JERSEY,SENIOR RECREATION CENTER,"215 54TH ST, WEST NEW YORK 07093",0638,,
ESTADOS UNIDOS,OCLEE NEW JERSEY,SENIOR RECREATION CENTER,"215 54TH ST, WEST NEW YORK 07093",0639,,
ESTADOS UNIDOS,OCLEE NEW JERSEY,SENIOR RECREATION CENTER,"215 54TH ST, WEST NEW YORK 07093",0640,,
ESTADOS UNIDOS,OCLEE NEW JERSEY,SENIOR RECREATION CENTER,"215 54TH ST, WEST NEW YORK 07093",0641,,
ESTADOS UNIDOS,OCLEE NEW JERSEY,ST ANTHONY OF PADUA,"2818 RIVER AVE, CAMDEN, NEW JERSEY 08105",0642,,
ESTADOS UNIDOS,OCLEE NEW JERSEY,ST ANTHONY OF PADUA,"2818 RIVER AVE, CAMDEN, NEW JERSEY 08105",0643,,
ESTADOS UNIDOS,OCLEE NEW JERSEY,ST ANTHONY OF PADUA,"2818 RIVER AVE, CAMDEN, NEW JERSEY 08105",0644,,
ESTADOS UNIDOS,OCLEE NEW JERSEY,ST ANTHONY OF PADUA,"2818 RIVER AVE, CAMDEN, NEW JERSEY 08105",0645,,
ESTADOS UNIDOS,OCLEE NEW JERSEY,ST ANTHONY OF PADUA,"2818 RIVER AVE, CAMDEN, NEW JERSEY 08105",0646,,
ESTADOS UNIDOS,OCLEE NEW JERSEY,ST ANTHONY OF PADUA,"2818 RIVER AVE, CAMDEN, NEW JERSEY 08105",0647,,
ESTADOS UNIDOS,OCLEE NEW JERSEY,ST ANTHONY OF PADUA,"2818 RIVER AVE, CAMDEN, NEW JERSEY 08105",0648,,
ESTADOS UNIDOS,OCLEE NEW JERSEY,ST ANTHONY OF PADUA,"2818 RIVER AVE, CAMDEN, NEW JERSEY 08105",0649,,
ESTADOS UNIDOS,OCLEE NEW JERSEY,ST PAUL'S ROMAN CATHOLIC CHURCH,"286 HALEDON AVE, PROSPECT PARK, NJ 07508",0650,,
ESTADOS UNIDOS,OCLEE NEW JERSEY,ST PAUL'S ROMAN CATHOLIC CHURCH,"286 HALEDON AVE, PROSPECT PARK, NJ 07508",0651,,
ESTADOS UNIDOS,OCLEE NEW JERSEY,ST PAUL'S ROMAN CATHOLIC CHURCH,"286 HALEDON AVE, PROSPECT PARK, NJ 07508",0652,,
ESTADOS UNIDOS,OCLEE NEW JERSEY,ST PAUL'S ROMAN CATHOLIC CHURCH,"286 HALEDON AVE, PROSPECT PARK, NJ 07508",0653,,
ESTADOS UNIDOS,OCLEE NEW JERSEY,THE BARRINGER HIGH SCHOOL,"90 PARKER ST, NEWARK, NJ 07104",0654,,
ESTADOS UNIDOS,OCLEE NEW JERSEY,THE BARRINGER HIGH SCHOOL,"90 PARKER ST, NEWARK, NJ 07104",0655,,
ESTADOS UNIDOS,OCLEE NEW JERSEY,THE BARRINGER HIGH SCHOOL,"90 PARKER ST, NEWARK, NJ 07104",0656,,
ESTADOS UNIDOS,OCLEE NEW JERSEY,THE BARRINGER HIGH SCHOOL,"90 PARKER ST, NEWARK, NJ 07104",0657,,
PAÍS,OCLEE,DESCRIPCIÓN,DIRECCIÓN,CCOOLLEEGGIIOO,,
ESTADOS UNIDOS,OCLEE NEW JERSEY,THE BARRINGER HIGH SCHOOL,"90 PARKER ST, NEWARK, NJ 07104",0659,,
ESTADOS UNIDOS,OCLEE NEW JERSEY,THE BARRINGER HIGH SCHOOL,"90 PARKER ST, NEWARK, NJ 07104",0660,,
ESTADOS UNIDOS,OCLEE NEW JERSEY,THE BARRINGER HIGH SCHOOL,"90 PARKER ST, NEWARK, NJ 07104",0661,,
ESTADOS UNIDOS,OCLEE NEW JERSEY,THE BARRINGER HIGH SCHOOL,"90 PARKER ST, NEWARK, NJ 07104",0662,,
ESTADOS UNIDOS,OCLEE NEW JERSEY,VICENTE LOMBARDI,201 BLOOMFIELD AVE NEWARK 07104,0663,,
ESTADOS UNIDOS,OCLEE NEW JERSEY,VICENTE LOMBARDI,201 BLOOMFIELD AVE NEWARK 07104,0664,,
ESTADOS UNIDOS,OCLEE NEW JERSEY,VICENTE LOMBARDI,201 BLOOMFIELD AVE NEWARK 07104,0665,,
ESTADOS UNIDOS,OCLEE NEW JERSEY,VICENTE LOMBARDI,201 BLOOMFIELD AVE NEWARK 07104,0666,,
ESTADOS UNIDOS,OCLEE NEW JERSEY,VIP FORNITURE,1007 LIVINGSTONE AVE NORTH BR. 08902,0667,,
ESTADOS UNIDOS,OCLEE NEW JERSEY,VIP FORNITURE,1007 LIVINGSTONE AVE NORTH BR. 08902,0668,,
ESTADOS UNIDOS,OCLEE NEW JERSEY,VIP FORNITURE,1007 LIVINGSTONE AVE NORTH BR. 08902,0669,,
ESTADOS UNIDOS,OCLEE NEW JERSEY,WATER FRON,"14 GRAFTON AVE, NEWKARK 07104",0670,,
ESTADOS UNIDOS,OCLEE NEW JERSEY,WATER FRON,"14 GRAFTON AVE, NEWKARK 07104",0671,,
ESTADOS UNIDOS,OCLEE NEW JERSEY,WATER FRON,"14 GRAFTON AVE, NEWKARK 07104",0672,,
ESTADOS UNIDOS,OCLEE NEW JERSEY,WATER FRON,"14 GRAFTON AVE, NEWKARK 07104",0673,,
ESTADOS UNIDOS,OCLEE NEW JERSEY,WATER FRON,"14 GRAFTON AVE, NEWKARK 07104",0674,,
ESTADOS UNIDOS,OCLEE NEW JERSEY,WATER FRON,"14 GRAFTON AVE, NEWKARK 07104",0675,,
ESTADOS UNIDOS,OCLEE NEW JERSEY,WATER FRON,"14 GRAFTON AVE, NEWKARK 07104",0676,,
ESTADOS UNIDOS,OCLEE NEW JERSEY,WILLIAM C. MCGINNIS MS,271 STATE ST PERTH AMBOY 08861,0677,,
ESTADOS UNIDOS,OCLEE NEW JERSEY,WILLIAM C. MCGINNIS MS,271 STATE ST PERTH AMBOY 08861,0678,,
ESTADOS UNIDOS,OCLEE NEW JERSEY,WILLIAM C. MCGINNIS MS,271 STATE ST PERTH AMBOY 08861,0679,,
ESTADOS UNIDOS,OCLEE NEW JERSEY,WILLIAM C. MCGINNIS MS,271 STATE ST PERTH AMBOY 08861,0680,,
ESTADOS UNIDOS,OCLEE NEW JERSEY,WILLIAM C. MCGINNIS MS,271 STATE ST PERTH AMBOY 08861,0681,,
ESTADOS UNIDOS,OCLEE NEW JERSEY,WILLIAM C. MCGINNIS MS,271 STATE ST PERTH AMBOY 08861,0682,,
ESTADOS UNIDOS,OCLEE NEW YORK,NEW DESIGN MIDDLE SCHOOL,"625 W 133RD ST, NEW YORK, NY 10027",0683,,
ESTADOS UNIDOS,OCLEE NEW YORK,NEW DESIGN MIDDLE SCHOOL,"625 W 133RD ST, NEW YORK, NY 10027",0684,,
ESTADOS UNIDOS,OCLEE NEW YORK,NEW DESIGN MIDDLE SCHOOL,"625 W 133RD ST, NEW YORK, NY 10027",0685,,
ESTADOS UNIDOS,OCLEE NEW YORK,NEW DESIGN MIDDLE SCHOOL,"625 W 133RD ST, NEW YORK, NY 10027",0686,,
ESTADOS UNIDOS,OCLEE NEW YORK,NEW DESIGN MIDDLE SCHOOL,"625 W 133RD ST, NEW YORK, NY 10027",0687,,
ESTADOS UNIDOS,OCLEE NEW YORK,NEW DESIGN MIDDLE SCHOOL,"625 W 133RD ST, NEW YORK, NY 10027",0688,,
ESTADOS UNIDOS,OCLEE NEW YORK,BAYCHASTER ACADEMY,"3500 EDSON AV, BRONX, NY 10466",0689,,
ESTADOS UNIDOS,OCLEE NEW YORK,BAYCHASTER ACADEMY,"3500 EDSON AV, BRONX, NY 10466",0690,,
ESTADOS UNIDOS,OCLEE NEW YORK,BAYCHASTER ACADEMY,"3500 EDSON AV, BRONX, NY 10466",0691,,
ESTADOS UNIDOS,OCLEE NEW YORK,BAYCHASTER ACADEMY,"3500 EDSON AV, BRONX, NY 10466",0692,,
ESTADOS UNIDOS,OCLEE NEW YORK,BAYCHASTER ACADEMY,"3500 EDSON AV, BRONX, NY 10466",0693,,
ESTADOS UNIDOS,OCLEE NEW YORK,BAYCHASTER ACADEMY,"3500 EDSON AV, BRONX, NY 10466",0694,,
ESTADOS UNIDOS,OCLEE NEW YORK,ADLAI E. STEVENSON HIGH SCHOOL,"1980 LAFAYETTE AVENUE, BRONX 10473",0695,,
ESTADOS UNIDOS,OCLEE NEW YORK,ADLAI E. STEVENSON HIGH SCHOOL,"1980 LAFAYETTE AVENUE, BRONX 10473",0696,,
ESTADOS UNIDOS,OCLEE NEW YORK,ADLAI E. STEVENSON HIGH SCHOOL,"1980 LAFAYETTE AVENUE, BRONX 10473",0697,,
ESTADOS UNIDOS,OCLEE NEW YORK,ADLAI E. STEVENSON HIGH SCHOOL,"1980 LAFAYETTE AVENUE, BRONX 10473",0698,,
ESTADOS UNIDOS,OCLEE NEW YORK,ADLAI E. STEVENSON HIGH SCHOOL,"1980 LAFAYETTE AVENUE, BRONX 10473",0699,,
ESTADOS UNIDOS,OCLEE NEW YORK,BRONX ELEMENTARY SCHOOL 109,"1771 POPHAM AVE, BRONX, NY",0700,,
ESTADOS UNIDOS,OCLEE NEW YORK,BRONX ELEMENTARY SCHOOL 109,"1771 POPHAM AVE, BRONX, NY",0701,,
ESTADOS UNIDOS,OCLEE NEW YORK,BRONX ELEMENTARY SCHOOL 109,"1771 POPHAM AVE, BRONX, NY",0702,,
ESTADOS UNIDOS,OCLEE NEW YORK,BRONX ELEMENTARY SCHOOL 109,"1771 POPHAM AVE, BRONX, NY",0703,,
ESTADOS UNIDOS,OCLEE NEW YORK,BRONX ELEMENTARY SCHOOL 109,"1771 POPHAM AVE, BRONX, NY",0704,,
ESTADOS UNIDOS,OCLEE NEW YORK,CAPITAL DISTRICT LATINOS,"160 CENTRAL AVE, ALBANY, NY 12206",0705,,
ESTADOS UNIDOS,OCLEE NEW YORK,CAPITAL DISTRICT LATINOS,"160 CENTRAL AVE, ALBANY, NY 12206",0706,,
ESTADOS UNIDOS,OCLEE NEW YORK,CENTRO DE RECURSOS COMUNITARIOS IBERO,"216 CLIFFORD AVE, ROCHESTER, NY 14621",0707,,
PAÍS,OCLEE,DESCRIPCIÓN,DIRECCIÓN,CCOOLLEEGGIIOO,,
ESTADOS UNIDOS,OCLEE NEW YORK,CHARLES A GAETANO VETERANS COMPLEX,"726 WASHINGTON AVE, UTICA, NY 13502",0709,,
ESTADOS UNIDOS,OCLEE NEW YORK,CHARLES A GAETANO VETERANS COMPLEX,"726 WASHINGTON AVE, UTICA, NY 13502",0710,,
ESTADOS UNIDOS,OCLEE NEW YORK,COMPREHENSIVE MODEL SCHOOL PROJ- ECT MS 327,"1501 JEROME AVE, BRONX, NY 10452",0711,,
ESTADOS UNIDOS,OCLEE NEW YORK,COMPREHENSIVE MODEL SCHOOL PROJ- ECT MS 327,"1501 JEROME AVE, BRONX, NY 10452",0712,,
ESTADOS UNIDOS,OCLEE NEW YORK,COMPREHENSIVE MODEL SCHOOL PROJ- ECT MS 327,"1501 JEROME AVE, BRONX, NY 10452",0713,,
ESTADOS UNIDOS,OCLEE NEW YORK,COMPREHENSIVE MODEL SCHOOL PROJ- ECT MS 327,"1501 JEROME AVE, BRONX, NY 10452",0714,,
ESTADOS UNIDOS,OCLEE NEW YORK,COMPREHENSIVE MODEL SCHOOL PROJ- ECT MS 327,"1501 JEROME AVE, BRONX, NY 10452",0715,,
ESTADOS UNIDOS,OCLEE NEW YORK,CONSELYEA PREPARATORY SCHOOL,"K577 208 NORTH 5 STREET BROOKLYN, NY 11211",0716,,
ESTADOS UNIDOS,OCLEE NEW YORK,CONSELYEA PREPARATORY SCHOOL,"K577 208 NORTH 5 STREET BROOKLYN, NY 11211",0717,,
ESTADOS UNIDOS,OCLEE NEW YORK,CONSELYEA PREPARATORY SCHOOL,"K577 208 NORTH 5 STREET BROOKLYN, NY 11211",0718,,
ESTADOS UNIDOS,OCLEE NEW YORK,CONSELYEA PREPARATORY SCHOOL,"K577 208 NORTH 5 STREET BROOKLYN, NY 11211",0719,,
ESTADOS UNIDOS,OCLEE NEW YORK,CONSELYEA PREPARATORY SCHOOL,"K577 208 NORTH 5 STREET BROOKLYN, NY 11211",0720,,
ESTADOS UNIDOS,OCLEE NEW YORK,COPIAGUE SCHOOL DISTRICT,"2650 GREAT NECK RD, COPIAGUE, NY 11726",0721,,
ESTADOS UNIDOS,OCLEE NEW YORK,COPIAGUE SCHOOL DISTRICT,"2650 GREAT NECK RD, COPIAGUE, NY 11726",0722,,
ESTADOS UNIDOS,OCLEE NEW YORK,COPIAGUE SCHOOL DISTRICT,"2650 GREAT NECK RD, COPIAGUE, NY 11726",0723,,
ESTADOS UNIDOS,OCLEE NEW YORK,COPIAGUE SCHOOL DISTRICT,"2650 GREAT NECK RD, COPIAGUE, NY 11726",0724,,
ESTADOS UNIDOS,OCLEE NEW YORK,COPIAGUE SCHOOL DISTRICT,"2650 GREAT NECK RD, COPIAGUE, NY 11726",0725,,
ESTADOS UNIDOS,OCLEE NEW YORK,CORAM ELEMENTARY SCHOOL,"61 MOUNT SINAI-CORAM RD, CORAM, NY 11727",0726,,
ESTADOS UNIDOS,OCLEE NEW YORK,CORAM ELEMENTARY SCHOOL,"61 MOUNT SINAI-CORAM RD, CORAM, NY 11727",0727,,
ESTADOS UNIDOS,OCLEE NEW YORK,CORAM ELEMENTARY SCHOOL,"61 MOUNT SINAI-CORAM RD, CORAM, NY 11727",0728,,
ESTADOS UNIDOS,OCLEE NEW YORK,CORAM ELEMENTARY SCHOOL,"61 MOUNT SINAI-CORAM RD, CORAM, NY 11727",0729,,
ESTADOS UNIDOS,OCLEE NEW YORK,PS WALTON CAMPUS,"2780 RESERVOIR AVE, BRONX, NY 10468",0730,,
ESTADOS UNIDOS,OCLEE NEW YORK,PS WALTON CAMPUS,"2780 RESERVOIR AVE, BRONX, NY 10468",0731,,
ESTADOS UNIDOS,OCLEE NEW YORK,PS WALTON CAMPUS,"2780 RESERVOIR AVE, BRONX, NY 10468",0732,,
ESTADOS UNIDOS,OCLEE NEW YORK,PS WALTON CAMPUS,"2780 RESERVOIR AVE, BRONX, NY 10468",0733,,
ESTADOS UNIDOS,OCLEE NEW YORK,PS WALTON CAMPUS,"2780 RESERVOIR AVE, BRONX, NY 10468",0734,,
ESTADOS UNIDOS,OCLEE NEW YORK,PS 145 THE BLOOMINGDALE SCHOOL,"150 W 105TH ST, NEW YORK, NY 1002",0735,,
ESTADOS UNIDOS,OCLEE NEW YORK,EUGENIO MARIA DE HOSTO SCHOOL,"5 MORRIS ST,YONKERS, NY 10705",0736,,
ESTADOS UNIDOS,OCLEE NEW YORK,EUGENIO MARIA DE HOSTO SCHOOL,"5 MORRIS ST,YONKERS, NY 10705",0737,,
ESTADOS UNIDOS,OCLEE NEW YORK,EUGENIO MARIA DE HOSTO SCHOOL,"5 MORRIS ST,YONKERS, NY 10705",0738,,
ESTADOS UNIDOS,OCLEE NEW YORK,EUGENIO MARIA DE HOSTO SCHOOL,"5 MORRIS ST,YONKERS, NY 10705",0739,,
ESTADOS UNIDOS,OCLEE NEW YORK,EUGENIO MARIA DE HOSTO SCHOOL,"5 MORRIS ST,YONKERS, NY 10705",0740,,
ESTADOS UNIDOS,OCLEE NEW YORK,EUGENIO MARIA DE HOSTO SCHOOL,"5 MORRIS ST,YONKERS, NY 10705",0741,,
ESTADOS UNIDOS,OCLEE NEW YORK,EUGENIO MARIA DE HOSTO SCHOOL,"5 MORRIS ST,YONKERS, NY 10705",0742,,
ESTADOS UNIDOS,OCLEE NEW YORK,ROOSEVELT CAMPUS (FORDHAM HIGH SCHOOL FOR ARTS),"500 E FORDHAM RD, BRONX, NY 10458",0743,,
ESTADOS UNIDOS,OCLEE NEW YORK,ROOSEVELT CAMPUS (FORDHAM HIGH SCHOOL FOR ARTS),"500 E FORDHAM RD, BRONX, NY 10458",0744,,
ESTADOS UNIDOS,OCLEE NEW YORK,ROOSEVELT CAMPUS (FORDHAM HIGH SCHOOL FOR ARTS),"500 E FORDHAM RD, BRONX, NY 10458",0745,,
ESTADOS UNIDOS,OCLEE NEW YORK,ROOSEVELT CAMPUS (FORDHAM HIGH SCHOOL FOR ARTS),"500 E FORDHAM RD, BRONX, NY 10458",0746,,
ESTADOS UNIDOS,OCLEE NEW YORK,ROOSEVELT CAMPUS (FORDHAM HIGH SCHOOL FOR ARTS),"500 E FORDHAM RD, BRONX, NY 10458",0747,,
ESTADOS UNIDOS,OCLEE NEW YORK,FREEPORT ELEMTARY SCHOOL,"394 W MERRICK RD, FREEPORT, NY 11520",0748,,
ESTADOS UNIDOS,OCLEE NEW YORK,FREEPORT ELEMTARY SCHOOL,"394 W MERRICK RD, FREEPORT, NY 11520",0749,,
ESTADOS UNIDOS,OCLEE NEW YORK,FREEPORT ELEMTARY SCHOOL,"394 W MERRICK RD, FREEPORT, NY 11520",0750,,
ESTADOS UNIDOS,OCLEE NEW YORK,FREEPORT ELEMTARY SCHOOL,"394 W MERRICK RD, FREEPORT, NY 11520",0751,,
ESTADOS UNIDOS,OCLEE NEW YORK,FREEPORT ELEMTARY SCHOOL,"394 W MERRICK RD, FREEPORT, NY 11520",0752,,
ESTADOS UNIDOS,OCLEE NEW YORK,FREEPORT ELEMTARY SCHOOL,"394 W MERRICK RD, FREEPORT, NY 11520",0753,,
ESTADOS UNIDOS,OCLEE NEW YORK,FREEPORT ELEMTARY SCHOOL,"394 W MERRICK RD, FREEPORT, NY 11520",0754,,
ESTADOS UNIDOS,OCLEE NEW YORK,FREEPORT ELEMTARY SCHOOL,"394 W MERRICK RD, FREEPORT, NY 11520",0755,,
PAÍS,OCLEE,DESCRIPCIÓN,DIRECCIÓN,CCOOLLEEGGIIOO,,
ESTADOS UNIDOS,OCLEE NEW YORK,FREEPORT ELEMTARY SCHOOL,"394 W MERRICK RD, FREEPORT, NY 11520",0757,,
ESTADOS UNIDOS,OCLEE NEW YORK,FREEPORT ELEMTARY SCHOOL,"394 W MERRICK RD, FREEPORT, NY 11520",0758,,
ESTADOS UNIDOS,OCLEE NEW YORK,FREEPORT ELEMTARY SCHOOL,"394 W MERRICK RD, FREEPORT, NY 11520",0759,,
ESTADOS UNIDOS,OCLEE NEW YORK,GEORGE WASHINGTON HS,"549 AUDUBON AVE,NEW YORK, NY 10040",0760,,
ESTADOS UNIDOS,OCLEE NEW YORK,GEORGE WASHINGTON HS,"549 AUDUBON AVE,NEW YORK, NY 10040",0761,,
ESTADOS UNIDOS,OCLEE NEW YORK,GEORGE WASHINGTON HS,"549 AUDUBON AVE,NEW YORK, NY 10040",0762,,
ESTADOS UNIDOS,OCLEE NEW YORK,GEORGE WASHINGTON HS,"549 AUDUBON AVE,NEW YORK, NY 10040",0763,,
ESTADOS UNIDOS,OCLEE NEW YORK,GEORGE WASHINGTON HS,"549 AUDUBON AVE,NEW YORK, NY 10040",0764,,
ESTADOS UNIDOS,OCLEE NEW YORK,BOYS PREP CHARTER SCHOOL,"192 EAST 151ST, 1ST FLOOR, BRONX, NY 10451",0765,,
ESTADOS UNIDOS,OCLEE NEW YORK,BOYS PREP CHARTER SCHOOL,"192 EAST 151ST, 1ST FLOOR, BRONX, NY 10451",0766,,
ESTADOS UNIDOS,OCLEE NEW YORK,BOYS PREP CHARTER SCHOOL,"192 EAST 151ST, 1ST FLOOR, BRONX, NY 10451",0767,,
ESTADOS UNIDOS,OCLEE NEW YORK,BOYS PREP CHARTER SCHOOL,"192 EAST 151ST, 1ST FLOOR, BRONX, NY 10451",0768,,
ESTADOS UNIDOS,OCLEE NEW YORK,BOYS PREP CHARTER SCHOOL,"192 EAST 151ST, 1ST FLOOR, BRONX, NY 10451",0769,,
ESTADOS UNIDOS,OCLEE NEW YORK,BOYS PREP CHARTER SCHOOL,"192 EAST 151ST, 1ST FLOOR, BRONX, NY 10451",0770,,
ESTADOS UNIDOS,OCLEE NEW YORK,BOYS PREP CHARTER SCHOOL,"192 EAST 151ST, 1ST FLOOR, BRONX, NY 10451",0771,,
ESTADOS UNIDOS,OCLEE NEW YORK,BOYS PREP CHARTER SCHOOL,"192 EAST 151ST, 1ST FLOOR, BRONX, NY 10451",0772,,
ESTADOS UNIDOS,OCLEE NEW YORK,BOYS PREP CHARTER SCHOOL,"192 EAST 151ST, 1ST FLOOR, BRONX, NY 10451",0773,,
ESTADOS UNIDOS,OCLEE NEW YORK,BOYS PREP CHARTER SCHOOL,"192 EAST 151ST, 1ST FLOOR, BRONX, NY 10451",0774,,
ESTADOS UNIDOS,OCLEE NEW YORK,BOYS PREP CHARTER SCHOOL,"192 EAST 151ST, 1ST FLOOR, BRONX, NY 10451",0775,,
ESTADOS UNIDOS,OCLEE NEW YORK,BOYS PREP CHARTER SCHOOL,"192 EAST 151ST, 1ST FLOOR, BRONX, NY 10451",0776,,
ESTADOS UNIDOS,OCLEE NEW YORK,BOYS PREP CHARTER SCHOOL,"192 EAST 151ST, 1ST FLOOR, BRONX, NY 10451",0777,,
ESTADOS UNIDOS,OCLEE NEW YORK,GREGORIO LUPERON SCHOOL,"501 WEST 165 STREET, NEW YORK, NY 10032",0778,,
ESTADOS UNIDOS,OCLEE NEW YORK,GREGORIO LUPERON SCHOOL,"501 WEST 165 STREET, NEW YORK, NY 10032",0779,,
ESTADOS UNIDOS,OCLEE NEW YORK,GREGORIO LUPERON SCHOOL,"501 WEST 165 STREET, NEW YORK, NY 10032",0780,,
ESTADOS UNIDOS,OCLEE NEW YORK,GREGORIO LUPERON SCHOOL,"501 WEST 165 STREET, NEW YORK, NY 10032",0781,,
ESTADOS UNIDOS,OCLEE NEW YORK,GREGORIO LUPERON SCHOOL,"501 WEST 165 STREET, NEW YORK, NY 10032",0782,,
ESTADOS UNIDOS,OCLEE NEW YORK,GREGORIO LUPERON SCHOOL,"501 WEST 165 STREET, NEW YORK, NY 10032",0783,,
ESTADOS UNIDOS,OCLEE NEW YORK,HAMILTON SCHOOL,"20 OAK STREET MOUNT VERNON NY, 10550",0784,,
ESTADOS UNIDOS,OCLEE NEW YORK,HAMILTON SCHOOL,"20 OAK STREET MOUNT VERNON NY, 10550",0785,,
ESTADOS UNIDOS,OCLEE NEW YORK,P.S. 154 HARRIET TUBMAN LEARNING CENTER,"250 WEST 127 STREET, NEW YORK, NY 10027",0786,,
ESTADOS UNIDOS,OCLEE NEW YORK,P.S. 154 HARRIET TUBMAN LEARNING CENTER,"250 WEST 127 STREET, NEW YORK, NY 10027",0787,,
ESTADOS UNIDOS,OCLEE NEW YORK,P.S. 154 HARRIET TUBMAN LEARNING CENTER,"250 WEST 127 STREET, NEW YORK, NY 10027",0788,,
ESTADOS UNIDOS,OCLEE NEW YORK,P.S. 154 HARRIET TUBMAN LEARNING CENTER,"250 WEST 127 STREET, NEW YORK, NY 10027",0789,,
ESTADOS UNIDOS,OCLEE NEW YORK,P.S. 154 HARRIET TUBMAN LEARNING CENTER,"250 WEST 127 STREET, NEW YORK, NY 10027",0790,,
ESTADOS UNIDOS,OCLEE NEW YORK,P.S. 154 HARRIET TUBMAN LEARNING CENTER,"250 WEST 127 STREET, NEW YORK, NY 10027",0791,,
ESTADOS UNIDOS,OCLEE NEW YORK,P.S. 154 HARRIET TUBMAN LEARNING CENTER,"250 WEST 127 STREET, NEW YORK, NY 10027",0792,,
ESTADOS UNIDOS,OCLEE NEW YORK,P.S. 154 HARRIET TUBMAN LEARNING CENTER,"250 WEST 127 STREET, NEW YORK, NY 10027",0793,,
ESTADOS UNIDOS,OCLEE NEW YORK,P.S. 154 HARRIET TUBMAN LEARNING CENTER,"250 WEST 127 STREET, NEW YORK, NY 10027",0794,,
ESTADOS UNIDOS,OCLEE NEW YORK,HAVERSTRAW CENTER,"50 W BROAD ST, HAVERSTRAW, NY 10927",0795,,
ESTADOS UNIDOS,OCLEE NEW YORK,HAVERSTRAW CENTER,"50 W BROAD ST, HAVERSTRAW, NY 10927",0796,,
ESTADOS UNIDOS,OCLEE NEW YORK,HAVERSTRAW CENTER,"50 W BROAD ST, HAVERSTRAW, NY 10927",0797,,
ESTADOS UNIDOS,OCLEE NEW YORK,HAVERSTRAW CENTER,"50 W BROAD ST, HAVERSTRAW, NY 10927",0798,,
ESTADOS UNIDOS,OCLEE NEW YORK,HAVERSTRAW CENTER,"50 W BROAD ST, HAVERSTRAW, NY 10927",0799,,
ESTADOS UNIDOS,OCLEE NEW YORK,HIGH SCHOOL FOR SERVICE & LEARNING AT ERASMUS,"913 FLATBUSH AVE., BROOKLYN, NY 11226",0800,,
ESTADOS UNIDOS,OCLEE NEW YORK,HIGH SCHOOL FOR SERVICE & LEARNING AT ERASMUS,"913 FLATBUSH AVE., BROOKLYN, NY 11226",0801,,
ESTADOS UNIDOS,OCLEE NEW YORK,HIGH SCHOOL FOR SERVICE & LEARNING AT ERASMUS,"913 FLATBUSH AVE., BROOKLYN, NY 11226",0802,,
ESTADOS UNIDOS,OCLEE NEW YORK,HIGH SCHOOL FOR SERVICE & LEARNING AT ERASMUS,"913 FLATBUSH AVE., BROOKLYN, NY 11226",0803,,
PAÍS,OCLEE,DESCRIPCIÓN,DIRECCIÓN,CCOOLLEEGGIIOO,,
ESTADOS UNIDOS,OCLEE NEW YORK,HILLCREST HIGH SCHOOL,"160-05 HIGHLAND AVE, JAMAICA, NY 11432",0804,,
ESTADOS UNIDOS,OCLEE NEW YORK,HILLCREST HIGH SCHOOL,"160-05 HIGHLAND AVE, JAMAICA, NY 11432",0805,,
ESTADOS UNIDOS,OCLEE NEW YORK,HILLCREST HIGH SCHOOL,"160-05 HIGHLAND AVE, JAMAICA, NY 11432",0806,,
ESTADOS UNIDOS,OCLEE NEW YORK,HILLCREST HIGH SCHOOL,"160-05 HIGHLAND AVE, JAMAICA, NY 11432",0807,,
ESTADOS UNIDOS,OCLEE NEW YORK,HILLCREST HIGH SCHOOL,"160-05 HIGHLAND AVE, JAMAICA, NY 11432",0808,,
ESTADOS UNIDOS,OCLEE NEW YORK,HILLCREST HIGH SCHOOL,"160-05 HIGHLAND AVE, JAMAICA, NY 11432",0809,,
ESTADOS UNIDOS,OCLEE NEW YORK,HILLCREST HIGH SCHOOL,"160-05 HIGHLAND AVE, JAMAICA, NY 11432",0810,,
ESTADOS UNIDOS,OCLEE NEW YORK,I.S. 171 ABRAHAM LINCOLN,"528 RIDGEWOOD AVE,BROOKLYN, NY 11208",0811,,
ESTADOS UNIDOS,OCLEE NEW YORK,I.S. 171 ABRAHAM LINCOLN,"528 RIDGEWOOD AVE,BROOKLYN, NY 11208",0812,,
ESTADOS UNIDOS,OCLEE NEW YORK,I.S. 171 ABRAHAM LINCOLN,"528 RIDGEWOOD AVE,BROOKLYN, NY 11208",0813,,
ESTADOS UNIDOS,OCLEE NEW YORK,I.S. 171 ABRAHAM LINCOLN,"528 RIDGEWOOD AVE,BROOKLYN, NY 11208",0814,,
ESTADOS UNIDOS,OCLEE NEW YORK,I.S. 171 ABRAHAM LINCOLN,"528 RIDGEWOOD AVE,BROOKLYN, NY 11208",0815,,
ESTADOS UNIDOS,OCLEE NEW YORK,I.S. 171 ABRAHAM LINCOLN,"528 RIDGEWOOD AVE,BROOKLYN, NY 11208",0816,,
ESTADOS UNIDOS,OCLEE NEW YORK,IN TECH ACADEMY AKA MS HIGH SCHOOL 368,"2975 TIBBETT AVE, BRONX, NY 10463",0817,,
ESTADOS UNIDOS,OCLEE NEW YORK,IN TECH ACADEMY AKA MS HIGH SCHOOL 368,"2975 TIBBETT AVE, BRONX, NY 10463",0818,,
ESTADOS UNIDOS,OCLEE NEW YORK,IN TECH ACADEMY AKA MS HIGH SCHOOL 368,"2975 TIBBETT AVE, BRONX, NY 10463",0819,,
ESTADOS UNIDOS,OCLEE NEW YORK,IN TECH ACADEMY AKA MS HIGH SCHOOL 368,"2975 TIBBETT AVE, BRONX, NY 10463",0820,,
ESTADOS UNIDOS,OCLEE NEW YORK,IN TECH ACADEMY AKA MS HIGH SCHOOL 368,"2975 TIBBETT AVE, BRONX, NY 10463",0821,,
ESTADOS UNIDOS,OCLEE NEW YORK,INWOOD EARLEY COLLEGE FOR HEALTH-IN- FOR,"650 ACADEMY ST, NEW YORK, NY 10034",0822,,
ESTADOS UNIDOS,OCLEE NEW YORK,INWOOD EARLEY COLLEGE FOR HEALTH-IN- FOR,"650 ACADEMY ST, NEW YORK, NY 10034",0823,,
ESTADOS UNIDOS,OCLEE NEW YORK,INWOOD EARLEY COLLEGE FOR HEALTH-IN- FOR,"650 ACADEMY ST, NEW YORK, NY 10034",0824,,
ESTADOS UNIDOS,OCLEE NEW YORK,INWOOD EARLEY COLLEGE FOR HEALTH-IN- FOR,"650 ACADEMY ST, NEW YORK, NY 10034",0825,,
ESTADOS UNIDOS,OCLEE NEW YORK,IS 218 SALOME UREÑA,"4600 BROADWAY, NEW YORK, NY 10040",0826,,
ESTADOS UNIDOS,OCLEE NEW YORK,IS 218 SALOME UREÑA,"4600 BROADWAY, NEW YORK, NY 10040",0827,,
ESTADOS UNIDOS,OCLEE NEW YORK,IS 218 SALOME UREÑA,"4600 BROADWAY, NEW YORK, NY 10040",0828,,
ESTADOS UNIDOS,OCLEE NEW YORK,IS 218 SALOME UREÑA,"4600 BROADWAY, NEW YORK, NY 10040",0829,,
ESTADOS UNIDOS,OCLEE NEW YORK,IS 218 SALOME UREÑA,"4600 BROADWAY, NEW YORK, NY 10040",0830,,
ESTADOS UNIDOS,OCLEE NEW YORK,IS 313 SCHOOL OF LEADERSHIP DEVELOP- MENT,"1600 WEBSTER AVE # 440, BRONX, NY 10457",0831,,
ESTADOS UNIDOS,OCLEE NEW YORK,IS 313 SCHOOL OF LEADERSHIP DEVELOP- MENT,"1600 WEBSTER AVE # 440, BRONX, NY 10457",0832,,
ESTADOS UNIDOS,OCLEE NEW YORK,IS 313 SCHOOL OF LEADERSHIP DEVELOP- MENT,"1600 WEBSTER AVE # 440, BRONX, NY 10457",0833,,
ESTADOS UNIDOS,OCLEE NEW YORK,IS 313 SCHOOL OF LEADERSHIP DEVELOP- MENT,"1600 WEBSTER AVE # 440, BRONX, NY 10457",0834,,
ESTADOS UNIDOS,OCLEE NEW YORK,IS 313 SCHOOL OF LEADERSHIP DEVELOP- MENT,"1600 WEBSTER AVE # 440, BRONX, NY 10457",0835,,
ESTADOS UNIDOS,OCLEE NEW YORK,IS 313 SCHOOL OF LEADERSHIP DEVELOP- MENT,"1600 WEBSTER AVE # 440, BRONX, NY 10457",0836,,
ESTADOS UNIDOS,OCLEE NEW YORK,IS 339,"1600 WEBSTER AVE, BRONX, NY 10457",0837,,
ESTADOS UNIDOS,OCLEE NEW YORK,IS 339,"1600 WEBSTER AVE, BRONX, NY 10457",0838,,
ESTADOS UNIDOS,OCLEE NEW YORK,IS 339,"1600 WEBSTER AVE, BRONX, NY 10457",0839,,
ESTADOS UNIDOS,OCLEE NEW YORK,IS 339,"1600 WEBSTER AVE, BRONX, NY 10457",0840,,
ESTADOS UNIDOS,OCLEE NEW YORK,IS 339,"1600 WEBSTER AVE, BRONX, NY 10457",0841,,
ESTADOS UNIDOS,OCLEE NEW YORK,IS 339,"1600 WEBSTER AVE, BRONX, NY 10457",0842,,
ESTADOS UNIDOS,OCLEE NEW YORK,JAMES MONROE HIGH SCHOOL,"1300 BOYNTON AVENUE, BRONX NY 10472",0843,,
ESTADOS UNIDOS,OCLEE NEW YORK,JAMES MONROE HIGH SCHOOL,"1300 BOYNTON AVENUE, BRONX NY 10472",0844,,
ESTADOS UNIDOS,OCLEE NEW YORK,JAMES MONROE HIGH SCHOOL,"1300 BOYNTON AVENUE, BRONX NY 10472",0845,,
ESTADOS UNIDOS,OCLEE NEW YORK,JAMES MONROE HIGH SCHOOL,"1300 BOYNTON AVENUE, BRONX NY 10472",0846,,
ESTADOS UNIDOS,OCLEE NEW YORK,JAMES MONROE HIGH SCHOOL,"1300 BOYNTON AVENUE, BRONX NY 10472",0847,,
ESTADOS UNIDOS,OCLEE NEW YORK,JAMES MONROE HIGH SCHOOL,"1300 BOYNTON AVENUE, BRONX NY 10472",0848,,
ESTADOS UNIDOS,OCLEE NEW YORK,JAMES MONROE HIGH SCHOOL,"1300 BOYNTON AVENUE, BRONX NY 10472",0849,,
PAÍS,OCLEE,DESCRIPCIÓN,DIRECCIÓN,CCOOLLEEGGIIOO,,
ESTADOS UNIDOS,OCLEE NEW YORK,JHS 127 THE CASTLE HILL SCHOOL,1560 PURDY ST.,0850,,
ESTADOS UNIDOS,OCLEE NEW YORK,JHS 127 THE CASTLE HILL SCHOOL,1560 PURDY ST.,0851,,
ESTADOS UNIDOS,OCLEE NEW YORK,JHS 127 THE CASTLE HILL SCHOOL,1560 PURDY ST.,0852,,
ESTADOS UNIDOS,OCLEE NEW YORK,JHS 127 THE CASTLE HILL SCHOOL,1560 PURDY ST.,0853,,
ESTADOS UNIDOS,OCLEE NEW YORK,JHS 127 THE CASTLE HILL SCHOOL,1560 PURDY ST.,0854,,
ESTADOS UNIDOS,OCLEE NEW YORK,JHS 143 ELEANOR ROOSEVELT,"515 W 182ND ST,NEW YORK, NY 10033",0855,,
ESTADOS UNIDOS,OCLEE NEW YORK,JHS 143 ELEANOR ROOSEVELT,"515 W 182ND ST,NEW YORK, NY 10033",0856,,
ESTADOS UNIDOS,OCLEE NEW YORK,JHS 143 ELEANOR ROOSEVELT,"515 W 182ND ST,NEW YORK, NY 10033",0857,,
ESTADOS UNIDOS,OCLEE NEW YORK,JHS 143 ELEANOR ROOSEVELT,"515 W 182ND ST,NEW YORK, NY 10033",0858,,
ESTADOS UNIDOS,OCLEE NEW YORK,JHS 143 ELEANOR ROOSEVELT,"515 W 182ND ST,NEW YORK, NY 10033",0859,,
ESTADOS UNIDOS,OCLEE NEW YORK,PS 130 ABRAM STEVENS HEWITT,"750 PROSPECT AVENUE, BRONX, NY 10455",0860,,
ESTADOS UNIDOS,OCLEE NEW YORK,PS 130 ABRAM STEVENS HEWITT,"750 PROSPECT AVENUE, BRONX, NY 10455",0861,,
ESTADOS UNIDOS,OCLEE NEW YORK,PS 130 ABRAM STEVENS HEWITT,"750 PROSPECT AVENUE, BRONX, NY 10455",0862,,
ESTADOS UNIDOS,OCLEE NEW YORK,PS 130 ABRAM STEVENS HEWITT,"750 PROSPECT AVENUE, BRONX, NY 10455",0863,,
ESTADOS UNIDOS,OCLEE NEW YORK,PS 130 ABRAM STEVENS HEWITT,"750 PROSPECT AVENUE, BRONX, NY 10455",0864,,
ESTADOS UNIDOS,OCLEE NEW YORK,PS 130 ABRAM STEVENS HEWITT,"750 PROSPECT AVENUE, BRONX, NY 10455",0865,,
ESTADOS UNIDOS,OCLEE NEW YORK,PS 130 ABRAM STEVENS HEWITT,"750 PROSPECT AVENUE, BRONX, NY 10455",0866,,
ESTADOS UNIDOS,OCLEE NEW YORK,JHS 80 THE MOSHOLU PARKWAY,"149 E MOSHOLU PKWY N, BRONX, NY 10467",0867,,
ESTADOS UNIDOS,OCLEE NEW YORK,JHS 80 THE MOSHOLU PARKWAY,"149 E MOSHOLU PKWY N, BRONX, NY 10467",0868,,
ESTADOS UNIDOS,OCLEE NEW YORK,JHS 80 THE MOSHOLU PARKWAY,"149 E MOSHOLU PKWY N, BRONX, NY 10467",0869,,
ESTADOS UNIDOS,OCLEE NEW YORK,JHS 80 THE MOSHOLU PARKWAY,"149 E MOSHOLU PKWY N, BRONX, NY 10467",0870,,
ESTADOS UNIDOS,OCLEE NEW YORK,JHS 80 THE MOSHOLU PARKWAY,"149 E MOSHOLU PKWY N, BRONX, NY 10467",0871,,
ESTADOS UNIDOS,OCLEE NEW YORK,JUNIOR HIGH SCHOOL 189 DANIEL CARTER BEARD,"144-80 BARCLAY AVE, QUEENS, NY 11355",0872,,
ESTADOS UNIDOS,OCLEE NEW YORK,JUNIOR HIGH SCHOOL 189 DANIEL CARTER BEARD,"144-80 BARCLAY AVE, QUEENS, NY 11355",0873,,
ESTADOS UNIDOS,OCLEE NEW YORK,JUNIOR HIGH SCHOOL 189 DANIEL CARTER BEARD,"144-80 BARCLAY AVE, QUEENS, NY 11355",0874,,
ESTADOS UNIDOS,OCLEE NEW YORK,JUNIOR HIGH SCHOOL 189 DANIEL CARTER BEARD,"144-80 BARCLAY AVE, QUEENS, NY 11355",0875,,
ESTADOS UNIDOS,OCLEE NEW YORK,JUNIOR HIGH SCHOOL 189 DANIEL CARTER BEARD,"144-80 BARCLAY AVE, QUEENS, NY 11355",0876,,
ESTADOS UNIDOS,OCLEE NEW YORK,KAPPA V.E. MS,"821 BAY 25TH STREET FAR ROCKWAY, NY 11691",0877,,
ESTADOS UNIDOS,OCLEE NEW YORK,KAPPA V.E. MS,"821 BAY 25TH STREET FAR ROCKWAY, NY 11691",0878,,
ESTADOS UNIDOS,OCLEE NEW YORK,L&M MULTISERVICES,"57 NORTH ST, MIDDLETOWN, NY 10940",0879,,
ESTADOS UNIDOS,OCLEE NEW YORK,L&M MULTISERVICES,"57 NORTH ST, MIDDLETOWN, NY 10940",0880,,
ESTADOS UNIDOS,OCLEE NEW YORK,CORAM ELEMENTARY SCHOOL,"61 MOUNT SINAI-CORAM RD, CORAM, NY 11727",0881,,
ESTADOS UNIDOS,OCLEE NEW YORK,HAVERSTRAW CENTER,"50 W BROAD ST, HAVERSTRAW, NY 10927",0882,,
ESTADOS UNIDOS,OCLEE NEW YORK,"I. S. 117 JOSEPH H, WADE","1865 MORRIS AVE, BRONX NY 10453",0883,,
ESTADOS UNIDOS,OCLEE NEW YORK,"I. S. 117 JOSEPH H, WADE","1865 MORRIS AVE, BRONX NY 10453",0884,,
ESTADOS UNIDOS,OCLEE NEW YORK,"I. S. 117 JOSEPH H, WADE","1865 MORRIS AVE, BRONX NY 10453",0885,,
ESTADOS UNIDOS,OCLEE NEW YORK,"I. S. 117 JOSEPH H, WADE","1865 MORRIS AVE, BRONX NY 10453",0886,,
ESTADOS UNIDOS,OCLEE NEW YORK,"I. S. 117 JOSEPH H, WADE","1865 MORRIS AVE, BRONX NY 10453",0887,,
ESTADOS UNIDOS,OCLEE NEW YORK,"I. S. 117 JOSEPH H, WADE","1865 MORRIS AVE, BRONX NY 10453",0888,,
ESTADOS UNIDOS,OCLEE NEW YORK,PS 053 BASCHEER QUISIM,"360 EAST 168 ST, BRONX, NY 10456",0889,,
ESTADOS UNIDOS,OCLEE NEW YORK,PS 053 BASCHEER QUISIM,"360 EAST 168 ST, BRONX, NY 10456",0890,,
ESTADOS UNIDOS,OCLEE NEW YORK,PS 053 BASCHEER QUISIM,"360 EAST 168 ST, BRONX, NY 10456",0891,,
ESTADOS UNIDOS,OCLEE NEW YORK,PS 053 BASCHEER QUISIM,"360 EAST 168 ST, BRONX, NY 10456",0892,,
ESTADOS UNIDOS,OCLEE NEW YORK,PS 053 BASCHEER QUISIM,"360 EAST 168 ST, BRONX, NY 10456",0893,,
ESTADOS UNIDOS,OCLEE NEW YORK,PS 053 BASCHEER QUISIM,"360 EAST 168 ST, BRONX, NY 10456",0894,,
ESTADOS UNIDOS,OCLEE NEW YORK,PS 053 BASCHEER QUISIM,"360 EAST 168 ST, BRONX, NY 10456",0895,,
ESTADOS UNIDOS,OCLEE NEW YORK,NEST + M SCHOOL,"111 COLUMBIA ST, NEW YORK, 10002",0896,,
ESTADOS UNIDOS,OCLEE NEW YORK,NEST + M SCHOOL,"111 COLUMBIA ST, NEW YORK, 10002",0897,,
PAÍS,OCLEE,DESCRIPCIÓN,DIRECCIÓN,CCOOLLEEGGIIOO,,
ESTADOS UNIDOS,OCLEE NEW YORK,NEST + M SCHOOL,"111 COLUMBIA ST, NEW YORK, 10002",0899,,
ESTADOS UNIDOS,OCLEE NEW YORK,NEST + M SCHOOL,"111 COLUMBIA ST, NEW YORK, 10002",0900,,
ESTADOS UNIDOS,OCLEE NEW YORK,NEST + M SCHOOL,"111 COLUMBIA ST, NEW YORK, 10002",0901,,
ESTADOS UNIDOS,OCLEE NEW YORK,NEST + M SCHOOL,"111 COLUMBIA ST, NEW YORK, 10002",0902,,
ESTADOS UNIDOS,OCLEE NEW YORK,HAMILTON SCHOOL,"20 OAK STREET MOUNT VERNON NY, 10550",0903,,
ESTADOS UNIDOS,OCLEE NEW YORK,NORTH MIDDLE SCHOOL AUDITORIUM,"350 WICKS RD, BRENTWOOD, NY 11717",0904,,
ESTADOS UNIDOS,OCLEE NEW YORK,NORTH MIDDLE SCHOOL AUDITORIUM,"350 WICKS RD, BRENTWOOD, NY 11717",0905,,
ESTADOS UNIDOS,OCLEE NEW YORK,NORTH MIDDLE SCHOOL AUDITORIUM,"350 WICKS RD, BRENTWOOD, NY 11717",0906,,
ESTADOS UNIDOS,OCLEE NEW YORK,NORTH MIDDLE SCHOOL AUDITORIUM,"350 WICKS RD, BRENTWOOD, NY 11717",0907,,
ESTADOS UNIDOS,OCLEE NEW YORK,NORTH MIDDLE SCHOOL AUDITORIUM,"350 WICKS RD, BRENTWOOD, NY 11717",0908,,
ESTADOS UNIDOS,OCLEE NEW YORK,JAZMIN HAIR DESIGN,"515 MAIN ST, POUGHKEEPSIE, NY 12601",0909,,
ESTADOS UNIDOS,OCLEE NEW YORK,COMPREHENSIVE MODEL SCHOOL PROJ- ECT MS 327,"1501 JEROME AVE, BRONX, NY 10452",0910,,
ESTADOS UNIDOS,OCLEE NEW YORK,COMPREHENSIVE MODEL SCHOOL PROJ- ECT MS 327,"1501 JEROME AVE, BRONX, NY 10452",0911,,
ESTADOS UNIDOS,OCLEE NEW YORK,COMPREHENSIVE MODEL SCHOOL PROJ- ECT MS 327,"1501 JEROME AVE, BRONX, NY 10452",0912,,
ESTADOS UNIDOS,OCLEE NEW YORK,COMPREHENSIVE MODEL SCHOOL PROJ- ECT MS 327,"1501 JEROME AVE, BRONX, NY 10452",0913,,
ESTADOS UNIDOS,OCLEE NEW YORK,COMPREHENSIVE MODEL SCHOOL PROJ- ECT MS 327,"1501 JEROME AVE, BRONX, NY 10452",0914,,
ESTADOS UNIDOS,OCLEE NEW YORK,P.S. 033 THIMOTHY DWIGTH,"2392 JEROME AVE, BRONX, NY 10468",0915,,
ESTADOS UNIDOS,OCLEE NEW YORK,P.S. 033 THIMOTHY DWIGTH,"2392 JEROME AVE, BRONX, NY 10468",0916,,
ESTADOS UNIDOS,OCLEE NEW YORK,P.S. 033 THIMOTHY DWIGTH,"2392 JEROME AVE, BRONX, NY 10468",0917,,
ESTADOS UNIDOS,OCLEE NEW YORK,P.S. 033 THIMOTHY DWIGTH,"2392 JEROME AVE, BRONX, NY 10468",0918,,
ESTADOS UNIDOS,OCLEE NEW YORK,P.S. 033 THIMOTHY DWIGTH,"2392 JEROME AVE, BRONX, NY 10468",0919,,
ESTADOS UNIDOS,OCLEE NEW YORK,P.S. 048 P.O. MICHAEL J. BUCZEK (M048),"4360 BROADWAY,NEW YORK, NY 10033",0920,,
ESTADOS UNIDOS,OCLEE NEW YORK,P.S. 048 P.O. MICHAEL J. BUCZEK (M048),"4360 BROADWAY,NEW YORK, NY 10033",0921,,
ESTADOS UNIDOS,OCLEE NEW YORK,P.S. 048 P.O. MICHAEL J. BUCZEK (M048),"4360 BROADWAY,NEW YORK, NY 10033",0922,,
ESTADOS UNIDOS,OCLEE NEW YORK,P.S. 048 P.O. MICHAEL J. BUCZEK (M048),"4360 BROADWAY,NEW YORK, NY 10033",0923,,
ESTADOS UNIDOS,OCLEE NEW YORK,P.S. 048 P.O. MICHAEL J. BUCZEK (M048),"4360 BROADWAY,NEW YORK, NY 10033",0924,,
ESTADOS UNIDOS,OCLEE NEW YORK,P.S. 048 WILLIAM G. WILCOX,"1050 TARGEE STREET, STATEN ISLAND, NY 10304",0925,,
ESTADOS UNIDOS,OCLEE NEW YORK,P.S. 048 WILLIAM G. WILCOX,"1050 TARGEE STREET, STATEN ISLAND, NY 10304",0926,,
ESTADOS UNIDOS,OCLEE NEW YORK,P.S. 048 WILLIAM G. WILCOX,"1050 TARGEE STREET, STATEN ISLAND, NY 10304",0927,,
ESTADOS UNIDOS,OCLEE NEW YORK,P.S. 056 NORWOOD HEIGHT,"341 E 207TH ST, BRONX, NY 10467",0928,,
ESTADOS UNIDOS,OCLEE NEW YORK,P.S. 056 NORWOOD HEIGHT,"341 E 207TH ST, BRONX, NY 10467",0929,,
ESTADOS UNIDOS,OCLEE NEW YORK,P.S. 056 NORWOOD HEIGHT,"341 E 207TH ST, BRONX, NY 10467",0930,,
ESTADOS UNIDOS,OCLEE NEW YORK,P.S. 056 NORWOOD HEIGHT,"341 E 207TH ST, BRONX, NY 10467",0931,,
ESTADOS UNIDOS,OCLEE NEW YORK,P.S. 056 NORWOOD HEIGHT,"341 E 207TH ST, BRONX, NY 10467",0932,,
ESTADOS UNIDOS,OCLEE NEW YORK,P.S. 060 WOODHAVEN,"91-02 88TH AVE, QUEENS, NY 11421",0933,,
ESTADOS UNIDOS,OCLEE NEW YORK,P.S. 060 WOODHAVEN,"91-02 88TH AVE, QUEENS, NY 11421",0934,,
ESTADOS UNIDOS,OCLEE NEW YORK,P.S. 060 WOODHAVEN,"91-02 88TH AVE, QUEENS, NY 11421",0935,,
ESTADOS UNIDOS,OCLEE NEW YORK,P.S. 060 WOODHAVEN,"91-02 88TH AVE, QUEENS, NY 11421",0936,,
ESTADOS UNIDOS,OCLEE NEW YORK,P.S. 060 WOODHAVEN,"91-02 88TH AVE, QUEENS, NY 11421",0937,,
ESTADOS UNIDOS,OCLEE NEW YORK,P.S. 060 WOODHAVEN,"91-02 88TH AVE, QUEENS, NY 11421",0938,,
ESTADOS UNIDOS,OCLEE NEW YORK,P.S. 060 WOODHAVEN,"91-02 88TH AVE, QUEENS, NY 11421",0939,,
ESTADOS UNIDOS,OCLEE NEW YORK,P.S. 061 FRANCISCO OLLER,"1550 CROTONA PARK E, BRONX, NY 10460",0940,,
ESTADOS UNIDOS,OCLEE NEW YORK,P.S. 061 FRANCISCO OLLER,"1550 CROTONA PARK E, BRONX, NY 10460",0941,,
ESTADOS UNIDOS,OCLEE NEW YORK,P.S. 061 FRANCISCO OLLER,"1550 CROTONA PARK E, BRONX, NY 10460",0942,,
ESTADOS UNIDOS,OCLEE NEW YORK,P.S. 061 FRANCISCO OLLER,"1550 CROTONA PARK E, BRONX, NY 10460",0943,,
ESTADOS UNIDOS,OCLEE NEW YORK,P.S. 061 FRANCISCO OLLER,"1550 CROTONA PARK E, BRONX, NY 10460",0944,,
ESTADOS UNIDOS,OCLEE NEW YORK,P.S. 063 AUTHOR ACADEMY,"1260 FRANKLIN AVE, BRONX, NY 10456",0945,,
ESTADOS UNIDOS,OCLEE NEW YORK,P.S. 063 AUTHOR ACADEMY,"1260 FRANKLIN AVE, BRONX, NY 10456",0946,,
ESTADOS UNIDOS,OCLEE NEW YORK,P.S. 063 AUTHOR ACADEMY,"1260 FRANKLIN AVE, BRONX, NY 10456",0947,,
PAÍS,OCLEE,DESCRIPCIÓN,DIRECCIÓN,CCOOLLEEGGIIOO,,
ESTADOS UNIDOS,OCLEE NEW YORK,P.S. 063 AUTHOR ACADEMY,"1260 FRANKLIN AVE, BRONX, NY 10456",0948,,
ESTADOS UNIDOS,OCLEE NEW YORK,P.S. 063 AUTHOR ACADEMY,"1260 FRANKLIN AVE, BRONX, NY 10456",0949,,
ESTADOS UNIDOS,OCLEE NEW YORK,P.S. 064 PURA BELTRE,"1425 WALTON AVE, BRONX, NY 10452",0950,,
ESTADOS UNIDOS,OCLEE NEW YORK,P.S. 064 PURA BELTRE,"1425 WALTON AVE, BRONX, NY 10452",0951,,
ESTADOS UNIDOS,OCLEE NEW YORK,P.S. 064 PURA BELTRE,"1425 WALTON AVE, BRONX, NY 10452",0952,,
ESTADOS UNIDOS,OCLEE NEW YORK,P.S. 064 PURA BELTRE,"1425 WALTON AVE, BRONX, NY 10452",0953,,
ESTADOS UNIDOS,OCLEE NEW YORK,P.S. 064 PURA BELTRE,"1425 WALTON AVE, BRONX, NY 10452",0954,,
ESTADOS UNIDOS,OCLEE NEW YORK,I.S. 145 JOSEPH PULITZER MAGNET SCHOOL OF INNOVATION AND APPLIED,"33-34 80TH ST, QUEENS, NY",0955,,
ESTADOS UNIDOS,OCLEE NEW YORK,I.S. 145 JOSEPH PULITZER MAGNET SCHOOL OF INNOVATION AND APPLIED,"33-34 80TH ST, QUEENS, NY",0956,,
ESTADOS UNIDOS,OCLEE NEW YORK,I.S. 145 JOSEPH PULITZER MAGNET SCHOOL OF INNOVATION AND APPLIED,"33-34 80TH ST, QUEENS, NY",0957,,
ESTADOS UNIDOS,OCLEE NEW YORK,I.S. 145 JOSEPH PULITZER MAGNET SCHOOL OF INNOVATION AND APPLIED,"33-34 80TH ST, QUEENS, NY",0958,,
ESTADOS UNIDOS,OCLEE NEW YORK,I.S. 145 JOSEPH PULITZER MAGNET SCHOOL OF INNOVATION AND APPLIED,"33-34 80TH ST, QUEENS, NY",0959,,
ESTADOS UNIDOS,OCLEE NEW YORK,I.S. 145 JOSEPH PULITZER MAGNET SCHOOL OF INNOVATION AND APPLIED,"33-34 80TH ST, QUEENS, NY",0960,,
ESTADOS UNIDOS,OCLEE NEW YORK,I.S. 145 JOSEPH PULITZER MAGNET SCHOOL OF INNOVATION AND APPLIED,"33-34 80TH ST, QUEENS, NY",0961,,
ESTADOS UNIDOS,OCLEE NEW YORK,I.S. 145 JOSEPH PULITZER MAGNET SCHOOL OF INNOVATION AND APPLIED,"33-34 80TH ST, QUEENS, NY",0962,,
ESTADOS UNIDOS,OCLEE NEW YORK,P.S. 071 ROSE E. SCALA,"3040 ROBERTS AVE, BRONX, NY 10461",0963,,
ESTADOS UNIDOS,OCLEE NEW YORK,P.S. 071 ROSE E. SCALA,"3040 ROBERTS AVE, BRONX, NY 10461",0964,,
ESTADOS UNIDOS,OCLEE NEW YORK,P.S. 071 ROSE E. SCALA,"3040 ROBERTS AVE, BRONX, NY 10461",0965,,
ESTADOS UNIDOS,OCLEE NEW YORK,P.S. 071 ROSE E. SCALA,"3040 ROBERTS AVE, BRONX, NY 10461",0966,,
ESTADOS UNIDOS,OCLEE NEW YORK,P.S. 071 ROSE E. SCALA,"3040 ROBERTS AVE, BRONX, NY 10461",0967,,
ESTADOS UNIDOS,OCLEE NEW YORK,P.S. 071 ROSE E. SCALA,"3040 ROBERTS AVE, BRONX, NY 10461",0968,,
ESTADOS UNIDOS,OCLEE NEW YORK,P.S. 086 KINGSBRIDGE CENTER,"2756 RESERVOIR AVE, BRONX, NY 10468",0969,,
ESTADOS UNIDOS,OCLEE NEW YORK,P.S. 086 KINGSBRIDGE CENTER,"2756 RESERVOIR AVE, BRONX, NY 10468",0970,,
ESTADOS UNIDOS,OCLEE NEW YORK,P.S. 086 KINGSBRIDGE CENTER,"2756 RESERVOIR AVE, BRONX, NY 10468",0971,,
ESTADOS UNIDOS,OCLEE NEW YORK,P.S. 086 KINGSBRIDGE CENTER,"2756 RESERVOIR AVE, BRONX, NY 10468",0972,,
ESTADOS UNIDOS,OCLEE NEW YORK,P.S. 086 KINGSBRIDGE CENTER,"2756 RESERVOIR AVE, BRONX, NY 10468",0973,,
ESTADOS UNIDOS,OCLEE NEW YORK,P.S. 094 THE HENRY LONGFELLOW,"501 6TH AVE., BROOKLYN, NY 11220",0974,,
ESTADOS UNIDOS,OCLEE NEW YORK,P.S. 094 THE HENRY LONGFELLOW,"501 6TH AVE., BROOKLYN, NY 11220",0975,,
ESTADOS UNIDOS,OCLEE NEW YORK,P.S. 094 THE HENRY LONGFELLOW,"501 6TH AVE., BROOKLYN, NY 11220",0976,,
ESTADOS UNIDOS,OCLEE NEW YORK,P.S. 094 THE HENRY LONGFELLOW,"501 6TH AVE., BROOKLYN, NY 11220",0977,,
ESTADOS UNIDOS,OCLEE NEW YORK,P.S. 094 THE HENRY LONGFELLOW,"501 6TH AVE., BROOKLYN, NY 11220",0978,,
ESTADOS UNIDOS,OCLEE NEW YORK,P.S. 094 THE HENRY LONGFELLOW,"501 6TH AVE., BROOKLYN, NY 11220",0979,,
ESTADOS UNIDOS,OCLEE NEW YORK,P.S. 094 THE HENRY LONGFELLOW,"501 6TH AVE., BROOKLYN, NY 11220",0980,,
ESTADOS UNIDOS,OCLEE NEW YORK,P.S. 098 SHORAC KAPPOCK,"512 W 212TH ST,NEW YORK, NY 10034",0981,,
ESTADOS UNIDOS,OCLEE NEW YORK,P.S. 098 SHORAC KAPPOCK,"512 W 212TH ST,NEW YORK, NY 10034",0982,,
ESTADOS UNIDOS,OCLEE NEW YORK,P.S. 098 SHORAC KAPPOCK,"512 W 212TH ST,NEW YORK, NY 10034",0983,,
ESTADOS UNIDOS,OCLEE NEW YORK,P.S. 098 SHORAC KAPPOCK,"512 W 212TH ST,NEW YORK, NY 10034",0984,,
ESTADOS UNIDOS,OCLEE NEW YORK,P.S. 115 ALEXANDER HUMBOLDT,"586 W 177TH ST, NEW YORK, NY 10033",0985,,
ESTADOS UNIDOS,OCLEE NEW YORK,P.S. 115 ALEXANDER HUMBOLDT,"586 W 177TH ST, NEW YORK, NY 10033",0986,,
ESTADOS UNIDOS,OCLEE NEW YORK,P.S. 115 ALEXANDER HUMBOLDT,"586 W 177TH ST, NEW YORK, NY 10033",0987,,
ESTADOS UNIDOS,OCLEE NEW YORK,P.S. 115 ALEXANDER HUMBOLDT,"586 W 177TH ST, NEW YORK, NY 10033",0988,,
ESTADOS UNIDOS,OCLEE NEW YORK,P.S. 115 ALEXANDER HUMBOLDT,"586 W 177TH ST, NEW YORK, NY 10033",0989,,
ESTADOS UNIDOS,OCLEE NEW YORK,P.S. 116 ELIZABETH L FARRELL,"515 KNICKERBOCKER AVE, BROOKLYN, NY 11237",0990,,
ESTADOS UNIDOS,OCLEE NEW YORK,P.S. 116 ELIZABETH L FARRELL,"515 KNICKERBOCKER AVE, BROOKLYN, NY 11237",0991,,
ESTADOS UNIDOS,OCLEE NEW YORK,P.S. 116 ELIZABETH L FARRELL,"515 KNICKERBOCKER AVE, BROOKLYN, NY 11237",0992,,
ESTADOS UNIDOS,OCLEE NEW YORK,P.S. 116 ELIZABETH L FARRELL,"515 KNICKERBOCKER AVE, BROOKLYN, NY 11237",0993,,
ESTADOS UNIDOS,OCLEE NEW YORK,P.S. 120 CARLOS TAPIA,"18 BEAVER STREET, BROOKLYN, NY 11206",0994,,
ESTADOS UNIDOS,OCLEE NEW YORK,P.S. 120 CARLOS TAPIA,"18 BEAVER STREET, BROOKLYN, NY 11206",0995,,
PAÍS,OCLEE,DESCRIPCIÓN,DIRECCIÓN,CCOOLLEEGGIIOO,,
ESTADOS UNIDOS,OCLEE NEW YORK,P.S. 120 CARLOS TAPIA,"18 BEAVER STREET, BROOKLYN, NY 11206",0996,,
ESTADOS UNIDOS,OCLEE NEW YORK,P.S. 120 CARLOS TAPIA,"18 BEAVER STREET, BROOKLYN, NY 11206",0997,,
ESTADOS UNIDOS,OCLEE NEW YORK,P.S. 120 CARLOS TAPIA,"18 BEAVER STREET, BROOKLYN, NY 11206",0998,,
ESTADOS UNIDOS,OCLEE NEW YORK,P.S. 120 CARLOS TAPIA,"18 BEAVER STREET, BROOKLYN, NY 11206",0999,,
ESTADOS UNIDOS,OCLEE NEW YORK,P.S. 128 AUDUBON,"560 W 169TH ST,NEW YORK, NY 10032",1000,,
ESTADOS UNIDOS,OCLEE NEW YORK,P.S. 128 AUDUBON,"560 W 169TH ST,NEW YORK, NY 10032",1001,,
ESTADOS UNIDOS,OCLEE NEW YORK,P.S. 128 AUDUBON,"560 W 169TH ST,NEW YORK, NY 10032",1002,,
ESTADOS UNIDOS,OCLEE NEW YORK,P.S. 128 AUDUBON,"560 W 169TH ST,NEW YORK, NY 10032",1003,,
ESTADOS UNIDOS,OCLEE NEW YORK,P.S. 128 AUDUBON,"560 W 169TH ST,NEW YORK, NY 10032",1004,,
ESTADOS UNIDOS,OCLEE NEW YORK,P.S. 128 AUDUBON,"560 W 169TH ST,NEW YORK, NY 10032",1005,,
ESTADOS UNIDOS,OCLEE NEW YORK,P.S. 132 JUAN PABLO DUARTE,"185 WADSWORTH AVE,NEW YORK, NY 10033",1006,,
ESTADOS UNIDOS,OCLEE NEW YORK,P.S. 132 JUAN PABLO DUARTE,"185 WADSWORTH AVE,NEW YORK, NY 10033",1007,,
ESTADOS UNIDOS,OCLEE NEW YORK,P.S. 132 JUAN PABLO DUARTE,"185 WADSWORTH AVE,NEW YORK, NY 10033",1008,,
ESTADOS UNIDOS,OCLEE NEW YORK,P.S. 132 JUAN PABLO DUARTE,"185 WADSWORTH AVE,NEW YORK, NY 10033",1009,,
ESTADOS UNIDOS,OCLEE NEW YORK,P.S. 132 JUAN PABLO DUARTE,"185 WADSWORTH AVE,NEW YORK, NY 10033",1010,,
ESTADOS UNIDOS,OCLEE NEW YORK,PS 145 THE BLOOMINGDALE SCHOOL,"150 W 105TH ST, NEW YORK, NY 1002",1011,,
ESTADOS UNIDOS,OCLEE NEW YORK,PS 145 THE BLOOMINGDALE SCHOOL,"150 W 105TH ST, NEW YORK, NY 1002",1012,,
ESTADOS UNIDOS,OCLEE NEW YORK,PS 145 THE BLOOMINGDALE SCHOOL,"150 W 105TH ST, NEW YORK, NY 1002",1013,,
ESTADOS UNIDOS,OCLEE NEW YORK,PS 145 THE BLOOMINGDALE SCHOOL,"150 W 105TH ST, NEW YORK, NY 1002",1014,,
ESTADOS UNIDOS,OCLEE NEW YORK,PS 145 THE BLOOMINGDALE SCHOOL,"150 W 105TH ST, NEW YORK, NY 1002",1015,,
ESTADOS UNIDOS,OCLEE NEW YORK,PS 145 THE BLOOMINGDALE SCHOOL,"150 W 105TH ST, NEW YORK, NY 1002",1016,,
ESTADOS UNIDOS,OCLEE NEW YORK,P.S. 150 CHARLES JAMES FOX,"920 E 167TH ST, BRONX, NY 10459",1017,,
ESTADOS UNIDOS,OCLEE NEW YORK,P.S. 150 CHARLES JAMES FOX,"920 E 167TH ST, BRONX, NY 10459",1018,,
ESTADOS UNIDOS,OCLEE NEW YORK,P.S. 150 CHARLES JAMES FOX,"920 E 167TH ST, BRONX, NY 10459",1019,,
ESTADOS UNIDOS,OCLEE NEW YORK,P.S. 150 CHARLES JAMES FOX,"920 E 167TH ST, BRONX, NY 10459",1020,,
ESTADOS UNIDOS,OCLEE NEW YORK,P.S. 150 CHARLES JAMES FOX,"920 E 167TH ST, BRONX, NY 10459",1021,,
ESTADOS UNIDOS,OCLEE NEW YORK,P.S. 150 CHARLES JAMES FOX,"920 E 167TH ST, BRONX, NY 10459",1022,,
ESTADOS UNIDOS,OCLEE NEW YORK,P.S. 150 CHARLES JAMES FOX,"920 E 167TH ST, BRONX, NY 10459",1023,,
ESTADOS UNIDOS,OCLEE NEW YORK,P.S. 150 CHARLES JAMES FOX,"920 E 167TH ST, BRONX, NY 10459",1024,,
ESTADOS UNIDOS,OCLEE NEW YORK,P.S. 152 DYCKMAN VALLEYS,"93 NAGLE AVE #121,NEW YORK, NY 10040",1025,,
ESTADOS UNIDOS,OCLEE NEW YORK,P.S. 152 DYCKMAN VALLEYS,"93 NAGLE AVE #121,NEW YORK, NY 10040",1026,,
ESTADOS UNIDOS,OCLEE NEW YORK,P.S. 152 DYCKMAN VALLEYS,"93 NAGLE AVE #121,NEW YORK, NY 10040",1027,,
ESTADOS UNIDOS,OCLEE NEW YORK,P.S. 152 DYCKMAN VALLEYS,"93 NAGLE AVE #121,NEW YORK, NY 10040",1028,,
ESTADOS UNIDOS,OCLEE NEW YORK,P.S. 152 DYCKMAN VALLEYS,"93 NAGLE AVE #121,NEW YORK, NY 10040",1029,,
ESTADOS UNIDOS,OCLEE NEW YORK,PS 028 WRIGHT BROTHERS,"475 W 155TH ST, NEW YORK, NY",1030,,
ESTADOS UNIDOS,OCLEE NEW YORK,PS 028 WRIGHT BROTHERS,"475 W 155TH ST, NEW YORK, NY",1031,,
ESTADOS UNIDOS,OCLEE NEW YORK,PS 028 WRIGHT BROTHERS,"475 W 155TH ST, NEW YORK, NY",1032,,
ESTADOS UNIDOS,OCLEE NEW YORK,PS 028 WRIGHT BROTHERS,"475 W 155TH ST, NEW YORK, NY",1033,,
ESTADOS UNIDOS,OCLEE NEW YORK,PS 028 WRIGHT BROTHERS,"475 W 155TH ST, NEW YORK, NY",1034,,
ESTADOS UNIDOS,OCLEE NEW YORK,PS 028 WRIGHT BROTHERS,"475 W 155TH ST, NEW YORK, NY",1035,,
ESTADOS UNIDOS,OCLEE NEW YORK,P.S. 16 THE NANCY DEBENEDITTIS SCHOOL,"4115 104TH ST, CORONA, NY 11368",1036,,
ESTADOS UNIDOS,OCLEE NEW YORK,P.S. 16 THE NANCY DEBENEDITTIS SCHOOL,"4115 104TH ST, CORONA, NY 11368",1037,,
ESTADOS UNIDOS,OCLEE NEW YORK,P.S. 16 THE NANCY DEBENEDITTIS SCHOOL,"4115 104TH ST, CORONA, NY 11368",1038,,
ESTADOS UNIDOS,OCLEE NEW YORK,P.S. 16 THE NANCY DEBENEDITTIS SCHOOL,"4115 104TH ST, CORONA, NY 11368",1039,,
ESTADOS UNIDOS,OCLEE NEW YORK,P.S. 16 THE NANCY DEBENEDITTIS SCHOOL,"4115 104TH ST, CORONA, NY 11368",1040,,
ESTADOS UNIDOS,OCLEE NEW YORK,P.S. 161 PEDRO ALBIZU CAMPOS,"133 AMSTERDAM, NEW YORK, NY 10027",1041,,
ESTADOS UNIDOS,OCLEE NEW YORK,P.S. 161 PEDRO ALBIZU CAMPOS,"133 AMSTERDAM, NEW YORK, NY 10027",1042,,
ESTADOS UNIDOS,OCLEE NEW YORK,P.S. 161 PEDRO ALBIZU CAMPOS,"133 AMSTERDAM, NEW YORK, NY 10027",1043,,
ESTADOS UNIDOS,OCLEE NEW YORK,P.S. 161 PEDRO ALBIZU CAMPOS,"133 AMSTERDAM, NEW YORK, NY 10027",1044,,
ESTADOS UNIDOS,OCLEE NEW YORK,P.S. 161 PEDRO ALBIZU CAMPOS,"133 AMSTERDAM, NEW YORK, NY 10027",1045,,
PAÍS,OCLEE,DESCRIPCIÓN,DIRECCIÓN,CCOOLLEEGGIIOO,,
ESTADOS UNIDOS,OCLEE NEW YORK,P.S. 161 PEDRO ALBIZU CAMPOS,"133 AMSTERDAM, NEW YORK, NY 10027",1046,,
ESTADOS UNIDOS,OCLEE NEW YORK,P.S. 161 PEDRO ALBIZU CAMPOS,"133 AMSTERDAM, NEW YORK, NY 10027",1047,,
ESTADOS UNIDOS,OCLEE NEW YORK,P.S. 190 SHEFFIELD,"590 SHEFFIELD AVE., BROOKLYN, NY 11207",1048,,
ESTADOS UNIDOS,OCLEE NEW YORK,P.S. 190 SHEFFIELD,"590 SHEFFIELD AVE., BROOKLYN, NY 11207",1049,,
ESTADOS UNIDOS,OCLEE NEW YORK,P.S. 190 SHEFFIELD,"590 SHEFFIELD AVE., BROOKLYN, NY 11207",1050,,
ESTADOS UNIDOS,OCLEE NEW YORK,P.S. 190 SHEFFIELD,"590 SHEFFIELD AVE., BROOKLYN, NY 11207",1051,,
ESTADOS UNIDOS,OCLEE NEW YORK,P.S. 190 SHEFFIELD,"590 SHEFFIELD AVE., BROOKLYN, NY 11207",1052,,
ESTADOS UNIDOS,OCLEE NEW YORK,P.S. 190 SHEFFIELD,"590 SHEFFIELD AVE., BROOKLYN, NY 11207",1053,,
ESTADOS UNIDOS,OCLEE NEW YORK,P.S. 190 SHEFFIELD,"590 SHEFFIELD AVE., BROOKLYN, NY 11207",1054,,
ESTADOS UNIDOS,OCLEE NEW YORK,P.S. 190 SHEFFIELD,"590 SHEFFIELD AVE., BROOKLYN, NY 11207",1055,,
ESTADOS UNIDOS,OCLEE NEW YORK,P.S. 214 MICHAEL FRIEDSAM,"2944 PITKIN AVE BROOKLYN, NY 11208",1056,,
ESTADOS UNIDOS,OCLEE NEW YORK,P.S. 214 MICHAEL FRIEDSAM,"2944 PITKIN AVE BROOKLYN, NY 11208",1057,,
ESTADOS UNIDOS,OCLEE NEW YORK,P.S. 214 MICHAEL FRIEDSAM,"2944 PITKIN AVE BROOKLYN, NY 11208",1058,,
ESTADOS UNIDOS,OCLEE NEW YORK,P.S. 214 MICHAEL FRIEDSAM,"2944 PITKIN AVE BROOKLYN, NY 11208",1059,,
ESTADOS UNIDOS,OCLEE NEW YORK,P.S. 214 MICHAEL FRIEDSAM,"2944 PITKIN AVE BROOKLYN, NY 11208",1060,,
ESTADOS UNIDOS,OCLEE NEW YORK,P.S. 214 MICHAEL FRIEDSAM,"2944 PITKIN AVE BROOKLYN, NY 11208",1061,,
ESTADOS UNIDOS,OCLEE NEW YORK,P.S. 246 POE CENTER,"2641 GRAND CONCOURSE, BRONX, NY 10468",1062,,
ESTADOS UNIDOS,OCLEE NEW YORK,P.S. 246 POE CENTER,"2641 GRAND CONCOURSE, BRONX, NY 10468",1063,,
ESTADOS UNIDOS,OCLEE NEW YORK,P.S. 246 POE CENTER,"2641 GRAND CONCOURSE, BRONX, NY 10468",1064,,
ESTADOS UNIDOS,OCLEE NEW YORK,P.S. 246 POE CENTER,"2641 GRAND CONCOURSE, BRONX, NY 10468",1065,,
ESTADOS UNIDOS,OCLEE NEW YORK,P.S. 246 POE CENTER,"2641 GRAND CONCOURSE, BRONX, NY 10468",1066,,
ESTADOS UNIDOS,OCLEE NEW YORK,P.S. 274 KOSCIUSKO SCHOOL,"800 BUSHWICK AVENUE, BROOKLYN, NY 11221",1067,,
ESTADOS UNIDOS,OCLEE NEW YORK,P.S. 274 KOSCIUSKO SCHOOL,"800 BUSHWICK AVENUE, BROOKLYN, NY 11221",1068,,
ESTADOS UNIDOS,OCLEE NEW YORK,P.S. 274 KOSCIUSKO SCHOOL,"800 BUSHWICK AVENUE, BROOKLYN, NY 11221",1069,,
ESTADOS UNIDOS,OCLEE NEW YORK,P.S. 274 KOSCIUSKO SCHOOL,"800 BUSHWICK AVENUE, BROOKLYN, NY 11221",1070,,
ESTADOS UNIDOS,OCLEE NEW YORK,P.S. 274 KOSCIUSKO SCHOOL,"800 BUSHWICK AVENUE, BROOKLYN, NY 11221",1071,,
ESTADOS UNIDOS,OCLEE NEW YORK,P.S. 274 KOSCIUSKO SCHOOL,"800 BUSHWICK AVENUE, BROOKLYN, NY 11221",1072,,
ESTADOS UNIDOS,OCLEE NEW YORK,P.S. 274 KOSCIUSKO SCHOOL,"800 BUSHWICK AVENUE, BROOKLYN, NY 11221",1073,,
ESTADOS UNIDOS,OCLEE NEW YORK,P.S. 274 KOSCIUSKO SCHOOL,"800 BUSHWICK AVENUE, BROOKLYN, NY 11221",1074,,
ESTADOS UNIDOS,OCLEE NEW YORK,P.S. 274 KOSCIUSKO SCHOOL,"800 BUSHWICK AVENUE, BROOKLYN, NY 11221",1075,,
ESTADOS UNIDOS,OCLEE NEW YORK,PS WALTON CAMPUS,"2780 RESERVOIR AVE, BRONX, NY 10468",1076,,
ESTADOS UNIDOS,OCLEE NEW YORK,PS WALTON CAMPUS,"2780 RESERVOIR AVE, BRONX, NY 10468",1077,,
ESTADOS UNIDOS,OCLEE NEW YORK,PS WALTON CAMPUS,"2780 RESERVOIR AVE, BRONX, NY 10468",1078,,
ESTADOS UNIDOS,OCLEE NEW YORK,PS WALTON CAMPUS,"2780 RESERVOIR AVE, BRONX, NY 10468",1079,,
ESTADOS UNIDOS,OCLEE NEW YORK,PS WALTON CAMPUS,"2780 RESERVOIR AVE, BRONX, NY 10468",1080,,
ESTADOS UNIDOS,OCLEE NEW YORK,PS WALTON CAMPUS,"2780 RESERVOIR AVE, BRONX, NY 10468",1081,,
ESTADOS UNIDOS,OCLEE NEW YORK,P.S. 307 PIONEER ACADEMY,"40-20 100TH STREET, QUEENS, NY 11368",1082,,
ESTADOS UNIDOS,OCLEE NEW YORK,P.S. 307 PIONEER ACADEMY,"40-20 100TH STREET, QUEENS, NY 11368",1083,,
ESTADOS UNIDOS,OCLEE NEW YORK,P.S. 307 PIONEER ACADEMY,"40-20 100TH STREET, QUEENS, NY 11368",1084,,
ESTADOS UNIDOS,OCLEE NEW YORK,P.S. 307 PIONEER ACADEMY,"40-20 100TH STREET, QUEENS, NY 11368",1085,,
ESTADOS UNIDOS,OCLEE NEW YORK,P.S. 307 PIONEER ACADEMY,"40-20 100TH STREET, QUEENS, NY 11368",1086,,
ESTADOS UNIDOS,OCLEE NEW YORK,P.S. 307 PIONEER ACADEMY,"40-20 100TH STREET, QUEENS, NY 11368",1087,,
ESTADOS UNIDOS,OCLEE NEW YORK,P.S. 307 PIONEER ACADEMY,"40-20 100TH STREET, QUEENS, NY 11368",1088,,
ESTADOS UNIDOS,OCLEE NEW YORK,P.S. 310 MARBLE HILL,"260 W KINGSBRIDGE RD, BRONX, NY 10463",1089,,
ESTADOS UNIDOS,OCLEE NEW YORK,P.S. 310 MARBLE HILL,"260 W KINGSBRIDGE RD, BRONX, NY 10463",1090,,
ESTADOS UNIDOS,OCLEE NEW YORK,P.S. 310 MARBLE HILL,"260 W KINGSBRIDGE RD, BRONX, NY 10463",1091,,
ESTADOS UNIDOS,OCLEE NEW YORK,P.S. 310 MARBLE HILL,"260 W KINGSBRIDGE RD, BRONX, NY 10463",1092,,
ESTADOS UNIDOS,OCLEE NEW YORK,P.S. 310 MARBLE HILL,"260 W KINGSBRIDGE RD, BRONX, NY 10463",1093,,
ESTADOS UNIDOS,OCLEE NEW YORK,P.S. 327 DR. ROSE B. ENGLISH,"111 BRISTOL STREET, BROOKLYN, NY 11212",1094,,
ESTADOS UNIDOS,OCLEE NEW YORK,P.S. 327 DR. ROSE B. ENGLISH,"111 BRISTOL STREET, BROOKLYN, NY 11212",1095,,
PAÍS,OCLEE,DESCRIPCIÓN,DIRECCIÓN,CCOOLLEEGGIIOO,,
ESTADOS UNIDOS,OCLEE NEW YORK,P.S. 327 DR. ROSE B. ENGLISH,"111 BRISTOL STREET, BROOKLYN, NY 11212",1096,,
ESTADOS UNIDOS,OCLEE NEW YORK,P.S. 327 DR. ROSE B. ENGLISH,"111 BRISTOL STREET, BROOKLYN, NY 11212",1097,,
ESTADOS UNIDOS,OCLEE NEW YORK,P.S. 327 DR. ROSE B. ENGLISH,"111 BRISTOL STREET, BROOKLYN, NY 11212",1098,,
ESTADOS UNIDOS,OCLEE NEW YORK,P.S. 327 DR. ROSE B. ENGLISH,"111 BRISTOL STREET, BROOKLYN, NY 11212",1099,,
ESTADOS UNIDOS,OCLEE NEW YORK,P.S. 327 DR. ROSE B. ENGLISH,"111 BRISTOL STREET, BROOKLYN, NY 11212",1100,,
ESTADOS UNIDOS,OCLEE NEW YORK,P.S. 366 WASHINGTON HEIGHTS ACADEMY,"202 SHERMAN AVE,NEW YORK, NY 10034",1101,,
ESTADOS UNIDOS,OCLEE NEW YORK,P.S. 366 WASHINGTON HEIGHTS ACADEMY,"202 SHERMAN AVE,NEW YORK, NY 10034",1102,,
ESTADOS UNIDOS,OCLEE NEW YORK,P.S. 366 WASHINGTON HEIGHTS ACADEMY,"202 SHERMAN AVE,NEW YORK, NY 10034",1103,,
ESTADOS UNIDOS,OCLEE NEW YORK,P.S. 366 WASHINGTON HEIGHTS ACADEMY,"202 SHERMAN AVE,NEW YORK, NY 10034",1104,,
ESTADOS UNIDOS,OCLEE NEW YORK,P.S. 5 011 HIGHBRIDGE,"1257 OGDEN AVE, BRONX, NY 10452",1105,,
ESTADOS UNIDOS,OCLEE NEW YORK,P.S. 5 011 HIGHBRIDGE,"1257 OGDEN AVE, BRONX, NY 10452",1106,,
ESTADOS UNIDOS,OCLEE NEW YORK,P.S. 5 011 HIGHBRIDGE,"1257 OGDEN AVE, BRONX, NY 10452",1107,,
ESTADOS UNIDOS,OCLEE NEW YORK,P.S. 5 011 HIGHBRIDGE,"1257 OGDEN AVE, BRONX, NY 10452",1108,,
ESTADOS UNIDOS,OCLEE NEW YORK,P.S. 5 011 HIGHBRIDGE,"1257 OGDEN AVE, BRONX, NY 10452",1109,,
ESTADOS UNIDOS,OCLEE NEW YORK,P.S. 6 WEST FARMS,1000 EAST TREMONT AVENUE,1110,,
ESTADOS UNIDOS,OCLEE NEW YORK,P.S. 6 WEST FARMS,1000 EAST TREMONT AVENUE,1111,,
ESTADOS UNIDOS,OCLEE NEW YORK,P.S. 6 WEST FARMS,1000 EAST TREMONT AVENUE,1112,,
ESTADOS UNIDOS,OCLEE NEW YORK,P.S. 6 WEST FARMS,1000 EAST TREMONT AVENUE,1113,,
ESTADOS UNIDOS,OCLEE NEW YORK,P.S. 6 WEST FARMS,1000 EAST TREMONT AVENUE,1114,,
ESTADOS UNIDOS,OCLEE NEW YORK,P.S. 62 INOCENSIO CASANOVA,660 FOX STREET,1115,,
ESTADOS UNIDOS,OCLEE NEW YORK,P.S. 62 INOCENSIO CASANOVA,660 FOX STREET,1116,,
ESTADOS UNIDOS,OCLEE NEW YORK,P.S. 62 INOCENSIO CASANOVA,660 FOX STREET,1117,,
ESTADOS UNIDOS,OCLEE NEW YORK,P.S. 62 INOCENSIO CASANOVA,660 FOX STREET,1118,,
ESTADOS UNIDOS,OCLEE NEW YORK,P.S. 8 LUIS BELLIARD,"465 W 167TH ST,NEW YORK, NY 10032",1119,,
ESTADOS UNIDOS,OCLEE NEW YORK,P.S. 8 LUIS BELLIARD,"465 W 167TH ST,NEW YORK, NY 10032",1120,,
ESTADOS UNIDOS,OCLEE NEW YORK,P.S. 8 LUIS BELLIARD,"465 W 167TH ST,NEW YORK, NY 10032",1121,,
ESTADOS UNIDOS,OCLEE NEW YORK,P.S. 8 LUIS BELLIARD,"465 W 167TH ST,NEW YORK, NY 10032",1122,,
ESTADOS UNIDOS,OCLEE NEW YORK,P.S. 8 LUIS BELLIARD,"465 W 167TH ST,NEW YORK, NY 10032",1123,,
ESTADOS UNIDOS,OCLEE NEW YORK,P.S. 8 LUIS BELLIARD,"465 W 167TH ST,NEW YORK, NY 10032",1124,,
ESTADOS UNIDOS,OCLEE NEW YORK,P.S. 85 GREAT EXPECTATIONS,2400 MARION AVENUE,1125,,
ESTADOS UNIDOS,OCLEE NEW YORK,P.S. 85 GREAT EXPECTATIONS,2400 MARION AVENUE,1126,,
ESTADOS UNIDOS,OCLEE NEW YORK,P.S. 85 GREAT EXPECTATIONS,2400 MARION AVENUE,1127,,
ESTADOS UNIDOS,OCLEE NEW YORK,P.S. 85 GREAT EXPECTATIONS,2400 MARION AVENUE,1128,,
ESTADOS UNIDOS,OCLEE NEW YORK,PS 204 MORRIS HEIGHT,"1780 DR M.L.K. JR BLVD, BRONX, NY 10453",1129,,
ESTADOS UNIDOS,OCLEE NEW YORK,PS 204 MORRIS HEIGHT,"1780 DR M.L.K. JR BLVD, BRONX, NY 10453",1130,,
ESTADOS UNIDOS,OCLEE NEW YORK,PS 204 MORRIS HEIGHT,"1780 DR M.L.K. JR BLVD, BRONX, NY 10453",1131,,
ESTADOS UNIDOS,OCLEE NEW YORK,PS 204 MORRIS HEIGHT,"1780 DR M.L.K. JR BLVD, BRONX, NY 10453",1132,,
ESTADOS UNIDOS,OCLEE NEW YORK,PS 204 MORRIS HEIGHT,"1780 DR M.L.K. JR BLVD, BRONX, NY 10453",1133,,
ESTADOS UNIDOS,OCLEE NEW YORK,PS 204 MORRIS HEIGHT,"1780 DR M.L.K. JR BLVD, BRONX, NY 10453",1134,,
ESTADOS UNIDOS,OCLEE NEW YORK,PEEKSKILL HISPANIC COMMUNITY,"1005 PARK ST., PEEKSKILL, NY 10566",1135,,
ESTADOS UNIDOS,OCLEE NEW YORK,PEEKSKILL HISPANIC COMMUNITY,"1005 PARK ST., PEEKSKILL, NY 10566",1136,,
ESTADOS UNIDOS,OCLEE NEW YORK,PS. 001 COURTLAND SCHOOL,"335 E 152ND ST, BRONX, NY 10451",1137,,
ESTADOS UNIDOS,OCLEE NEW YORK,PS. 001 COURTLAND SCHOOL,"335 E 152ND ST, BRONX, NY 10451",1138,,
ESTADOS UNIDOS,OCLEE NEW YORK,PS. 001 COURTLAND SCHOOL,"335 E 152ND ST, BRONX, NY 10451",1139,,
ESTADOS UNIDOS,OCLEE NEW YORK,PS. 001 COURTLAND SCHOOL,"335 E 152ND ST, BRONX, NY 10451",1140,,
ESTADOS UNIDOS,OCLEE NEW YORK,PS. 001 COURTLAND SCHOOL,"335 E 152ND ST, BRONX, NY 10451",1141,,
ESTADOS UNIDOS,OCLEE NEW YORK,PS. 032 BELMONT,"690 E 183RD ST, BRONX, NY 10458",1142,,
ESTADOS UNIDOS,OCLEE NEW YORK,PS. 032 BELMONT,"690 E 183RD ST, BRONX, NY 10458",1143,,
ESTADOS UNIDOS,OCLEE NEW YORK,PS. 032 BELMONT,"690 E 183RD ST, BRONX, NY 10458",1144,,
ESTADOS UNIDOS,OCLEE NEW YORK,PS. 032 BELMONT,"690 E 183RD ST, BRONX, NY 10458",1145,,
PAÍS,OCLEE,DESCRIPCIÓN,DIRECCIÓN,CCOOLLEEGGIIOO,,
ESTADOS UNIDOS,OCLEE NEW YORK,PS. 032 BELMONT,"690 E 183RD ST, BRONX, NY 10458",1146,,
ESTADOS UNIDOS,OCLEE NEW YORK,PS 204 MORRIS HEIGHT,"1780 DR M.L.K. JR BLVD, BRONX, NY 10453",1147,,
ESTADOS UNIDOS,OCLEE NEW YORK,PS 204 MORRIS HEIGHT,"1780 DR M.L.K. JR BLVD, BRONX, NY 10453",1148,,
ESTADOS UNIDOS,OCLEE NEW YORK,PS 204 MORRIS HEIGHT,"1780 DR M.L.K. JR BLVD, BRONX, NY 10453",1149,,
ESTADOS UNIDOS,OCLEE NEW YORK,PS 204 MORRIS HEIGHT,"1780 DR M.L.K. JR BLVD, BRONX, NY 10453",1150,,
ESTADOS UNIDOS,OCLEE NEW YORK,PS 204 MORRIS HEIGHT,"1780 DR M.L.K. JR BLVD, BRONX, NY 10453",1151,,
ESTADOS UNIDOS,OCLEE NEW YORK,PS 204 MORRIS HEIGHT,"1780 DR M.L.K. JR BLVD, BRONX, NY 10453",1152,,
ESTADOS UNIDOS,OCLEE NEW YORK,PUBLIC SCHOOL # 85,"2400 MARION AVE, BRONX, NY 10458",1153,,
ESTADOS UNIDOS,OCLEE NEW YORK,PUBLIC SCHOOL # 85,"2400 MARION AVE, BRONX, NY 10458",1154,,
ESTADOS UNIDOS,OCLEE NEW YORK,PUBLIC SCHOOL # 85,"2400 MARION AVE, BRONX, NY 10458",1155,,
ESTADOS UNIDOS,OCLEE NEW YORK,PUBLIC SCHOOL # 85,"2400 MARION AVE, BRONX, NY 10458",1156,,
ESTADOS UNIDOS,OCLEE NEW YORK,PUBLIC SCHOOL # 85,"2400 MARION AVE, BRONX, NY 10458",1157,,
ESTADOS UNIDOS,OCLEE NEW YORK,SLEEPY HOLLOW HIGH SCHOOL,"210 NORTH BROADWAY SLEEPY HOLLOW, NY 10591",1158,,
ESTADOS UNIDOS,OCLEE NEW YORK,SLEEPY HOLLOW HIGH SCHOOL,"210 NORTH BROADWAY SLEEPY HOLLOW, NY 10591",1159,,
ESTADOS UNIDOS,OCLEE NEW YORK,SPRING CREEK EDUCATIONAL CAMPUS,1065 ELTON STREET,1160,,
ESTADOS UNIDOS,OCLEE NEW YORK,SPRING CREEK EDUCATIONAL CAMPUS,1065 ELTON STREET,1161,,
ESTADOS UNIDOS,OCLEE NEW YORK,SPRING CREEK EDUCATIONAL CAMPUS,1065 ELTON STREET,1162,,
ESTADOS UNIDOS,OCLEE NEW YORK,SPRING CREEK EDUCATIONAL CAMPUS,1065 ELTON STREET,1163,,
ESTADOS UNIDOS,OCLEE NEW YORK,HAMILTON SCHOOL,"20 OAK STREET MOUNT VERNON NY, 10550",1164,,
ESTADOS UNIDOS,OCLEE NEW YORK,HAMILTON SCHOOL,"20 OAK STREET MOUNT VERNON NY, 10550",1165,,
ESTADOS UNIDOS,OCLEE NEW YORK,YWCA YONKERS,"87 S BROADWAY, YONKERS, NY 10701",1166,,
ESTADOS UNIDOS,OCLEE NEW YORK,YWCA YONKERS,"87 S BROADWAY, YONKERS, NY 10701",1167,,
ESTADOS UNIDOS,OCLEE NEW YORK,YWCA YONKERS,"87 S BROADWAY, YONKERS, NY 10701",1168,,
ESTADOS UNIDOS,OCLEE NEW YORK,YWCA YONKERS,"87 S BROADWAY, YONKERS, NY 10701",1169,,
ESTADOS UNIDOS,OCLEE NEW YORK,YWCA YONKERS,"87 S BROADWAY, YONKERS, NY 10701",1170,,
ESTADOS UNIDOS,OCLEE ORLANDO,CENTRO CRISTIANO EL PAN DE VIDA,"152 OAKWOOD DR, KISSIMMEE, FL 34743, USA",1171,,
ESTADOS UNIDOS,OCLEE ORLANDO,CENTRO CRISTIANO EL PAN DE VIDA,"152 OAKWOOD DR, KISSIMMEE, FL 34743, USA",1172,,
ESTADOS UNIDOS,OCLEE ORLANDO,CENTRO CRISTIANO EL PAN DE VIDA,"152 OAKWOOD DR, KISSIMMEE, FL 34743, USA",1173,,
ESTADOS UNIDOS,OCLEE ORLANDO,CENTRO CRISTIANO EL PAN DE VIDA,"152 OAKWOOD DR, KISSIMMEE, FL 34743, USA",1174,,
ESTADOS UNIDOS,OCLEE ORLANDO,CENTRO CRISTIANO EL PAN DE VIDA,"152 OAKWOOD DR, KISSIMMEE, FL 34743, USA",1175,,
ESTADOS UNIDOS,OCLEE ORLANDO,CENTRO CRISTIANO EL PAN DE VIDA,"152 OAKWOOD DR, KISSIMMEE, FL 34743, USA",1176,,
ESTADOS UNIDOS,OCLEE ORLANDO,CENTRO CRISTIANO EL PAN DE VIDA,"152 OAKWOOD DR, KISSIMMEE, FL 34743, USA",1177,,
ESTADOS UNIDOS,OCLEE ORLANDO,CITY OF CLERMONT PARKS AND RECRE- ATION,"3700 S HIGHWAY 27, CLERMONT, FL 34711",1178,,
ESTADOS UNIDOS,OCLEE ORLANDO,CITY OF CLERMONT PARKS AND RECRE- ATION,"3700 S HIGHWAY 27, CLERMONT, FL 34711",1179,,
ESTADOS UNIDOS,OCLEE ORLANDO,CITY OF CLERMONT PARKS AND RECRE- ATION,"3700 S HIGHWAY 27, CLERMONT, FL 34711",1180,,
ESTADOS UNIDOS,OCLEE ORLANDO,CITY OF CLERMONT PARKS AND RECRE- ATION,"3700 S HIGHWAY 27, CLERMONT, FL 34711",1181,,
ESTADOS UNIDOS,OCLEE ORLANDO,CRESTWOOD PARTNERS,"3675 CRESTWOOD PKWY NW, DULUTH, GA 30096",1182,,
ESTADOS UNIDOS,OCLEE ORLANDO,CRESTWOOD PARTNERS,"3675 CRESTWOOD PKWY NW, DULUTH, GA 30096",1183,,
ESTADOS UNIDOS,OCLEE ORLANDO,CRESTWOOD PARTNERS,"3675 CRESTWOOD PKWY NW, DULUTH, GA 30096",1184,,
ESTADOS UNIDOS,OCLEE ORLANDO,CRESTWOOD PARTNERS,"3675 CRESTWOOD PKWY NW, DULUTH, GA 30096",1185,,
ESTADOS UNIDOS,OCLEE ORLANDO,CRESTWOOD PARTNERS,"3675 CRESTWOOD PKWY NW, DULUTH, GA 30096",1186,,
ESTADOS UNIDOS,OCLEE ORLANDO,CRESTWOOD PARTNERS,"3675 CRESTWOOD PKWY NW, DULUTH, GA 30096",1187,,
ESTADOS UNIDOS,OCLEE ORLANDO,CRESTWOOD PARTNERS,"3675 CRESTWOOD PKWY NW, DULUTH, GA 30096",1188,,
ESTADOS UNIDOS,OCLEE ORLANDO,CRESTWOOD PARTNERS,"3675 CRESTWOOD PKWY NW, DULUTH, GA 30096",1189,,
ESTADOS UNIDOS,OCLEE ORLANDO,"CUBAN CLUB FOUNDATION, INC.","2010 AVENIDA REPUBLICA DE CUBA TAMPA, FLORIDA 33605",1190,,
ESTADOS UNIDOS,OCLEE ORLANDO,"CUBAN CLUB FOUNDATION, INC.","2010 AVENIDA REPUBLICA DE CUBA TAMPA, FLORIDA 33605",1191,,
ESTADOS UNIDOS,OCLEE ORLANDO,"CUBAN CLUB FOUNDATION, INC.","2010 AVENIDA REPUBLICA DE CUBA TAMPA, FLORIDA 33605",1192,,
ESTADOS UNIDOS,OCLEE ORLANDO,"CUBAN CLUB FOUNDATION, INC.","2010 AVENIDA REPUBLICA DE CUBA TAMPA, FLORIDA 33605",1193,,
PAÍS,OCLEE,DESCRIPCIÓN,DIRECCIÓN,CCOOLLEEGGIIOO,,
ESTADOS UNIDOS,OCLEE ORLANDO,"CUBAN CLUB FOUNDATION, INC.","2010 AVENIDA REPUBLICA DE CUBA TAMPA, FLORIDA 33605",1195,,
ESTADOS UNIDOS,OCLEE ORLANDO,"CUBAN CLUB FOUNDATION, INC.","2010 AVENIDA REPUBLICA DE CUBA TAMPA, FLORIDA 33605",1196,,
ESTADOS UNIDOS,OCLEE ORLANDO,"CUBAN CLUB FOUNDATION, INC.","2010 AVENIDA REPUBLICA DE CUBA TAMPA, FLORIDA 33605",1197,,
ESTADOS UNIDOS,OCLEE ORLANDO,"CUBAN CLUB FOUNDATION, INC.","2010 AVENIDA REPUBLICA DE CUBA TAMPA, FLORIDA 33605",1198,,
ESTADOS UNIDOS,OCLEE ORLANDO,IGLESIA EPISCOPAL SAN CRISTOBAL,"7500 FOREST CITY RD, ORLANDO, FL 32810",1201,,
ESTADOS UNIDOS,OCLEE ORLANDO,IGLESIA EPISCOPAL SAN CRISTOBAL,"7500 FOREST CITY RD, ORLANDO, FL 32810",1202,,
ESTADOS UNIDOS,OCLEE ORLANDO,IGLESIA EPISCOPAL SAN CRISTOBAL,"7500 FOREST CITY RD, ORLANDO, FL 32810",1203,,
ESTADOS UNIDOS,OCLEE ORLANDO,IGLESIA EPISCOPAL SAN CRISTOBAL,"7500 FOREST CITY RD, ORLANDO, FL 32810",1204,,
ESTADOS UNIDOS,OCLEE ORLANDO,IGLESIA EPISCOPAL SAN CRISTOBAL,"7500 FOREST CITY RD, ORLANDO, FL 32810",1205,,
ESTADOS UNIDOS,OCLEE ORLANDO,IGLESIA EPISCOPAL SAN CRISTOBAL,"7500 FOREST CITY RD, ORLANDO, FL 32810",1206,,
ESTADOS UNIDOS,OCLEE ORLANDO,MAXI TAX SERVICES,"3167 SPRING PARK RD, JACKSONVILLE, FL 32207",1207,,
ESTADOS UNIDOS,OCLEE ORLANDO,MAXI TAX SERVICES,"3167 SPRING PARK RD, JACKSONVILLE, FL 32207",1208,,
ESTADOS UNIDOS,OCLEE ORLANDO,MAXI TAX SERVICES,"3167 SPRING PARK RD, JACKSONVILLE, FL 32207",1209,,
ESTADOS UNIDOS,OCLEE ORLANDO,ST JOHN'S EPISCOPAL CHURCH,"1709 N JOHN YOUNG PKWY, KISSIMMEE, FL, UNITED STATES, FLORIDA",1210,,
ESTADOS UNIDOS,OCLEE ORLANDO,ST JOHN'S EPISCOPAL CHURCH,"1709 N JOHN YOUNG PKWY, KISSIMMEE, FL, UNITED STATES, FLORIDA",1211,,
ESTADOS UNIDOS,OCLEE ORLANDO,ST JOHN'S EPISCOPAL CHURCH,"1709 N JOHN YOUNG PKWY, KISSIMMEE, FL, UNITED STATES, FLORIDA",1212,,
ESTADOS UNIDOS,OCLEE ORLANDO,ST JOHN'S EPISCOPAL CHURCH,"1709 N JOHN YOUNG PKWY, KISSIMMEE, FL, UNITED STATES, FLORIDA",1213,,
ESTADOS UNIDOS,OCLEE ORLANDO,ST JOHN'S EPISCOPAL CHURCH,"1709 N JOHN YOUNG PKWY, KISSIMMEE, FL, UNITED STATES, FLORIDA",1214,,
ESTADOS UNIDOS,OCLEE ORLANDO,ST JOHN'S EPISCOPAL CHURCH,"1709 N JOHN YOUNG PKWY, KISSIMMEE, FL, UNITED STATES, FLORIDA",1215,,
ESTADOS UNIDOS,OCLEE ORLANDO,ST PETERSBURG COLLEGE - SPC,"244 2ND AVENUE N. ST. PETERSBURG, FL 33701",1216,,
ESTADOS UNIDOS,OCLEE ORLANDO,ST PETERSBURG COLLEGE - SPC,"244 2ND AVENUE N. ST. PETERSBURG, FL 33701",1217,,
ESTADOS UNIDOS,OCLEE ORLANDO,ST PETERSBURG COLLEGE - SPC,"244 2ND AVENUE N. ST. PETERSBURG, FL 33701",1218,,
ESTADOS UNIDOS,OCLEE ORLANDO,UNIVERSIDAD ANA G. MENDEZ,"5601 SOUTH SEMORAN BLVD. SUITE 55, ORLANDO, FL 32822",1219,,
ESTADOS UNIDOS,OCLEE ORLANDO,UNIVERSIDAD ANA G. MENDEZ,"5601 SOUTH SEMORAN BLVD. SUITE 55, ORLANDO, FL 32822",1220,,
ESTADOS UNIDOS,OCLEE ORLANDO,UNIVERSIDAD ANA G. MENDEZ,"5601 SOUTH SEMORAN BLVD. SUITE 55, ORLANDO, FL 32822",1221,,
ESTADOS UNIDOS,OCLEE ORLANDO,UNIVERSIDAD ANA G. MENDEZ,"5601 SOUTH SEMORAN BLVD. SUITE 55, ORLANDO, FL 32822",1222,,
ESTADOS UNIDOS,OCLEE ORLANDO,UNIVERSIDAD ANA G. MENDEZ,"5601 SOUTH SEMORAN BLVD. SUITE 55, ORLANDO, FL 32822",1223,,
ESTADOS UNIDOS,OCLEE ORLANDO,UNIVERSIDAD ANA G. MENDEZ,"5601 SOUTH SEMORAN BLVD. SUITE 55, ORLANDO, FL 32822",1224,,
ESTADOS UNIDOS,OCLEE ORLANDO,UNIVERSIDAD ANA G. MENDEZ,"5601 SOUTH SEMORAN BLVD. SUITE 55, ORLANDO, FL 32822",1225,,
ESTADOS UNIDOS,OCLEE ORLANDO,UNIVERSIDAD ANA G. MENDEZ,"5601 SOUTH SEMORAN BLVD. SUITE 55, ORLANDO, FL 32822",1226,,
ESTADOS UNIDOS,OCLEE ORLANDO,UNIVERSIDAD ANA G. MENDEZ,"5601 SOUTH SEMORAN BLVD. SUITE 55, ORLANDO, FL 32822",1227,,
ESTADOS UNIDOS,OCLEE PHILADELPHIA,ALL SOLUTIONS,176 WIKLKES BARRE 18702 PENNSYLVANIA PA.,1253,,
ESTADOS UNIDOS,OCLEE PHILADELPHIA,ALL SOLUTIONS,176 WIKLKES BARRE 18702 PENNSYLVANIA PA.,1254,,
ESTADOS UNIDOS,OCLEE PHILADELPHIA,ALL SOLUTIONS,176 WIKLKES BARRE 18702 PENNSYLVANIA PA.,1255,,
ESTADOS UNIDOS,OCLEE PHILADELPHIA,ASOCIACIÓN DE PENNSYLVANIA,"1158 BUTTONWOOD STREET, READING, PA 19604",1256,,
ESTADOS UNIDOS,OCLEE PHILADELPHIA,ASOCIACIÓN DE PENNSYLVANIA,"1158 BUTTONWOOD STREET, READING, PA 19604",1257,,
ESTADOS UNIDOS,OCLEE PHILADELPHIA,ASOCIACIÓN DE PENNSYLVANIA,"1158 BUTTONWOOD STREET, READING, PA 19604",1258,,
ESTADOS UNIDOS,OCLEE PHILADELPHIA,ASOCIACIÓN DE PENNSYLVANIA,"1158 BUTTONWOOD STREET, READING, PA 19604",1259,,
ESTADOS UNIDOS,OCLEE PHILADELPHIA,CASTLE OF THE EVENTS,118 N. 9 TH ST. 18102 PENNSYLVANIA PA.,1260,,
ESTADOS UNIDOS,OCLEE PHILADELPHIA,CASTLE OF THE EVENTS,118 N. 9 TH ST. 18102 PENNSYLVANIA PA.,1261,,
ESTADOS UNIDOS,OCLEE PHILADELPHIA,CASTLE OF THE EVENTS,118 N. 9 TH ST. 18102 PENNSYLVANIA PA.,1262,,
ESTADOS UNIDOS,OCLEE PHILADELPHIA,CASTLE OF THE EVENTS,118 N. 9 TH ST. 18102 PENNSYLVANIA PA.,1263,,
ESTADOS UNIDOS,OCLEE PHILADELPHIA,CASTLE OF THE EVENTS,118 N. 9 TH ST. 18102 PENNSYLVANIA PA.,1264,,
ESTADOS UNIDOS,OCLEE PHILADELPHIA,CASTLE OF THE EVENTS,118 N. 9 TH ST. 18102 PENNSYLVANIA PA.,1265,,
ESTADOS UNIDOS,OCLEE PHILADELPHIA,CASTLE OF THE EVENTS,118 N. 9 TH ST. 18102 PENNSYLVANIA PA.,1266,,
ESTADOS UNIDOS,OCLEE PHILADELPHIA,CASTLE OF THE EVENTS,118 N. 9 TH ST. 18102 PENNSYLVANIA PA.,1267,,
ESTADOS UNIDOS,OCLEE PHILADELPHIA,CASTLE OF THE EVENTS,118 N. 9 TH ST. 18102 PENNSYLVANIA PA.,1268,,
ESTADOS UNIDOS,OCLEE PHILADELPHIA,CASTLE OF THE EVENTS,118 N. 9 TH ST. 18102 PENNSYLVANIA PA.,1269,,
ESTADOS UNIDOS,OCLEE PHILADELPHIA,CASTLE OF THE EVENTS,118 N. 9 TH ST. 18102 PENNSYLVANIA PA.,1270,,
PAÍS,OCLEE,DESCRIPCIÓN,DIRECCIÓN,CCOOLLEEGGIIOO,,
ESTADOS UNIDOS,OCLEE PHILADELPHIA,CASTLE OF THE EVENTS,118 N. 9 TH ST. 18102 PENNSYLVANIA PA.,1272,,
ESTADOS UNIDOS,OCLEE PHILADELPHIA,CASTLE OF THE EVENTS,118 N. 9 TH ST. 18102 PENNSYLVANIA PA.,1273,,
ESTADOS UNIDOS,OCLEE PHILADELPHIA,COMMUNITY CENTER INTEGRATION PROYECT,225 E. 4TH ST. 18201 PENNSYLVANIA PA.,1274,,
ESTADOS UNIDOS,OCLEE PHILADELPHIA,COMMUNITY CENTER INTEGRATION PROYECT,225 E. 4TH ST. 18201 PENNSYLVANIA PA.,1275,,
ESTADOS UNIDOS,OCLEE PHILADELPHIA,COMMUNITY CENTER INTEGRATION PROYECT,225 E. 4TH ST. 18201 PENNSYLVANIA PA.,1276,,
ESTADOS UNIDOS,OCLEE PHILADELPHIA,COMMUNITY CENTER INTEGRATION PROYECT,225 E. 4TH ST. 18201 PENNSYLVANIA PA.,1277,,
ESTADOS UNIDOS,OCLEE PHILADELPHIA,COMMUNITY CENTER INTEGRATION PROYECT,225 E. 4TH ST. 18201 PENNSYLVANIA PA.,1278,,
ESTADOS UNIDOS,OCLEE PHILADELPHIA,COMMUNITY CENTER INTEGRATION PROYECT,225 E. 4TH ST. 18201 PENNSYLVANIA PA.,1279,,
ESTADOS UNIDOS,OCLEE PHILADELPHIA,COMMUNITY CENTER INTEGRATION PROYECT,225 E. 4TH ST. 18201 PENNSYLVANIA PA.,1280,,
ESTADOS UNIDOS,OCLEE PHILADELPHIA,COMMUNITY CENTER INTEGRATION PROYECT,225 E. 4TH ST. 18201 PENNSYLVANIA PA.,1281,,
ESTADOS UNIDOS,OCLEE PHILADELPHIA,COMMUNITY CENTER INTEGRATION PROYECT,225 E. 4TH ST. 18201 PENNSYLVANIA PA.,1282,,
ESTADOS UNIDOS,OCLEE PHILADELPHIA,COMMUNITY CENTER INTEGRATION PROYECT,225 E. 4TH ST. 18201 PENNSYLVANIA PA.,1283,,
ESTADOS UNIDOS,OCLEE PHILADELPHIA,COMMUNITY CENTER INTEGRATION PROYECT,225 E. 4TH ST. 18201 PENNSYLVANIA PA.,1284,,
ESTADOS UNIDOS,OCLEE PHILADELPHIA,CONCILIO,"141 E. HUNTING PARK AVE. 19124 PHILADELPHIA, P.A.",1285,,
ESTADOS UNIDOS,OCLEE PHILADELPHIA,CONCILIO,"141 E. HUNTING PARK AVE. 19124 PHILADELPHIA, P.A.",1286,,
ESTADOS UNIDOS,OCLEE PHILADELPHIA,CONCILIO,"141 E. HUNTING PARK AVE. 19124 PHILADELPHIA, P.A.",1287,,
ESTADOS UNIDOS,OCLEE PHILADELPHIA,CONCILIO,"141 E. HUNTING PARK AVE. 19124 PHILADELPHIA, P.A.",1288,,
ESTADOS UNIDOS,OCLEE PHILADELPHIA,CONCILIO,"141 E. HUNTING PARK AVE. 19124 PHILADELPHIA, P.A.",1289,,
ESTADOS UNIDOS,OCLEE PHILADELPHIA,CONCILIO,"141 E. HUNTING PARK AVE. 19124 PHILADELPHIA, P.A.",1290,,
ESTADOS UNIDOS,OCLEE PHILADELPHIA,IGLESIA FRATERNIDAD CRISTIANA,780 ELDER STREET HARRISBURG PA 17104,1291,,
ESTADOS UNIDOS,OCLEE PHILADELPHIA,IGLESIA FRATERNIDAD CRISTIANA,780 ELDER STREET HARRISBURG PA 17104,1292,,
ESTADOS UNIDOS,OCLEE PHILADELPHIA,IGLESIA FRATERNIDAD CRISTIANA,780 ELDER STREET HARRISBURG PA 17104,1293,,
ESTADOS UNIDOS,OCLEE PHILADELPHIA,IGLESIA MISIONERA LA SENDA I,"413 N 6TH ST. READING, PA 19601",1294,,
ESTADOS UNIDOS,OCLEE PHILADELPHIA,IGLESIA MISIONERA LA SENDA I,"413 N 6TH ST. READING, PA 19601",1295,,
ESTADOS UNIDOS,OCLEE PHILADELPHIA,IGLESIA MISIONERA LA SENDA I,"413 N 6TH ST. READING, PA 19601",1296,,
ESTADOS UNIDOS,OCLEE PHILADELPHIA,IGLESIA MISIONERA LA SENDA I,"413 N 6TH ST. READING, PA 19601",1297,,
ESTADOS UNIDOS,OCLEE PHILADELPHIA,IGLESIA MISIONERA LA SENDA I,"413 N 6TH ST. READING, PA 19601",1298,,
ESTADOS UNIDOS,OCLEE PHILADELPHIA,IGLESIA MISIONERA LA SENDA I,"413 N 6TH ST. READING, PA 19601",1299,,
ESTADOS UNIDOS,OCLEE PHILADELPHIA,IGLESIA MISIONERA LA SENDA II,"824 WASHINGTON ST, READING, PA 19601",1300,,
ESTADOS UNIDOS,OCLEE PHILADELPHIA,IGLESIA MISIONERA LA SENDA II,"824 WASHINGTON ST, READING, PA 19601",1301,,
ESTADOS UNIDOS,OCLEE PHILADELPHIA,IGLESIA MISIONERA LA SENDA II,"824 WASHINGTON ST, READING, PA 19601",1302,,
ESTADOS UNIDOS,OCLEE PHILADELPHIA,IGLESIA MISIONERA LA SENDA II,"824 WASHINGTON ST, READING, PA 19601",1303,,
ESTADOS UNIDOS,OCLEE PHILADELPHIA,IGLESIA MISIONERA LA SENDA II,"824 WASHINGTON ST, READING, PA 19601",1304,,
ESTADOS UNIDOS,OCLEE PHILADELPHIA,PLAZA SAN JUAN BAUTISTA,"441 S LIME ST, LANCASTER, PA 17602",1305,,
ESTADOS UNIDOS,OCLEE PHILADELPHIA,PLAZA SAN JUAN BAUTISTA,"441 S LIME ST, LANCASTER, PA 17602",1306,,
ESTADOS UNIDOS,OCLEE PHILADELPHIA,PLAZA SAN JUAN BAUTISTA,"441 S LIME ST, LANCASTER, PA 17602",1307,,
ESTADOS UNIDOS,OCLEE PHILADELPHIA,RED WINE,"701 ADAMS AVE. 19124 PHILADELPHIA, P.A.",1308,,
ESTADOS UNIDOS,OCLEE PHILADELPHIA,RED WINE,"701 ADAMS AVE. 19124 PHILADELPHIA, P.A.",1309,,
ESTADOS UNIDOS,OCLEE PHILADELPHIA,RED WINE,"701 ADAMS AVE. 19124 PHILADELPHIA, P.A.",1310,,
ESTADOS UNIDOS,OCLEE PHILADELPHIA,RED WINE,"701 ADAMS AVE. 19124 PHILADELPHIA, P.A.",1311,,
ESTADOS UNIDOS,OCLEE PHILADELPHIA,SAN MARTIN OF TOURS,"5450 ROOUSEVELT BLVD. 19124 PHILADELPHIA, P.A.",1312,,
ESTADOS UNIDOS,OCLEE PHILADELPHIA,SAN MARTIN OF TOURS,"5450 ROOUSEVELT BLVD. 19124 PHILADELPHIA, P.A.",1313,,
ESTADOS UNIDOS,OCLEE PHILADELPHIA,SAN MARTIN OF TOURS,"5450 ROOUSEVELT BLVD. 19124 PHILADELPHIA, P.A.",1314,,
ESTADOS UNIDOS,OCLEE PHILADELPHIA,SAN MARTIN OF TOURS,"5450 ROOUSEVELT BLVD. 19124 PHILADELPHIA, P.A.",1315,,
ESTADOS UNIDOS,OCLEE PHILADELPHIA,SAN MARTIN OF TOURS,"5450 ROOUSEVELT BLVD. 19124 PHILADELPHIA, P.A.",1316,,
ESTADOS UNIDOS,OCLEE PHILADELPHIA,SAN MARTIN OF TOURS,"5450 ROOUSEVELT BLVD. 19124 PHILADELPHIA, P.A.",1317,,
ESTADOS UNIDOS,OCLEE PHILADELPHIA,SAN MARTIN OF TOURS,"5450 ROOUSEVELT BLVD. 19124 PHILADELPHIA, P.A.",1318,,
PAÍS,OCLEE,DESCRIPCIÓN,DIRECCIÓN,CCOOLLEEGGIIOO,,
ESTADOS UNIDOS,OCLEE PHILADELPHIA,ST BENEDICT PARISH CENTER,"1301 LEHMAN ST, LEBANON, PA 17046",1319,,
ESTADOS UNIDOS,OCLEE PHILADELPHIA,ST BENEDICT PARISH CENTER,"1301 LEHMAN ST, LEBANON, PA 17046",1320,,
ESTADOS UNIDOS,OCLEE PHILADELPHIA,ST. PAUL CATHOLIC CHURCH,1010 W. 4TH ST. 19805 WILMINGTON DE.,1321,,
ESTADOS UNIDOS,OCLEE PHILADELPHIA,ST. PAUL CATHOLIC CHURCH,1010 W. 4TH ST. 19805 WILMINGTON DE.,1322,,
ESTADOS UNIDOS,OCLEE PHILADELPHIA,VISITACION CATOLIC,"2646 KENSINGTON AVE 19125 PHILADELPHIA, P.A.",1323,,
ESTADOS UNIDOS,OCLEE PHILADELPHIA,VISITACION CATOLIC,"2646 KENSINGTON AVE 19125 PHILADELPHIA, P.A.",1324,,
ESTADOS UNIDOS,OCLEE PHILADELPHIA,VISITACION CATOLIC,"2646 KENSINGTON AVE 19125 PHILADELPHIA, P.A.",1325,,
ESTADOS UNIDOS,OCLEE PHILADELPHIA,VISITACION CATOLIC,"2646 KENSINGTON AVE 19125 PHILADELPHIA, P.A.",1326,,
ESTADOS UNIDOS,OCLEE PHILADELPHIA,VISITACION CATOLIC,"2646 KENSINGTON AVE 19125 PHILADELPHIA, P.A.",1327,,
ESTADOS UNIDOS,OCLEE PHILADELPHIA,VISITACION CATOLIC,"2646 KENSINGTON AVE 19125 PHILADELPHIA, P.A.",1328,,
ESTADOS UNIDOS,OCLEE PHILADELPHIA,VISITACION CATOLIC,"2646 KENSINGTON AVE 19125 PHILADELPHIA, P.A.",1329,,
ESTADOS UNIDOS,OCLEE PHILADELPHIA,VISITACION CATOLIC,"2646 KENSINGTON AVE 19125 PHILADELPHIA, P.A.",1330,,
ESTADOS UNIDOS,OCLEE PHILADELPHIA,VULLO TIRE AND AUTO SERVICE,238 RAILROD AVE 18505 PENNSYLVANIA PA.,1331,,
ESTADOS UNIDOS,OCLEE PHILADELPHIA,WEST KENSINGTON MINISTRY,"2140 N. HANCOCK ST. 19122 PHILADELPHIA, P.A.",1332,,
ESTADOS UNIDOS,OCLEE PHILADELPHIA,WEST KENSINGTON MINISTRY,"2140 N. HANCOCK ST. 19122 PHILADELPHIA, P.A.",1333,,
ESTADOS UNIDOS,OCLEE PHILADELPHIA,WEST KENSINGTON MINISTRY,"2140 N. HANCOCK ST. 19122 PHILADELPHIA, P.A.",1334,,
ESTADOS UNIDOS,OCLEE PHILADELPHIA,YORK CITY HALL,"101 S GEORGE ST, YORK, PA 17401",1335,,
ESTADOS UNIDOS,OCLEE PHILADELPHIA,YORK CITY HALL,"101 S GEORGE ST, YORK, PA 17401",1336,,
ESTADOS UNIDOS,OCLEE PROVIDENCE,AD MULTISERVICES,"578 DEXTER ST, CENTRAL FALLS, RI 02863",1337,,
ESTADOS UNIDOS,OCLEE PROVIDENCE,BIBLIOTECA PUBLICA DE HARDFORT CT,630 PARK ST. HARTFORD CT 06106,1338,,
ESTADOS UNIDOS,OCLEE PROVIDENCE,BIBLIOTECA PUBLICA DE HARDFORT CT,630 PARK ST. HARTFORD CT 06106,1339,,
ESTADOS UNIDOS,OCLEE PROVIDENCE,BIBLIOTECA PUBLICA DE HARDFORT CT,630 PARK ST. HARTFORD CT 06106,1340,,
ESTADOS UNIDOS,OCLEE PROVIDENCE,BOMES THEATRE,"1017 BROAD ST, PROVIDENCE, RI 02905",1341,,
ESTADOS UNIDOS,OCLEE PROVIDENCE,BOMES THEATRE,"1017 BROAD ST, PROVIDENCE, RI 02905",1342,,
ESTADOS UNIDOS,OCLEE PROVIDENCE,BOMES THEATRE,"1017 BROAD ST, PROVIDENCE, RI 02905",1343,,
ESTADOS UNIDOS,OCLEE PROVIDENCE,BOMES THEATRE,"1017 BROAD ST, PROVIDENCE, RI 02905",1344,,
ESTADOS UNIDOS,OCLEE PROVIDENCE,BOULEVARD BANQUET HALL,"510 ARMISTICE BLVD, PAWTUCKET, RI 02861",1345,,
ESTADOS UNIDOS,OCLEE PROVIDENCE,BOULEVARD BANQUET HALL,"510 ARMISTICE BLVD, PAWTUCKET, RI 02861",1346,,
ESTADOS UNIDOS,OCLEE PROVIDENCE,CLUB JUAN PABLO DUARTE,"100 NIAGARA ST, PROVIDENCE, RI 02907",1347,,
ESTADOS UNIDOS,OCLEE PROVIDENCE,CLUB JUAN PABLO DUARTE,"100 NIAGARA ST, PROVIDENCE, RI 02907",1348,,
ESTADOS UNIDOS,OCLEE PROVIDENCE,COMMUNITY LIBRARIES OF PROVIDENCE: SOUTH PROVIDENCE LIBRARY,"441 PRAIRIE AVE, PROVIDENCE, RI 02905",1349,,
ESTADOS UNIDOS,OCLEE PROVIDENCE,COMMUNITY LIBRARIES OF PROVIDENCE: SOUTH PROVIDENCE LIBRARY,"441 PRAIRIE AVE, PROVIDENCE, RI 02905",1350,,
ESTADOS UNIDOS,OCLEE PROVIDENCE,ELMWOOD COMMUNITY CENTER - GYM,"155 NIAGARA ST, PROVIDENCE, RI 02907",1351,,
ESTADOS UNIDOS,OCLEE PROVIDENCE,ELMWOOD COMMUNITY CENTER - GYM,"155 NIAGARA ST, PROVIDENCE, RI 02907",1352,,
ESTADOS UNIDOS,OCLEE PROVIDENCE,ELMWOOD COMMUNITY CENTER - GYM,"155 NIAGARA ST, PROVIDENCE, RI 02907",1353,,
ESTADOS UNIDOS,OCLEE PROVIDENCE,ELMWOOD COMMUNITY CENTER - GYM,"155 NIAGARA ST, PROVIDENCE, RI 02907",1354,,
ESTADOS UNIDOS,OCLEE PROVIDENCE,JOHN H. ROLLINS RECREATION CENTER,"OCEAN ST, PROVIDENCE, RI 02905",1355,,
ESTADOS UNIDOS,OCLEE PROVIDENCE,JOHN H. ROLLINS RECREATION CENTER,"OCEAN ST, PROVIDENCE, RI 02905",1356,,
ESTADOS UNIDOS,OCLEE PROVIDENCE,JOHN H. ROLLINS RECREATION CENTER,"OCEAN ST, PROVIDENCE, RI 02905",1357,,
ESTADOS UNIDOS,OCLEE PROVIDENCE,JOHN H. ROLLINS RECREATION CENTER,"OCEAN ST, PROVIDENCE, RI 02905",1358,,
ESTADOS UNIDOS,OCLEE PROVIDENCE,JOHN H. ROLLINS RECREATION CENTER,"OCEAN ST, PROVIDENCE, RI 02905",1359,,
ESTADOS UNIDOS,OCLEE PROVIDENCE,LEAD - COALICION,"1021 MAIN ST, BRIDGEPORT, CT 06604",1360,,
ESTADOS UNIDOS,OCLEE PROVIDENCE,LEAD - COALICION,"1021 MAIN ST, BRIDGEPORT, CT 06604",1361,,
ESTADOS UNIDOS,OCLEE PROVIDENCE,LEAD - COALICION,"1021 MAIN ST, BRIDGEPORT, CT 06604",1362,,
ESTADOS UNIDOS,OCLEE PROVIDENCE,LEAD DANBURY,"358 MAIN ST, DANBURY, CT 06810",1363,,
ESTADOS UNIDOS,OCLEE PROVIDENCE,LEAD DANBURY,"358 MAIN ST, DANBURY, CT 06810",1364,,
ESTADOS UNIDOS,OCLEE PROVIDENCE,LEAD DANBURY,"358 MAIN ST, DANBURY, CT 06810",1365,,
ESTADOS UNIDOS,OCLEE PROVIDENCE,LEAD NEW BRITAIN,"114 MAIN ST, NEW BRITAIN, CT 06051",1366,,
ESTADOS UNIDOS,OCLEE PROVIDENCE,LEAD NEW HAVEN,"100 CROWN ST, NEW HAVEN, CT 06510",1367,,
ESTADOS UNIDOS,OCLEE PROVIDENCE,LEAD NEW HAVEN,"100 CROWN ST, NEW HAVEN, CT 06510",1368,,
PAÍS,OCLEE,DESCRIPCIÓN,DIRECCIÓN,CCOOLLEEGGIIOO,,
ESTADOS UNIDOS,OCLEE PROVIDENCE,LEAD WATERBURY,"96 BANK ST, WATERBURY, CT 06702",1370,,
ESTADOS UNIDOS,OCLEE PROVIDENCE,LEAD WATERBURY,"96 BANK ST, WATERBURY, CT 06702",1371,,
ESTADOS UNIDOS,OCLEE PROVIDENCE,LEAD WATERBURY,"96 BANK ST, WATERBURY, CT 06702",1372,,
ESTADOS UNIDOS,OCLEE PROVIDENCE,LOCAL BARAHONA EXPRESS,"227 JEFFERSON AVE, NEW LONDON, CT 06320",1373,,
ESTADOS UNIDOS,OCLEE PROVIDENCE,LOCAL BARAHONA EXPRESS,"227 JEFFERSON AVE, NEW LONDON, CT 06320",1374,,
ESTADOS UNIDOS,OCLEE PROVIDENCE,NENO CLIPS BARBER SHOP,56 N MAIN ST NORWALK CT 06864,1375,,
ESTADOS UNIDOS,OCLEE PROVIDENCE,NENO CLIPS BARBER SHOP,56 N MAIN ST NORWALK CT 06864,1376,,
ESTADOS UNIDOS,OCLEE PROVIDENCE,PSL BASEBALL TRAINING CLUB,"790 BROAD ST, PROVIDENCE, RI 02907",1377,,
ESTADOS UNIDOS,OCLEE PROVIDENCE,PSL BASEBALL TRAINING CLUB,"790 BROAD ST, PROVIDENCE, RI 02907",1378,,
ESTADOS UNIDOS,OCLEE PROVIDENCE,PSL BASEBALL TRAINING CLUB,"790 BROAD ST, PROVIDENCE, RI 02907",1379,,
ESTADOS UNIDOS,OCLEE PROVIDENCE,TAX4YOU,470 MAIN ST. TORRINGTON CT 06790,1380,,
ESTADOS UNIDOS,OCLEE PROVIDENCE,WEST END RECREATION CENTER,"109 BUCKLIN ST REAR BUILDING, PROVIDENCE, RI 02907",1381,,
ESTADOS UNIDOS,OCLEE PROVIDENCE,WEST END RECREATION CENTER,"109 BUCKLIN ST REAR BUILDING, PROVIDENCE, RI 02907",1382,,
ESTADOS UNIDOS,OCLEE PROVIDENCE,WEST END RECREATION CENTER,"109 BUCKLIN ST REAR BUILDING, PROVIDENCE, RI 02907",1383,,
ESTADOS UNIDOS,OCLEE PROVIDENCE,WEST END RECREATION CENTER,"109 BUCKLIN ST REAR BUILDING, PROVIDENCE, RI 02907",1384,,
ESTADOS UNIDOS,OCLEE PROVIDENCE,WEST END RECREATION CENTER,"109 BUCKLIN ST REAR BUILDING, PROVIDENCE, RI 02907",1385,,
ESTADOS UNIDOS,OCLEE WASHINGTON,CAMINO HEALTH CENTER,"133 STETSON DR, CHARLOTTE, NC 28262",1517,,
ESTADOS UNIDOS,OCLEE WASHINGTON,CAMINO HEALTH CENTER,"133 STETSON DR, CHARLOTTE, NC 28262",1518,,
ESTADOS UNIDOS,OCLEE WASHINGTON,CAMINO HEALTH CENTER,"133 STETSON DR, CHARLOTTE, NC 28262",1519,,
ESTADOS UNIDOS,OCLEE WASHINGTON,CAMINO HEALTH CENTER,"133 STETSON DR, CHARLOTTE, NC 28262",1520,,
ESTADOS UNIDOS,OCLEE WASHINGTON,CAMINO HEALTH CENTER,"133 STETSON DR, CHARLOTTE, NC 28262",1521,,
ESTADOS UNIDOS,OCLEE WASHINGTON,CAMINO HEALTH CENTER,"133 STETSON DR, CHARLOTTE, NC 28262",1522,,
ESTADOS UNIDOS,OCLEE WASHINGTON,CHAMPIONS REAL ESTATE GROUP-SUITE 120,6117 RICHMOND AVE. 77057,1523,,
ESTADOS UNIDOS,OCLEE WASHINGTON,CHAMPIONS REAL ESTATE GROUP-SUITE 120,6117 RICHMOND AVE. 77057,1524,,
ESTADOS UNIDOS,OCLEE WASHINGTON,CHAMPIONS REAL ESTATE GROUP-SUITE 120,6117 RICHMOND AVE. 77057,1525,,
ESTADOS UNIDOS,OCLEE WASHINGTON,CROWNE PLAZA HOTEL- COLLEGE PARK,"6400 IVY LN, GREENBELT, MD 20770",1526,,
ESTADOS UNIDOS,OCLEE WASHINGTON,CROWNE PLAZA HOTEL- COLLEGE PARK,"6400 IVY LN, GREENBELT, MD 20770",1527,,
ESTADOS UNIDOS,OCLEE WASHINGTON,CROWNE PLAZA HOTEL- COLLEGE PARK,"6400 IVY LN, GREENBELT, MD 20770",1528,,
ESTADOS UNIDOS,OCLEE WASHINGTON,CROWNE PLAZA HOTEL- COLLEGE PARK,"6400 IVY LN, GREENBELT, MD 20770",1529,,
ESTADOS UNIDOS,OCLEE WASHINGTON,CROWNE PLAZA HOTEL- COLLEGE PARK,"6400 IVY LN, GREENBELT, MD 20770",1530,,
ESTADOS UNIDOS,OCLEE WASHINGTON,CROWNE PLAZA HOTEL- COLLEGE PARK,"6400 IVY LN, GREENBELT, MD 20770",1531,,
ESTADOS UNIDOS,OCLEE WASHINGTON,CROWNE PLAZA HOTEL- COLLEGE PARK,"6400 IVY LN, GREENBELT, MD 20770",1532,,
ESTADOS UNIDOS,OCLEE WASHINGTON,CROWNE PLAZA HOTEL- COLLEGE PARK,"6400 IVY LN, GREENBELT, MD 20770",1533,,
ESTADOS UNIDOS,OCLEE WASHINGTON,GREEN ROAD PARK,"4201 GREEN ROAD RALEIGH, NC 27604",1534,,
ESTADOS UNIDOS,OCLEE WASHINGTON,GREEN ROAD PARK,"4201 GREEN ROAD RALEIGH, NC 27604",1535,,
ESTADOS UNIDOS,OCLEE WASHINGTON,GREEN ROAD PARK,"4201 GREEN ROAD RALEIGH, NC 27604",1536,,
ESTADOS UNIDOS,OCLEE WASHINGTON,GREEN ROAD PARK,"4201 GREEN ROAD RALEIGH, NC 27604",1537,,
ESTADOS UNIDOS,OCLEE WASHINGTON,HUMBOLDT PARK,1440 N. HUMBOLDT DR,1538,,
ESTADOS UNIDOS,OCLEE WASHINGTON,HUMBOLDT PARK,1440 N. HUMBOLDT DR,1539,,
ESTADOS UNIDOS,OCLEE WASHINGTON,HUMBOLDT PARK,1440 N. HUMBOLDT DR,1540,,
ESTADOS UNIDOS,OCLEE WASHINGTON,HUMBOLDT PARK,1440 N. HUMBOLDT DR,1541,,
ESTADOS UNIDOS,OCLEE WASHINGTON,LA LLAJTA BAR & GRILL,"6633 ARLINGTON BLVD, FALLS CHURCH, VA 22042",1542,,
ESTADOS UNIDOS,OCLEE WASHINGTON,LA LLAJTA BAR & GRILL,"6633 ARLINGTON BLVD, FALLS CHURCH, VA 22042",1543,,
ESTADOS UNIDOS,OCLEE WASHINGTON,LA LLAJTA BAR & GRILL,"6633 ARLINGTON BLVD, FALLS CHURCH, VA 22042",1544,,
ESTADOS UNIDOS,OCLEE WASHINGTON,LA LLAJTA BAR & GRILL,"6633 ARLINGTON BLVD, FALLS CHURCH, VA 22042",1545,,
ESTADOS UNIDOS,OCLEE WASHINGTON,LATIN AMERICAN YOUTH CENTER,"1419 COLUMBIA RD NW, WASHINGTON, DC 20009",1546,,
ESTADOS UNIDOS,OCLEE WASHINGTON,LATIN AMERICAN YOUTH CENTER,"1419 COLUMBIA RD NW, WASHINGTON, DC 20009",1547,,
ESTADOS UNIDOS,OCLEE WASHINGTON,LATIN AMERICAN YOUTH CENTER,"1419 COLUMBIA RD NW, WASHINGTON, DC 20009",1548,,
ESTADOS UNIDOS,OCLEE WASHINGTON,PEDIATRIC CLINIC OF MESQUITE,"3230 I-30 SUITE 101, MESQUITE, TX 75150",1549,,
ESTADOS UNIDOS,OCLEE WASHINGTON,PEDIATRIC CLINIC OF MESQUITE,"3230 I-30 SUITE 101, MESQUITE, TX 75150",1550,,
PAÍS,OCLEE,DESCRIPCIÓN,DIRECCIÓN,CCOOLLEEGGIIOO,,
ESTADOS UNIDOS,OCLEE WASHINGTON,PIXEL PUB STUDIO,"714 LAFAYETTE ST. GRETNA LOUISIANA, LA. 70053",1551,,
ESTADOS UNIDOS,OCLEE WASHINGTON,PIXEL PUB STUDIO,"714 LAFAYETTE ST. GRETNA LOUISIANA, LA. 70053",1552,,
ESTADOS UNIDOS,OCLEE WASHINGTON,PIXEL PUB STUDIO,"714 LAFAYETTE ST. GRETNA LOUISIANA, LA. 70053",1553,,
ESTADOS UNIDOS,OCLEE WASHINGTON,SAJHOMA RESTAURANT,"1708 FLEET ST, BALTIMORE, MD 21231",1554,,
ESTADOS UNIDOS,OCLEE WASHINGTON,SAJHOMA RESTAURANT,"1708 FLEET ST, BALTIMORE, MD 21231",1555,,
ESTADOS UNIDOS,OCLEE WASHINGTON,SAJHOMA RESTAURANT,"1708 FLEET ST, BALTIMORE, MD 21231",1556,,
FRANCIA,OCLEE BARCELONA,EMBAJADA DE LA REP. DOMINICANA EN FRANCIA,"20 OAK STREET MOUNT VERNON NY, 10550",0031,,
FRANCIA,OCLEE BARCELONA,EMBAJADA DE LA REP. DOMINICANA EN FRANCIA,"20 OAK STREET MOUNT VERNON NY, 10550",0032,,
FRANCIA,OCLEE BARCELONA,ETINCELLE COWORKING SARL,"2, RUE D'AUSTERLITZ-31000 TOULOUSE, FRANCIA",0036,,
GRECIA,OCLEE MILANO,SALA AYUNTAMIENTO DE ATENAS,"DRAGATSI 1-A, PIREAUS 85 35, B KINOTITA, PIREAUS, ATENAS, GRECIA",0448,,
GUADALUPE,OCLEE SAN MARTIN,CENTRE CULTUREL REMY NAINSOUTA,"BOULEVARD LÉGITIMUS, 97110 POINTE A PITRE",1471,,
GUADALUPE,OCLEE SAN MARTIN,CENTRE CULTUREL REMY NAINSOUTA,"BOULEVARD LÉGITIMUS, 97110 POINTE A PITRE",1472,,
GUADALUPE,OCLEE SAN MARTIN,CENTRE CULTUREL REMY NAINSOUTA,"BOULEVARD LÉGITIMUS, 97110 POINTE A PITRE",1473,,
GUAYANA FRANCESA,OCLEE CURAZAO,ECOLE GAETAN HERMINE,RONJON RUE BARTHELEMY,0199,,
GUAYANA FRANCESA,OCLEE CURAZAO,ECOLE GAETAN HERMINE,RONJON RUE BARTHELEMY,0200,,
GUAYANA FRANCESA,OCLEE CURAZAO,ECOLE GAETAN HERMINE,RONJON RUE BARTHELEMY,0201,,
GUAYANA FRANCESA,OCLEE CURAZAO,ECOLE GAETAN HERMINE,RONJON RUE BARTHELEMY,0202,,
INGLATERRA,OCLEE MADRID,LATIN AMERICAN HOUSE,"10 KINGSGATE PLACE, LONDON, NW6 4TA",0345,,
INGLATERRA,OCLEE MADRID,LATIN AMERICAN HOUSE,"10 KINGSGATE PLACE, LONDON, NW6 4TA",0346,,
ISLAS TURCAS Y CAICOS,OCLEE PUERTO RICO,GUSTAVUS LIGHTBOURN SPORTS CENTRE,DOWNTOWN PROVIDENCIALES,1465,,
ISLAS TURCAS Y CAICOS,OCLEE PUERTO RICO,GUSTAVUS LIGHTBOURN SPORTS CENTRE,DOWNTOWN PROVIDENCIALES,1466,,
ISLAS TURCAS Y CAICOS,OCLEE PUERTO RICO,GUSTAVUS LIGHTBOURN SPORTS CENTRE,DOWNTOWN PROVIDENCIALES,1467,,
ISLAS VIRGENES BRI- TANICAS,OCLEE PUERTO RICO,"IGLESA DE DIOS PROFECIA,COMUNIDADA DE AMOR",MAIN STEET ROAD TOWN TORTOLA BRITISH VI,1468,,
ISLAS VIRGENES BRI- TANICAS,OCLEE PUERTO RICO,"IGLESA DE DIOS PROFECIA,COMUNIDADA DE AMOR",MAIN STEET ROAD TOWN TORTOLA BRITISH VI,1469,,
ISLAS VIRGENES DE USA,OCLEE PUERTO RICO,CHARLOTTE AMELIE HIGH SCHOOL,8 AND 9 ALTON ADAMS ST. THOMAS VI,1419,,
ISLAS VIRGENES DE USA,OCLEE PUERTO RICO,CHARLOTTE AMELIE HIGH SCHOOL,8 AND 9 ALTON ADAMS ST. THOMAS VI,1420,,
ISLAS VIRGENES DE USA,OCLEE PUERTO RICO,CHARLOTTE AMELIE HIGH SCHOOL,8 AND 9 ALTON ADAMS ST. THOMAS VI,1421,,
ISLAS VIRGENES DE USA,OCLEE PUERTO RICO,MANA RESTAURANT,"QUEEN MARY HWY,CHRISTIANSTED ST CROIX",1470,,
ITALIA,OCLEE MILANO,ANTIGUA SEDE CONSULAR,"PIAZZA STAMIRA, 10 60121 ANCONA, ITALIA",0432,,
ITALIA,OCLEE MILANO,ASOCIACION DOMINICANA EN ABRUZZO,"ASOCIACION DOMINICANA EN ABRUZZO - VIA AVEZZANO, 44 66100 CHI- ETI, ITALIA",0433,,
ITALIA,OCLEE MILANO,SALA COMUNAL DE LA SPEZIA,"LARGO ANTONIO VIVALDI, 19122, FOSSITERMI, LA SPEZIA",0434,,
ITALIA,OCLEE MILANO,SALA COMUNAL DE LA SPEZIA,"LARGO ANTONIO VIVALDI, 19122, FOSSITERMI, LA SPEZIA",0435,,
ITALIA,OCLEE MILANO,SALA COMUNAL DE LA SPEZIA,"LARGO ANTONIO VIVALDI, 19122, FOSSITERMI, LA SPEZIA",0436,,
ITALIA,OCLEE MILANO,SALA COMUNAL DE LA SPEZIA,"LARGO ANTONIO VIVALDI, 19122, FOSSITERMI, LA SPEZIA",0437,,
ITALIA,OCLEE MILANO,CENTRO CIVICO DE VICENZA,"VIA DE NICOLA, 8, 36100 VICENZA",0438,,
ITALIA,OCLEE MILANO,CENTRO CIVICO DE VICENZA,"VIA DE NICOLA, 8, 36100 VICENZA",0439,,
ITALIA,OCLEE MILANO,CAMERA DEL LAVORO,"VIA DANDOLO, 4 31100 TREVISO, ITALIA",0440,,
ITALIA,OCLEE MILANO,CAMERA DEL LAVORO,"VIA DANDOLO, 4 31100 TREVISO, ITALIA",0441,,
ITALIA,OCLEE MILANO,CENTRO CIVICO DE COMO,"VIA COLLEGIO DEI DOTTORI, 9, 22100, COMO",0442,,
ITALIA,OCLEE MILANO,CENTRO CIVICO DE COMO,"VIA COLLEGIO DEI DOTTORI, 9, 22100, COMO",0443,,
ITALIA,OCLEE MILANO,CENTRO INTERCULTURALE ZONARELLI,"CENTRO INTERCULTURALE ZONARELLI - VIA GIOVANNI ANTONIO SACCO, 14 40127 BOLOGNA, ITALIA",0444,,
ITALIA,OCLEE MILANO,CENTRO INTERCULTURALE ZONARELLI,"CENTRO INTERCULTURALE ZONARELLI - VIA GIOVANNI ANTONIO SACCO, 14 40127 BOLOGNA, ITALIA",0445,,
ITALIA,OCLEE MILANO,CIRCOLO DELL'AUTORITA PORTUALE,"CIRCOLO DELL'AUTORITA PORTUALE - VIA ARIBERTO ALBERTAZZI, 3 16149 GENOVA, ITALIA",0446,,
ITALIA,OCLEE MILANO,CIRCOLO DELL'AUTORITA PORTUALE,"CIRCOLO DELL'AUTORITA PORTUALE - VIA ARIBERTO ALBERTAZZI, 3 16149 GENOVA, ITALIA",0447,,
ITALIA,OCLEE MILANO,HOTEL MIRAGE FLORENCE,"VIA FRANCESCO BARACCA, 231/18, 50127 FIRENZE",0449,,
ITALIA,OCLEE MILANO,HOTEL MIRAGE FLORENCE,"VIA FRANCESCO BARACCA, 231/18, 50127 FIRENZE",0450,,
PAÍS,OCLEE,DESCRIPCIÓN,DIRECCIÓN,CCOOLLEEGGIIOO,,
ITALIA,OCLEE MILANO,MILANO FORUM,"MILANO FORUM - VIA GIUSEPPE DI VITTORIO, 6 20057 MILANO, ITALIA",0451,,
ITALIA,OCLEE MILANO,MILANO FORUM,"MILANO FORUM - VIA GIUSEPPE DI VITTORIO, 6 20057 MILANO, ITALIA",0452,,
ITALIA,OCLEE MILANO,MILANO FORUM,"MILANO FORUM - VIA GIUSEPPE DI VITTORIO, 6 20057 MILANO, ITALIA",0453,,
ITALIA,OCLEE MILANO,MILANO FORUM,"MILANO FORUM - VIA GIUSEPPE DI VITTORIO, 6 20057 MILANO, ITALIA",0454,,
ITALIA,OCLEE MILANO,MILANO FORUM,"MILANO FORUM - VIA GIUSEPPE DI VITTORIO, 6 20057 MILANO, ITALIA",0455,,
ITALIA,OCLEE MILANO,PALARAVIZZA,"PALARAVIZZA - VIA CLAUDIO TREVES, 22 27100 PAVIA, ITALIA",0456,,
ITALIA,OCLEE MILANO,PALARAVIZZA,"PALARAVIZZA - VIA CLAUDIO TREVES, 22 27100 PAVIA, ITALIA",0457,,
ITALIA,OCLEE MILANO,PATRONATO INAPI,"PATRONATO INAPI - VIA SAGRA DI SAN MICHELE, 53 10139 TORINO, ITALIA",0458,,
ITALIA,OCLEE MILANO,PATRONATO INAPI,"PATRONATO INAPI - VIA SAGRA DI SAN MICHELE, 53 10139 TORINO, ITALIA",0459,,
ITALIA,OCLEE MILANO,SALA FERDINANDO GIAVARINI,"CTE, VIA CAPRERA, 17, 24127, BERGAMO",0460,,
ITALIA,OCLEE MILANO,SALA FERDINANDO GIAVARINI,"CTE, VIA CAPRERA, 17, 24127, BERGAMO",0461,,
ITALIA,OCLEE MILANO,CENTRO CIVICO SAN ROCCO,"VIA D´ANNUNZIO, 35, 20900, MONZA E BRIANZA",0462,,
ITALIA,OCLEE MILANO,SALA COMUNAL,"PALAZZO SAN GIACOMO, PIAZZA MUNICIPIO, 80133 NAPOLI (NA)",0463,,
ITALIA,OCLEE MILANO,SALA COMUNAL,"PALAZZO SAN GIACOMO, PIAZZA MUNICIPIO, 80133 NAPOLI (NA)",0464,,
ITALIA,OCLEE MILANO,SALA COMUNAL,"PALAZZO SAN GIACOMO, PIAZZA MUNICIPIO, 80133 NAPOLI (NA)",0465,,
ITALIA,OCLEE MILANO,SALA COMUNAL,"P.ZZA. S. GIOVANNI PAOLO 1, 05100 (TN)",0466,,
ITALIA,OCLEE MILANO,AYUNTAMIENTO DE UDINE,"SALA ""A"", VIA PRADAMANO, 21, 33100 UDINE",0467,,
ITALIA,OCLEE MILANO,CENTRO D´INCONTRO CAV. FERRUCCIO SORANZO,"VIA ORIANI, 121, 21100, VARESE",0468,,
ITALIA,OCLEE MILANO,CENTRO D´INCONTRO CAV. FERRUCCIO SORANZO,"VIA ORIANI, 121, 21100, VARESE",0469,,
ITALIA,OCLEE MILANO,SALA COMUNA DE VERCELLI,"PIAZZA MUNICIPIO, 2, 13100, VERCELLI",0470,,
ITALIA,OCLEE MILANO,SALA COMUNA DE VERCELLI,"PIAZZA MUNICIPIO, 2, 13100, VERCELLI",0471,,
ITALIA,OCLEE MILANO,SALA CONFERENZE STADIO,"VIA BRUNELLESCHI, 12, 37138, VERONA",0472,,
ITALIA,OCLEE MILANO,SALA CONFERENZE STADIO,"VIA BRUNELLESCHI, 12, 37138, VERONA",0473,,
ITALIA,OCLEE MILANO,SALA CIVICA BIZZOZERO,"SALA CIVICA BIZZOZERO - VIA ANTONIO BIZZOZERO, 3-5 43123 PARMA, ITALIA",0474,,
ITALIA,OCLEE MILANO,SALA CIVICA BIZZOZERO,"SALA CIVICA BIZZOZERO - VIA ANTONIO BIZZOZERO, 3-5 43123 PARMA, ITALIA",0475,,
ITALIA,OCLEE MILANO,SCUOLA MONTE CALVARIO,"SCUOLA MONTE CALVARIO - VIA SAN QUINTINO, 4 00185 ROMA, ITALIA",0476,,
ITALIA,OCLEE MILANO,SCUOLA MONTE CALVARIO,"SCUOLA MONTE CALVARIO - VIA SAN QUINTINO, 4 00185 ROMA, ITALIA",0477,,
ITALIA,OCLEE MILANO,SCUOLA MONTE CALVARIO,"SCUOLA MONTE CALVARIO - VIA SAN QUINTINO, 4 00185 ROMA, ITALIA",0478,,
ITALIA,OCLEE MILANO,SALA COMUNAL DE MASSA-CARRARA,"VIA LUNI, 24, 54033, AVENZA, CARRARA",0479,,
LUXEMBURGO,OCLEE HOLANDA,CENTRE CULTUREL SOCIETAIRE GARE,"29, RUE DE STRASBOURG",0224,,
MARTINICA,OCLEE SAN MARTIN,ELEMENTAIRE J.B ROUAM SIM,PLACE ABBÉ GRÉGOIRE TERRES-SAINVILLE - 97200,1475,,
MEXICO,OCLEE ORLANDO,EMBAJADA DE LA REP.DOMINICANA EN MEXICO,"PASEO LOMAS ALTAS, NO. 132, COLONIA LOMAS ALTAS, ALCALDÍA MIGUEL HIDALGO, MÉXICO, MÉXICO, C. P. 11950",1199,,
MEXICO,OCLEE ORLANDO,EMBAJADA DE LA REP.DOMINICANA EN MEXICO,"PASEO LOMAS ALTAS, NO. 132, COLONIA LOMAS ALTAS, ALCALDÍA MIGUEL HIDALGO, MÉXICO, MÉXICO, C. P. 11950",1200,,
PAÍSES BAJOS,OCLEE HOLANDA,BABYLON HOTEL,BEZUIDENHOUTSEWEG 53,0219,,
PAÍSES BAJOS,OCLEE HOLANDA,MBO COLLEGE ZUIDOOST ROC VAN AM- STERDAM,"FRAIJLEMABORG NO. 135, 1102 CV AMSTERDAM",0225,,
PAÍSES BAJOS,OCLEE HOLANDA,MBO COLLEGE ZUIDOOST ROC VAN AM- STERDAM,"FRAIJLEMABORG NO. 135, 1102 CV AMSTERDAM",0226,,
PAÍSES BAJOS,OCLEE HOLANDA,MBO COLLEGE ZUIDOOST ROC VAN AM- STERDAM,"FRAIJLEMABORG NO. 135, 1102 CV AMSTERDAM",0227,,
PAÍSES BAJOS,OCLEE HOLANDA,WMO RADAR - HUIS VAN DE WIJK MILLINX- PARKHUIS,"MILLINXSTRAAT NO. 69, 3081 PE ROTTERDAM",0228,,
PAÍSES BAJOS,OCLEE HOLANDA,WMO RADAR - HUIS VAN DE WIJK MILLINX- PARKHUIS,"MILLINXSTRAAT NO. 69, 3081 PE ROTTERDAM",0229,,
PANAMA,OCLEE PANAMA,INSTITUTO JOSE DOLORES MOSCOTE,PARQUE LEFEVRE. AVENIDA 3B SUR.,1228,,
PANAMA,OCLEE PANAMA,INSTITUTO JOSE DOLORES MOSCOTE,PARQUE LEFEVRE. AVENIDA 3B SUR.,1229,,
PANAMA,OCLEE PANAMA,INSTITUTO JOSE DOLORES MOSCOTE,PARQUE LEFEVRE. AVENIDA 3B SUR.,1230,,
PANAMA,OCLEE PANAMA,INSTITUTO JOSE DOLORES MOSCOTE,PARQUE LEFEVRE. AVENIDA 3B SUR.,1231,,
PANAMA,OCLEE PANAMA,INSTITUTO JOSE DOLORES MOSCOTE,PARQUE LEFEVRE. AVENIDA 3B SUR.,1232,,
PANAMA,OCLEE PANAMA,INSTITUTO JOSE DOLORES MOSCOTE,PARQUE LEFEVRE. AVENIDA 3B SUR.,1233,,
PANAMA,OCLEE PANAMA,INSTITUTO JOSE DOLORES MOSCOTE,PARQUE LEFEVRE. AVENIDA 3B SUR.,1234,,
PAÍS,OCLEE,DESCRIPCIÓN,DIRECCIÓN,CCOOLLEEGGIIOO,,
PANAMA,OCLEE PANAMA,INSTITUTO JOSE DOLORES MOSCOTE,PARQUE LEFEVRE. AVENIDA 3B SUR.,1236,,
PANAMA,OCLEE PANAMA,INSTITUTO JOSE DOLORES MOSCOTE,PARQUE LEFEVRE. AVENIDA 3B SUR.,1237,,
PANAMA,OCLEE PANAMA,INSTITUTO JOSE DOLORES MOSCOTE,PARQUE LEFEVRE. AVENIDA 3B SUR.,1238,,
PANAMA,OCLEE PANAMA,INSTITUTO JOSE DOLORES MOSCOTE,PARQUE LEFEVRE. AVENIDA 3B SUR.,1239,,
PANAMA,OCLEE PANAMA,INSTITUTO JOSE DOLORES MOSCOTE,PARQUE LEFEVRE. AVENIDA 3B SUR.,1240,,
PANAMA,OCLEE PANAMA,INSTITUTO JOSE DOLORES MOSCOTE,PARQUE LEFEVRE. AVENIDA 3B SUR.,1241,,
PANAMA,OCLEE PANAMA,INSTITUTO JOSE DOLORES MOSCOTE,PARQUE LEFEVRE. AVENIDA 3B SUR.,1242,,
PANAMA,OCLEE PANAMA,ESCUELA REPUBLICA DE BOLIVIA,"COLON, CALLE 12",1247,,
PANAMA,OCLEE PANAMA,ESCUELA REPUBLICA DE BOLIVIA,"COLON, CALLE 12",1248,,
PANAMA,OCLEE PANAMA,ESCUELA ROBERTO FRANCISCO CHIARI,"PANAMA OESTE, ARRAIJAN, VISTA ALEGRE CALLE 1RA",1249,,
PANAMA,OCLEE PANAMA,ESCUELA ROBERTO FRANCISCO CHIARI,"PANAMA OESTE, ARRAIJAN, VISTA ALEGRE CALLE 1RA",1250,,
PANAMA,OCLEE PANAMA,ESCUELA ROBERTO FRANCISCO CHIARI,"PANAMA OESTE, ARRAIJAN, VISTA ALEGRE CALLE 1RA",1251,,
PANAMA,OCLEE PANAMA,ESCUELA ROBERTO FRANCISCO CHIARI,"PANAMA OESTE, ARRAIJAN, VISTA ALEGRE CALLE 1RA",1252,,
PERU,OCLEE CHILE,EMBAJADA DE LA REP.DOMINICANA EN PERU,"LOS ÁLAMOS 562, SAN ISIDRO, LIMA",0182,,
PUERTO RICO,OCLEE PUERTO RICO,CANCHA BAJO TECHO SECTOR MONTE VERDE,C/21 BARRIO SAN ISIDRO AL LADO DE LA IGLESIA PENTECOSTAL DE CANOVANAS 00729 PR,1386,,
PUERTO RICO,OCLEE PUERTO RICO,CANCHA BAJO TECHO SECTOR MONTE VERDE,C/21 BARRIO SAN ISIDRO AL LADO DE LA IGLESIA PENTECOSTAL DE CANOVANAS 00729 PR,1387,,
PUERTO RICO,OCLEE PUERTO RICO,CANCHA BAJO TECHO SECTOR MONTE VERDE,C/21 BARRIO SAN ISIDRO AL LADO DE LA IGLESIA PENTECOSTAL DE CANOVANAS 00729 PR,1388,,
PUERTO RICO,OCLEE PUERTO RICO,CANCHA DE VOLEIBOL DOMINGO LULO GONZALEZ,"C/24 CENTRO RECREATIVO,CAROLINA PR 00985",1389,,
PUERTO RICO,OCLEE PUERTO RICO,CANCHA DE VOLEIBOL DOMINGO LULO GONZALEZ,"C/24 CENTRO RECREATIVO,CAROLINA PR 00985",1390,,
PUERTO RICO,OCLEE PUERTO RICO,CANCHA DE VOLEIBOL DOMINGO LULO GONZALEZ,"C/24 CENTRO RECREATIVO,CAROLINA PR 00985",1391,,
PUERTO RICO,OCLEE PUERTO RICO,CANCHA DE VOLEIBOL DOMINGO LULO GONZALEZ,"C/24 CENTRO RECREATIVO,CAROLINA PR 00985",1392,,
PUERTO RICO,OCLEE PUERTO RICO,CANCHA DE VOLEIBOL DOMINGO LULO GONZALEZ,"C/24 CENTRO RECREATIVO,CAROLINA PR 00985",1393,,
PUERTO RICO,OCLEE PUERTO RICO,CANCHA DE VOLEIBOL DOMINGO LULO GONZALEZ,"C/24 CENTRO RECREATIVO,CAROLINA PR 00985",1394,,
PUERTO RICO,OCLEE PUERTO RICO,CANCHA DE VOLEIBOL DOMINGO LULO GONZALEZ,"C/24 CENTRO RECREATIVO,CAROLINA PR 00985",1395,,
PUERTO RICO,OCLEE PUERTO RICO,CASA DOMINICANA,2055 C/SAGRADO CORAZON DE JESUS SAN JUAN 00915,1396,,
PUERTO RICO,OCLEE PUERTO RICO,CASA DOMINICANA,2055 C/SAGRADO CORAZON DE JESUS SAN JUAN 00915,1397,,
PUERTO RICO,OCLEE PUERTO RICO,CASA DOMINICANA,2055 C/SAGRADO CORAZON DE JESUS SAN JUAN 00915,1398,,
PUERTO RICO,OCLEE PUERTO RICO,CASA DOMINICANA,2055 C/SAGRADO CORAZON DE JESUS SAN JUAN 00915,1399,,
PUERTO RICO,OCLEE PUERTO RICO,CASA DOMINICANA,2055 C/SAGRADO CORAZON DE JESUS SAN JUAN 00915,1400,,
PUERTO RICO,OCLEE PUERTO RICO,CASA DOMINICANA,2055 C/SAGRADO CORAZON DE JESUS SAN JUAN 00915,1401,,
PUERTO RICO,OCLEE PUERTO RICO,CASA DOMINICANA,2055 C/SAGRADO CORAZON DE JESUS SAN JUAN 00915,1402,,
PUERTO RICO,OCLEE PUERTO RICO,CASA DOMINICANA,2055 C/SAGRADO CORAZON DE JESUS SAN JUAN 00915,1403,,
PUERTO RICO,OCLEE PUERTO RICO,CASA DOMINICANA,2055 C/SAGRADO CORAZON DE JESUS SAN JUAN 00915,1404,,
PUERTO RICO,OCLEE PUERTO RICO,CASA DOMINICANA,2055 C/SAGRADO CORAZON DE JESUS SAN JUAN 00915,1405,,
PUERTO RICO,OCLEE PUERTO RICO,CASA DOMINICANA,2055 C/SAGRADO CORAZON DE JESUS SAN JUAN 00915,1406,,
PUERTO RICO,OCLEE PUERTO RICO,CASA DOMINICANA,2055 C/SAGRADO CORAZON DE JESUS SAN JUAN 00915,1407,,
PUERTO RICO,OCLEE PUERTO RICO,CASA DOMINICANA,2055 C/SAGRADO CORAZON DE JESUS SAN JUAN 00915,1408,,
PUERTO RICO,OCLEE PUERTO RICO,CASA DOMINICANA,2055 C/SAGRADO CORAZON DE JESUS SAN JUAN 00915,1409,,
PUERTO RICO,OCLEE PUERTO RICO,CASA DOMINICANA,2055 C/SAGRADO CORAZON DE JESUS SAN JUAN 00915,1410,,
PUERTO RICO,OCLEE PUERTO RICO,CASA DOMINICANA,2055 C/SAGRADO CORAZON DE JESUS SAN JUAN 00915,1411,,
PUERTO RICO,OCLEE PUERTO RICO,CASA DOMINICANA,2055 C/SAGRADO CORAZON DE JESUS SAN JUAN 00915,1412,,
PUERTO RICO,OCLEE PUERTO RICO,CASA DOMINICANA,2055 C/SAGRADO CORAZON DE JESUS SAN JUAN 00915,1413,,
PUERTO RICO,OCLEE PUERTO RICO,CASA DOMINICANA,2055 C/SAGRADO CORAZON DE JESUS SAN JUAN 00915,1414,,
PUERTO RICO,OCLEE PUERTO RICO,CENTRO DE ACTIVIDADES JESUSA MATIAS MONTAÑEZ,"CALLE PARQUE N, TOA BAJA, 00949, PUERTO RICO",1415,,
PUERTO RICO,OCLEE PUERTO RICO,CENTRO DE ACTIVIDADES JESUSA MATIAS MONTAÑEZ,"CALLE PARQUE N, TOA BAJA, 00949, PUERTO RICO",1416,,
PAÍS,OCLEE,DESCRIPCIÓN,DIRECCIÓN,CCOOLLEEGGIIOO,,
PUERTO RICO,OCLEE PUERTO RICO,CENTRO DE ACTIVIDADES JESUSA MATIAS MONTAÑEZ,"CALLE PARQUE N, TOA BAJA, 00949, PUERTO RICO",1418,,
PUERTO RICO,OCLEE PUERTO RICO,COLEGIO UNIVERSITARIO,180 AV. JOSE OLIVER SAN JUAN PR 00918,1422,,
PUERTO RICO,OCLEE PUERTO RICO,COLEGIO UNIVERSITARIO,180 AV. JOSE OLIVER SAN JUAN PR 00918,1423,,
PUERTO RICO,OCLEE PUERTO RICO,COLEGIO UNIVERSITARIO,180 AV. JOSE OLIVER SAN JUAN PR 00918,1424,,
PUERTO RICO,OCLEE PUERTO RICO,COLEGIO UNIVERSITARIO,180 AV. JOSE OLIVER SAN JUAN PR 00918,1425,,
PUERTO RICO,OCLEE PUERTO RICO,COLEGIO UNIVERSITARIO,180 AV. JOSE OLIVER SAN JUAN PR 00918,1426,,
PUERTO RICO,OCLEE PUERTO RICO,COLEGIO UNIVERSITARIO,180 AV. JOSE OLIVER SAN JUAN PR 00918,1427,,
PUERTO RICO,OCLEE PUERTO RICO,COLEGIO UNIVERSITARIO,180 AV. JOSE OLIVER SAN JUAN PR 00918,1428,,
PUERTO RICO,OCLEE PUERTO RICO,COLEGIO UNIVERSITARIO,180 AV. JOSE OLIVER SAN JUAN PR 00918,1429,,
PUERTO RICO,OCLEE PUERTO RICO,COLEGIO UNIVERSITARIO,180 AV. JOSE OLIVER SAN JUAN PR 00918,1430,,
PUERTO RICO,OCLEE PUERTO RICO,COLEGIO UNIVERSITARIO,180 AV. JOSE OLIVER SAN JUAN PR 00918,1431,,
PUERTO RICO,OCLEE PUERTO RICO,COLEGIO UNIVERSITARIO,180 AV. JOSE OLIVER SAN JUAN PR 00918,1432,,
PUERTO RICO,OCLEE PUERTO RICO,COLEGIO UNIVERSITARIO,180 AV. JOSE OLIVER SAN JUAN PR 00918,1433,,
PUERTO RICO,OCLEE PUERTO RICO,COLEGIO UNIVERSITARIO,180 AV. JOSE OLIVER SAN JUAN PR 00918,1434,,
PUERTO RICO,OCLEE PUERTO RICO,COLEGIO UNIVERSITARIO,180 AV. JOSE OLIVER SAN JUAN PR 00918,1435,,
PUERTO RICO,OCLEE PUERTO RICO,COLEGIO UNIVERSITARIO,180 AV. JOSE OLIVER SAN JUAN PR 00918,1436,,
PUERTO RICO,OCLEE PUERTO RICO,COLISEO PEDRIN ZORRILLA,"AV. FRANKLIN DELANO ROOSEVELT, SAN JUAN PR00920",1437,,
PUERTO RICO,OCLEE PUERTO RICO,COLISEO PEDRIN ZORRILLA,"AV. FRANKLIN DELANO ROOSEVELT, SAN JUAN PR00920",1438,,
PUERTO RICO,OCLEE PUERTO RICO,COLISEO PEDRIN ZORRILLA,"AV. FRANKLIN DELANO ROOSEVELT, SAN JUAN PR00920",1439,,
PUERTO RICO,OCLEE PUERTO RICO,COLISEO PEDRIN ZORRILLA,"AV. FRANKLIN DELANO ROOSEVELT, SAN JUAN PR00920",1440,,
PUERTO RICO,OCLEE PUERTO RICO,COLISEO PEDRIN ZORRILLA,"AV. FRANKLIN DELANO ROOSEVELT, SAN JUAN PR00920",1441,,
PUERTO RICO,OCLEE PUERTO RICO,COLISEO PEDRIN ZORRILLA,"AV. FRANKLIN DELANO ROOSEVELT, SAN JUAN PR00920",1442,,
PUERTO RICO,OCLEE PUERTO RICO,COLISEO PEDRIN ZORRILLA,"AV. FRANKLIN DELANO ROOSEVELT, SAN JUAN PR00920",1443,,
PUERTO RICO,OCLEE PUERTO RICO,COLISEO PEDRIN ZORRILLA,"AV. FRANKLIN DELANO ROOSEVELT, SAN JUAN PR00920",1444,,
PUERTO RICO,OCLEE PUERTO RICO,COLISEO PEDRIN ZORRILLA,"AV. FRANKLIN DELANO ROOSEVELT, SAN JUAN PR00920",1445,,
PUERTO RICO,OCLEE PUERTO RICO,COLISEO PEDRIN ZORRILLA,"AV. FRANKLIN DELANO ROOSEVELT, SAN JUAN PR00920",1446,,
PUERTO RICO,OCLEE PUERTO RICO,COLISEO PEDRIN ZORRILLA,"AV. FRANKLIN DELANO ROOSEVELT, SAN JUAN PR00920",1447,,
PUERTO RICO,OCLEE PUERTO RICO,COLISEO PEDRIN ZORRILLA,"AV. FRANKLIN DELANO ROOSEVELT, SAN JUAN PR00920",1448,,
PUERTO RICO,OCLEE PUERTO RICO,COLISEO PEDRIN ZORRILLA,"AV. FRANKLIN DELANO ROOSEVELT, SAN JUAN PR00920",1449,,
PUERTO RICO,OCLEE PUERTO RICO,COLISEO PEDRIN ZORRILLA,"AV. FRANKLIN DELANO ROOSEVELT, SAN JUAN PR00920",1450,,
PUERTO RICO,OCLEE PUERTO RICO,COLISEO PEDRIN ZORRILLA,"AV. FRANKLIN DELANO ROOSEVELT, SAN JUAN PR00920",1451,,
PUERTO RICO,OCLEE PUERTO RICO,CONSULADO DOMINICANO MAYAGUEZ,C/LA CANDELARIA NUM.20 MAYAGUEZ PR00680,1452,,
PUERTO RICO,OCLEE PUERTO RICO,CONSULADO DOMINICANO MAYAGUEZ,C/LA CANDELARIA NUM.20 MAYAGUEZ PR00680,1453,,
PUERTO RICO,OCLEE PUERTO RICO,CONSULADO DOMINICANO MAYAGUEZ,C/LA CANDELARIA NUM.20 MAYAGUEZ PR00680,1454,,
PUERTO RICO,OCLEE PUERTO RICO,ESTADIO JUAN RAMON LOUBRIEL,"LOUBRIEL C/ESTADIO,BAYAMON 00959.P.R.",1455,,
PUERTO RICO,OCLEE PUERTO RICO,ESTADIO JUAN RAMON LOUBRIEL,"LOUBRIEL C/ESTADIO,BAYAMON 00959.P.R.",1456,,
PUERTO RICO,OCLEE PUERTO RICO,ESTADIO JUAN RAMON LOUBRIEL,"LOUBRIEL C/ESTADIO,BAYAMON 00959.P.R.",1457,,
PUERTO RICO,OCLEE PUERTO RICO,ESTADIO JUAN RAMON LOUBRIEL,"LOUBRIEL C/ESTADIO,BAYAMON 00959.P.R.",1458,,
PUERTO RICO,OCLEE PUERTO RICO,ESTADIO JUAN RAMON LOUBRIEL,"LOUBRIEL C/ESTADIO,BAYAMON 00959.P.R.",1459,,
PAÍS,OCLEE,DESCRIPCIÓN,DIRECCIÓN,CCOOLLEEGGIIOO,,
PUERTO RICO,OCLEE PUERTO RICO,ESTADIO YLDEFONSO SOLA MORALES,"36-50 C/ JUPITER, CAGUAS 00725",1461,,
PUERTO RICO,OCLEE PUERTO RICO,ESTADIO YLDEFONSO SOLA MORALES,"36-50 C/ JUPITER, CAGUAS 00725",1462,,
PUERTO RICO,OCLEE PUERTO RICO,ESTADIO YLDEFONSO SOLA MORALES,"36-50 C/ JUPITER, CAGUAS 00725",1463,,
PUERTO RICO,OCLEE PUERTO RICO,ESTADIO YLDEFONSO SOLA MORALES,"36-50 C/ JUPITER, CAGUAS 00725",1464,,
SAN MARTIN,OCLEE SAN MARTIN,ECOLE PIMARIE ALINE HANSON,ROUTE SANDY GROUND SANDY GROUND - 97150 SAINT-MARTIN,1474,,
SAN MARTIN,OCLEE SAN MARTIN,JHON LARMONIE CENTER,"LONG WALL RD #20, POND FILL",1476,,
SAN MARTIN,OCLEE SAN MARTIN,JHON LARMONIE CENTER,"LONG WALL RD #20, POND FILL",1477,,
SAN MARTIN,OCLEE SAN MARTIN,JHON LARMONIE CENTER,"LONG WALL RD #20, POND FILL",1478,,
SAN MARTIN,OCLEE SAN MARTIN,JHON LARMONIE CENTER,"LONG WALL RD #20, POND FILL",1479,,
SAN MARTIN,OCLEE SAN MARTIN,JHON LARMONIE CENTER,"LONG WALL RD #20, POND FILL",1480,,
SAN MARTIN,OCLEE SAN MARTIN,JHON LARMONIE CENTER,"LONG WALL RD #20, POND FILL",1481,,
SAN MARTIN,OCLEE SAN MARTIN,JHON LARMONIE CENTER,"LONG WALL RD #20, POND FILL",1482,,
SAN MARTIN,OCLEE SAN MARTIN,JHON LARMONIE CENTER,"LONG WALL RD #20, POND FILL",1483,,
SUIZA,OCLEE ZURICH,BELLINZONA - CASA DEL POPOLO,"VIALE STAZIONE 31, 6500 BELLINZONA",1557,,
SUIZA,OCLEE ZURICH,EMBAJADA DE LA REP. DOMINICANA EN BERNA,"WELTPOSTSTRASSE 4, 3015, BERNA",1559,,
SUIZA,OCLEE ZURICH,GEMEINSCHAFTSZENTRUM I,"GIRIXWEG 12, 5000, AARAU",1561,,
SUIZA,OCLEE ZURICH,MISION PERMANENTE DE LA REPUBLICA DOMINICANA,"RUE DE LAUSANNE 63, 1202, GINEBRA",1562,,
SUIZA,OCLEE ZURICH,OBC SUISSE,"AESCHENGRABEN 29, 4051, BASEL",1564,,
SUIZA,OCLEE ZURICH,VOLKS HAUS,"STAUFFACHERSTRASSE 60, 8004, ZURICH",1565,,
SUIZA,OCLEE ZURICH,VOLKS HAUS,"STAUFFACHERSTRASSE 60, 8004, ZURICH",1566,,
SUIZA,OCLEE ZURICH,VOLKS HAUS,"STAUFFACHERSTRASSE 60, 8004, ZURICH",1567,,
SUIZA,OCLEE ZURICH,VOLKS HAUS,"STAUFFACHERSTRASSE 60, 8004, ZURICH",1568,,
SUIZA,OCLEE ZURICH,VOLKS HAUS,"STAUFFACHERSTRASSE 60, 8004, ZURICH",1569,,
SUIZA,OCLEE ZURICH,VOLKS HAUS,"STAUFFACHERSTRASSE 60, 8004, ZURICH",1570,,
SUIZA,OCLEE ZURICH,VOLKS HAUS,"STAUFFACHERSTRASSE 60, 8004, ZURICH",1571,,
SUIZA,OCLEE ZURICH,VOLKS HAUS,"STAUFFACHERSTRASSE 60, 8004, ZURICH",1572,,
URUGUAY,OCLEE PANAMA,EMBAJADA RD EN URUGUAY,"DIVINA COMEDIA 1540, 11500 MONTEVIDEO, DEPARTAMENTO DE MONTE- VIDEO, URUGUAY",1245,,
URUGUAY,OCLEE PANAMA,EMBAJADA RD EN URUGUAY,"DIVINA COMEDIA 1540, 11500 MONTEVIDEO, DEPARTAMENTO DE MONTE- VIDEO, URUGUAY",1246,,
VENEZUELA,OCLEE VENEZUELA,COMPLEJO EDUCATIVO LICEO ANDRÉS BELLO,"AV. MÉXICO, PARROQUIA LA CANDELARIA",1508,,
VENEZUELA,OCLEE VENEZUELA,COMPLEJO EDUCATIVO LICEO ANDRÉS BELLO,"AV. MÉXICO, PARROQUIA LA CANDELARIA",1509,,
VENEZUELA,OCLEE VENEZUELA,COMPLEJO EDUCATIVO LICEO ANDRÉS BELLO,"AV. MÉXICO, PARROQUIA LA CANDELARIA",1510,,
VENEZUELA,OCLEE VENEZUELA,COMPLEJO EDUCATIVO LICEO ANDRÉS BELLO,"AV. MÉXICO, PARROQUIA LA CANDELARIA",1511,,
VENEZUELA,OCLEE VENEZUELA,COMPLEJO EDUCATIVO LICEO ANDRÉS BELLO,"AV. MÉXICO, PARROQUIA LA CANDELARIA",1512,,
VENEZUELA,OCLEE VENEZUELA,COMPLEJO EDUCATIVO LICEO ANDRÉS BELLO,"AV. MÉXICO, PARROQUIA LA CANDELARIA",1513,,
VENEZUELA,OCLEE VENEZUELA,COMPLEJO EDUCATIVO LICEO ANDRÉS BELLO,"AV. MÉXICO, PARROQUIA LA CANDELARIA",1514,,
VENEZUELA,OCLEE VENEZUELA,COMPLEJO EDUCATIVO LICEO ANDRÉS BELLO,"AV. MÉXICO, PARROQUIA LA CANDELARIA",1515,,
VENEZUELA,OCLEE VENEZUELA,COMPLEJO EDUCATIVO LICEO ANDRÉS BELLO,"AV. MÉXICO, PARROQUIA LA CANDELARIA",1516,,
DISTRITO NACIONAL,DISTRITO NACIONAL,CASA DE LOS AYUNTAMIENTOS DUVERGE/CORREA Y CIDRON LA PAZ,UNIVERSIDAD DOMINICANA O&M AV. INDEPENDENCIA NO. 200 LA FERIA,0218-0218A-0219-0219A-0221-0221A- 0222-0222A-0223-0223A,,
DISTRITO NACIONAL,DISTRITO NACIONAL,CENTRO DE ATENCIÓN PRIMARIA JOSEFA BREA ESQ. PARIS VILLA FRANCISCA,FEDERACIÓN NAC. TRABAJADORES INDUSTRIA DE LA CONSTRUCCIÓN Y MADERA CALLE PARIS NO. 2 VILLA FRANCISCA,0137-0137A,,
DISTRITO NACIONAL,DISTRITO NACIONAL,"CENTRO EDUCATIVO LOS OLMOS AV. INDEPENDENCIA, KM.10 LOS OLMOS","CLUB HONDURAS DEL OESTE C/ F ESQ. D, INVI HONDURAS DEL OESTE",1829,,
DISTRITO NACIONAL,DISTRITO NACIONAL,CENTRO EDUCATIVO LUZ DEL SUR CALLE ALBERT THOMAS NO. 226 LUPERÓN,ESCUELA REPUBLICA DE HAITI JOSEFA BREA NO.119 LUPERÓN,0750-0750A-0750B-0750C,,
DISTRITO NACIONAL,DISTRITO NACIONAL,CENTRO EDUCATIVO MADRE TERESA DE CALCUTA C/ LA JAVILLA ENSANCHE CARMELITA LOS PRADOS,COLEGIO NUESTRA SEÑORA DE LA ALTAGRACIA (CONSA) CALLE AMELIA FRANCISCO ESQ. LORENZO DESPRADEL LOS PRADOS,1971,,
DISTRITO NACIONAL,DISTRITO NACIONAL,CENTRO INF. DE ATENCIÓN INTEGRAL -CONANI FELIZ EVARISTO MEJÍA NO.116 VILLAS AGRÍCOLAS,CENTRO DE JORNADA EXTENDIDA MANUEL AURELIO TAVARES JUSTO C/ FELIZ EVARISTO MEJÍA ESQ. MARIA MONTEZ VILLAS AGRÍCOLAS,0565-0565A-0566-0566A-0567-0567A- 0714-0714A,,
DISTRITO NACIONAL,DISTRITO NACIONAL,CENTRO PARA EL DESARROLLO DE CAPOTILLO CALLE RESPALDO JOSE MARTI NO. 116 CAPOTILLO,"ESCUELA PRIMARIA SALOME UREÑA CALLE 6, ESQ. C/ 16 CAPOTILLO",0857-0857A-0857B-1546,,
DISTRITO NACIONAL,DISTRITO NACIONAL,CLUB 21 DE ENERO CARRETERA LA ISABELA LA ISABELA,CENTRO EDUCATIVO SAN JOSE FE Y ALEGRÍA (LADO ESTE) CALLE CULTURA NO. 2 LA ISABELA,1703-1731,,
DISTRITO NACIONAL,DISTRITO NACIONAL,CLUB DE DOMINO RENACIMIENTO DE GUALEY CALLE 31 NO. 60 GUALEY,"CLUB ASOCIACIÓN DE GRUPO CULTURALES Y DEPORTIVOS DE GUALEY CALLE OSCAR SANTANA NO. 82, GUALEY GUALEY",1933,,
DISTRITO NACIONAL,DISTRITO NACIONAL,CLUB RENACER CALLE SAN MARTIN DE PORRES NO. 1 SAN MARTIN DE PORRES (GUACHUPITA),ESCUELA PRIM. SAN MARTIN DE PORRES CALLE HERMANAS MIRABAL ESQ. ASCANO PEREZ SAN MARTIN DE PORRES (GUACHUPITA),0650-0650A-0651-0651A-0652-0652A,,
DISTRITO NACIONAL,DISTRITO NACIONAL,COLEGIO ELVIRA DE MENDOZA CALLE VIENTOS DEL ESTE ESQ. CALLE CÉFIRO BUENOS AIRES,ESC. ED. BASICA REV. FCO. XAVIER BILLINI AVENIDA CAYETANO GERMOSEN ESQ. ESTHER ROSARIO SAN GABRIEL,1935,,
DISTRITO NACIONAL,DISTRITO NACIONAL,"ESCUELA BASICA LUZ DEL CALVARIO (SODECA) CALLE 43, #28, EL CALICHE,, EL CALICHE, CRISTO REY EL CALICHE, CRISTO REY",ESCUELA PRIMARIA PUERTO ISABELA (NUEVA) AV. PASEO DE LOS REYES CATOLICOS ESQ. JOSÉ ORTEGA Y GASSET CRISTO REY,2041,,
DISTRITO NACIONAL,DISTRITO NACIONAL,"ESTACIÓN DE BOMBEROS CORONEL FRANCISCO DESANGLES AVENIDA CORONEL JUAN MARIA LORA FERNÁNDEZ. ESTACIÓN NO. 4 KM. 7, LOS RÍOS","LICEO PROF. GERMAN MARTINEZ TAVAREZ CALLE SAN CRISTOBAL # 6, LA ESPERANZA KM. 7, LOS RÍOS",1376-1376A-1376B-1376C-1376E- 1376D-1766-1836-1903-1949-2048,,
DISTRITO NACIONAL,DISTRITO NACIONAL,INSTITUTO DE ONCOLOGÍA DR. HERIBERTO PIETER AV. BERNARDO CORREA Y CIDRON NO. 1 CIUDAD UNIVERSITARIA,LICEO EXPERIMENTAL DE LA UASD HUGO TOLENTINO DIPP AVENIDA CORREA Y SIDRÓN CIUDAD UNIVERSITARIA,0189-0189A-0189B-1504-1897,,
DISTRITO NACIONAL,DISTRITO NACIONAL,"JARDINES INFANTILES LOS ARBOLITOS C/ 1RA. NO. 2, ENS. LANNA GAUTIER, CRISTO REY",ESCUELA PARROQUIAL CRISTO REY PROLONGACION AVENIDA TIRADENTES NO. 77 LA AGUSTINA,1835,,
DISTRITO NACIONAL,DISTRITO NACIONAL,MINISTERIO DE EDUCACIÓN AV. MÁXIMO GOMEZ NO. 2 GAZCUE,UNIVERSIDAD TECNOLÓGICA DE SANTIAGO (RECINTO SANTO DOMINGO) AVENIDA MÁXIMO GOMEZ GAZCUE,0155-0155A-0156-0156A-0156B-0157- 0157A,,
DISTRITO NACIONAL,DISTRITO NACIONAL,PALACIO DE BELLAS ARTES AVE. MÁXIMO GOMEZ INDEPENDENCIA ( CIUDAD NUEVA Y GAZCUE ),UNIVERSIDAD TECNOLÓGICA DE SANTIAGO (RECINTO SANTO DOMINGO) AVENIDA MÁXIMO GOMEZ GAZCUE,0148-0148A-0149-0149A-0150-0150A- 0151-0151A-0151B-0152-0152A-0153- 0153A-0154-0154A-0158-0158A-1499,,
LA ALTAGRACIA,HIGUEY,"ESCUELA BÁSICA ESPECIAL NIDO DE AMOR PARAJE LOS RÍOS VILLA PROGRESO, LOS RÍOS",CENTRO EDUCATIVO VILLA PROGRESO PARAJE LOS RÍOS LOS RÍOS,0299,,
LA ALTAGRACIA,HIGUEY,"ESCUELA BÁSICA PEDRO MIR SECTOR SAN MARTIN, SAVICA SAVICA",ESC. PRIM. STA. NORMA ELENA POUERIET CALLE HICAYAGUA SAN MARTIN,0311,,
LA ALTAGRACIA,HIGUEY,ESCUELA CONCEPCIÓN BONA CALLE SEBASTIÁN RIJO CEDEÑO EL PEÑÓN DE GUAMO,ESCUELA PRIMARIA RURAL PARAJE LAS LAGUNAS LAS LAGUNAS,0289,,
LA ALTAGRACIA,HIGUEY,ESCUELA EL LLANO SECTOR BRISAS DEL LLANO BRISAS DEL LLANO,CENTRO EDUCATIVO HERMANAS MIRABAL CALLE HERMANAS MIRABAL BRISAS DEL LLANO,0310,,
LA ALTAGRACIA,HIGUEY,ESCUELA PRIMARIA LA COLORÁ PARAJE RIO LLANO RIO LLANO,ESCUELA BÁSICA CAÑADA HONDA PARAJE CAÑADA HONDA CAÑADA HONDA,0050,,
LA ALTAGRACIA,SAN RAFAEL DEL YUMA,LICEO SECUNDARIO BOCA DE YUMA D.M. BOCA DE YUMA BOCA DE YUMA,CENTRO EDUCATIVO JOHN F. KENNEDY D.M. BOCA DE YUMA BOCA DE YUMA,0031,,
AZUA,PADRE LAS CASAS,ESCUELA PRIMARIA RURAL PARAJE EL TETERO EL TETERO,ESCUELA PRIMARIA RAMON MARIA FERRERAS PARAJE LAS CAÑITAS LAS CAÑITAS,0067,,
AZUA,ESTEBANIA,ESCUELA PRIMARIA RURAL PARAJE RANCHO DEL PINO RANCHO DEL PINO,ESCUELA PRIMARIA RURAL PARAJE LA CHINA LA CHINA,0040,,
BAHORUCO,NEYBA,ESCUELA BASICA JOSE FRANCISCO PEÑA GOMEZ PARAJE CERRO AL MEDIO CERRO AL MEDIO,LICEO MATIAS RAMON MELLA CALLE PROF. BARTOLOME VARGAS CERRO AL MEDIO,0026-0027,,
BAHORUCO,NEYBA,LICEO MANUEL DE JS. GALVÁN C/ CAPOTILLO ESQ. RODOLI BO. EL TEJAR EL TEJAR,ESCUELA BÁSICA ARZOBISPO VALERA AVENIDA 27 DE FEBRERO NO. 2 CENTRO DE LA CIUDAD,0007-0010-0052-0063,,
BAHORUCO,TAMAYO,ESCUELA PRIMARIA APOLINAR PERDOMO CALLE FABIAN MATOS NO. 50 CENTRO DE LA CIUDAD,ESCUELA PRIMARIA ALEYRIS MAGDALENA CALLE SANTA RITA LA ALTAGRACIA,0042,,
BAHORUCO,TAMAYO,ESCUELA PRIMARIA APOLINAR PERDOMO CALLE FABIAN MATOS NO. 50 CENTRO DE LA CIUDAD,LICEO SECUNDARIO MARIA ANTONIA GOMEZ CALLE DUARTE NO.43 CENTRO DE LA CIUDAD,0004A,,
BAHORUCO,TAMAYO,LICEO PROFESOR JUAN BOSCH CALLE SANTA RITA CENTRO DE LA CIUDAD,LICEO SECUNDARIO MARIA ANTONIA GOMEZ CALLE DUARTE NO.43 CENTRO DE LA CIUDAD,0001-0003,,
BAHORUCO,LOS RÍOS,ESCUELA PRIMARIA RURAL PARAJE LOS MOSQUITOS LOS MOSQUITOS,ESCUELA PRIMARIA JACINTO DE LA CONCHA PARAJE EL HIGO DE LA CRUZ EL HIGO DE LA CRUZ,0011,,
BARAHONA,BARAHONA,CATEDRAL NUESTRA SEÑORA DEL ROSARIO CALLE NUESTRA DEL ROSARIO ESQ. DUVERGE CENTRO DE LA CIUDAD,"CENTRO CULTURAL MARIA MONTEZ CALLE JAIME MOTA NO. 26, ESQUINA PADRE BILLINI CENTRO DE LA CIUDAD",0017-0018-0075-0140,,
BARAHONA,BARAHONA,ESCUELA PRIMARIA LISSANDRA APONTE VICENTE PEREZ IMBERT,ESCUELA PRIMARIA LOS LIRIOS CALLE B NO. 20 PUEBLO NUEVO,0149,,
BARAHONA,BARAHONA,INSTITUTO AGRARIO DOMINICANO (IAD) CARRETERA CASANDRA DAMIRÓN ENTRADA BARAHONA,CASA CLUB CODIA CALLE PROFESOR COKI ROSARIO NO. 01 URB. LOS ALTOS DE BLANQUIZALES,0124-0144,,
BARAHONA,BARAHONA,SINDICATO DE ESTIBADORES DE CARGA PESADA CALLE GRAL. SANTIAGO PEGUERO NO.61 CENTRO DE LA CIUDAD,COLEGIO EVANGÉLICO EL NAZARENO CALLE SANCHEZ NO. 03 CENTRO DE LA CIUDAD,0019-0021-0076,,
BARAHONA,CABRAL,"ESCUELA PRIMARIA EL BRISAR PARAJE EL BRISAR, CARRETERA POLO LA CUEVA",ESCUELA PRIMARIA RURAL PARAJE TIERRA BLANCA TIERRA BLANCA,0018,,
BARAHONA,CABRAL,LICEO CARMEN MARTE DE NIN CALLE PROYECTO BARRIO ARRIBA ARRIBA,ESCUELA PRIMARIA RURAL PARAJE TIERRA BLANCA TIERRA BLANCA,0047,,
BARAHONA,POLO,ESCUELA PRIMARIA RURAL PARAJE LOS CHARQUITOS LOS CHARQUITOS,ESCUELA PRIMARIA RURAL PARAJE LAS AUYAMAS LAS AUYAMAS,0017,,
DUARTE,SAN FRANCISCO DE MACORIS,ASOC. CATÓLICA HNAS. MIRABAL CALLE EMILIO PRUD HOMME VENTURA GRULLÓN I,CAPILLA ESPÍRITU SANTO CALLE SAN MIGUEL CASI ESQUINA FABIO FIALLO VENTURA GRULLÓN,0042,,
DUARTE,SAN FRANCISCO DE MACORIS,ASOC. CATÓLICA HNAS. MIRABAL CALLE EMILIO PRUD HOMME VENTURA GRULLÓN I,CAPILLA SAN JUAN CALLE FABIO FIALLO CASI ESQUINA CALLE JOSE REYES HERMANAS MIRABAL,0041,,
DUARTE,SAN FRANCISCO DE MACORIS,CLUB MÁXIMO GOMEZ C/ CRISTINO ZENO ESQ. MELLA PUEBLO NUEVO,CLUB DE LA LIGA ERCILIA PEPÍN C/ CRISTINO ZENO ESQ. MELLA PUEBLO NUEVO,0238,,
DUARTE,SAN FRANCISCO DE MACORÍS,"ESCUELA JUAN ANTONIO ALIX PARAJE LOS ARROYOS, DM CENOVI LOS ARROYOS",ESCUELA CAMILA HENRIQUEZ PARAJE BOMBA CENOVI BOMBA DE CENOVI,0307,,
DUARTE,SAN FRANCISCO DE MACORÍS,"ESCUELA ONÉSIMO JIMENEZ PARAJE LA REFORMA, DM CENOVI LA REFORMA",ESCUELA CAMILA HENRIQUEZ PARAJE BOMBA CENOVI BOMBA DE CENOVI,0306,,
DUARTE,SAN FRANCISCO DE MACORÍS,ESCUELA RURAL BUENA VISTA PARAJE BUENA VISTA BUENA VISTA,ESCUELA PRIMARIA EL GAJO DE LA YUCA PARAJE GAJO DE LA YUCA GAJO DE LA YUCA,0064,,
DUARTE,SAN FRANCISCO DE MACORÍS,ESCUELA SALOME UREÑA HENRIQUEZ PARAJE ARROYO DEL TORO ARROYO DEL TORO,ESCUELA PRIMARIA EL GUINEAL PARAJE EL GUINEAL EL GUINEAL,0158,,
DUARTE,SAN FRANCISCO DE MACORIS,OFICINAS DE OBRAS PUBLICAS AV. FRANK GRULLÓN JOBO BONITO,CLUB SAN MARTIN DE PORRES CALLE 27 DE FEBRERO ESQUINA CALLE IMBERT CENTRO DE LA CIUDAD,0038-0039-0040,,
DUARTE,PIMENTEL,LICEO AGUSTÍN BONILLA CALLE AGUSTÍN BONILLA CENTRO DE LA CIUDAD,ESCUELA PRIMARIA LA ESTANCIA PARAJE LA ESTANCIA LA ESTANCIA,0030-0031,,
DUARTE,CASTILLO,CENTRO COMUNAL GRAL. OLEGARIO TENARES PARAJE YAIBA ABAJO YAIBA ABAJO (PUEBLO VIEJO),ESCUELA PRIMARIA YAIBA ABAJO PARAJE YAIBA ABAJO YAIBA ABAJO (PUEBLO VIEJO),0020,,
DUARTE,EUGENIO MARIA DE HOSTOS,CENTRO COMUNAL EUGENIO M. DE HOSTOS CALLE SAN JOSE #85 CENTRO DE LA CIUDAD,CLUB JUVENTUD 63 CALLE LIBERTAD ESQUINA CALLE GASTÓN F. DELIGNE CENTRO DE LA CIUDAD,0026,,
EL SEIBO,EL SEIBO,ESCUELA PRIMARIA RURAL PARAJE LA GINA LA GINA,ESCUELA PRIMARIA RURAL PARAJE LOS CAFESES LOS CAFESES,0021,,
EL SEIBO,EL SEIBO,ESCUELA PRIMARIA RURAL PARAJE COAMO ARRIBA COAMO ARRIBA,ESCUELA PRIMARIA RURAL PARAJE LAS CUCHILLAS LAS CUCHILLAS,0025,,
EL SEIBO,EL SEIBO,ESCUELA PRIMARIA RURAL SANTA RITA CARRETERA EL SEIBO-HIGUEY SANTA LUCIA KLM. 3,ESCUELA PRIMARIA RURAL PARAJE EL PINTADO EL PINTADO,0105,,
EL SEIBO,MICHES,DISTRITO ESCOLAR CALLE GASPAR POLANCO EL HOSPITAL,LICEO PADRE DANIEL CARRETERA MICHES-BÁVARO CENTRO DE LA CIUDAD,0023,,
EL SEIBO,MICHES,ESCUELA PRIMARIA RURAL PARAJE LA MINA DE ORO LA MINA DE ORO,"ESCUELITA LA MINA DE ORO PARAJE LA MINA DE ORO, PRÓXIMO A LA CANCHA LA MINA DE ORO",0016-0017-0026,,
ELIAS PIÑA,EL LLANO,CENTRO EDUCATIVO NIVEL BÁSICO EL GUANITO PARAJE GUANITO GUANITO,ESCUELA PRIMARIA BÁSICA LOS ARROYOS PARAJE LOS ARROYOS LOS ARROYOS,0016,,
ELIAS PIÑA,JUAN SANTIAGO,CLINICA RURAL DE JUAN SANTIAGO CALLE REMIGIO LORA CENTRO DE LA CIUDAD,IGLESIA CATOLICA SANTIAGO APOSTOL CALLE SAN SANTIAGO NO. 39 ESQUINA CALLE DUARTE CENTRO DE LA CIUDAD,0014-0015,,
ELIAS PIÑA,JUAN SANTIAGO,ESCUELA PRIMARIA MARIA TRINIDAD SANCHEZ CIUDAD CENTRO DE LA CIUDAD,LICEO FRANCISCO DEL ROSARIO SANCHEZ CALLE DUARTE CENTRO DE LA CIUDAD,0001-0012-0012A,,
ESPAILLAT,MOCA,CASA FAMILIAR PARAJE LOS RINCONES LOS RINCONES,ESCUELA PRIMARIA LOS RINCONES PARAJE LOS RINCONES LOS RINCONES,0040-0041,,
ESPAILLAT,MOCA,ESCUELA BERNABÉ FELIX PARAJE BOCA FÉRREA Boca Férrea Abajo,ESCUELA PRIMARIA RURAL PARAJE BOCA FÉRREA BOCA FERREA ABAJO,0302,,
ESPAILLAT,MOCA,ESCUELA BRUNILDA DE LA CRUZ PARAJE RINCÓN DE LOS JIMENEZ RINCÓN DE LOS JIMENEZ,ESCUELA PRIMARIA SANTA ROSA PARAJE SANTA ROSA SANTA ROSA,0305,,
ESPAILLAT,MOCA,ESCUELA VALENTÍN MICHEL (NUEVO LOCAL) CALLE CAYETANO GERMOSÉN ESQUINA CALLE ROSARIO NUEVO PUERTO RICO,LICEO FRANCISCO ANTONIO ARIAS (ANTIGUA ESC. VALENTÍN MICHEL) AV. PUERTO RICO NO. 2 NUEVO PUERTO RICO,0306,,
ESPAILLAT,MOCA,LICEO JULIO JAIME JULIA PARAJE AGUACATE ABAJO AGUACATE ABAJO,ESCUELA PRIMARIA RURAL PARAJE BOCA FÉRREA BOCA FERREA ABAJO,0303,,
ESPAILLAT,GASPAR HERNANDEZ,ESCUELA PRIMARIA FELIPE MONTES CALLE DUARTE EL CANDOR,ESC. PRIMARIA LUIS C. DEL CASTILLO CALLE MANUEL CARABALLO EL CANDOR,0078,,
ESPAILLAT,GASPAR HERNANDEZ,ESCUELA PRIMARIA RURAL PARAJE RIO PIEDRA RIO PIEDRA,ESCUELA PRIMARIA RURAL PARAJE LOMA AL MEDIO LOMA AL MEDIO,0008,,
ESPAILLAT,GASPAR HERNANDEZ,ESCUELA PRIMARIA RURAL PARAJE TRES CEIBAS TRES CEIBAS,LICEO SECUNDARIO TRES CEIBAS PARAJE TRES CEIBAS TRES CEIBAS,0052,,
HATO MAYOR,HATO MAYOR,ESCUELA PRIMARIA RURAL PARAJE BATEY PRINGAMOSA PRINGAMOSA,ESCUELA PRIMARIA RURAL PARAJE MORQUECHO MORQUECHO,0100,,
HATO MAYOR,HATO MAYOR,ESCUELA PRIMARIA RURAL BATEY CONSTRUCCIÓN PARAJE BATEY HOYON BATEY HOYON,ESCUELA PRIMARIA RURAL PARAJE DOÑA ANA DOÑA ANA,0034,,
HATO MAYOR,SABANA DE LA MAR,ESCUELA PRIMARIA RURAL PARAJE LOMA AL 4 LOMA DEL CUATRO,ESCUELA DE LA CARRET. DE MICHES BARRIO LA PISTA LA PISTA,0022,,
HATO MAYOR,EL VALLE,ESCUELA PRIMARIA RURAL PARAJE ARENITAS ARENITAS,ESCUELA PRIMARIA BARRIO SANO C/ JHON F. KENNEDY ESQ. REVERENDO CARLOS LEÓN EL SANO,0001,,
LA ROMANA,LA ROMANA,CENTRO MUTUALISTA PROLONGACIÓN ALTAGRACIA SAVICA,ESCUELA AURA ANTONIA ALTAGRACIA MARIANO CALLE SEGUNDA CHICAGO,0051-0051A-0054-0054A-0110-0111- 0111A-0168,,
LA ROMANA,GUAYMATE,ESCUELA PRIMARIA RURAL PARAJE BATEY PELIGRO BATEY PELIGRO,ESCUELA PRIMARIA CARMEN GUERRERO PARAJE BATEY 20-A BATEY 20-A,0006-0018,,
LA VEGA,LA VEGA,BIBLIOTECA MUNICIPAL GUIDO DESPRADREL PADRE BILLINI/PADRE ADOLFO CENTRO DE LA CIUDAD,CASA CLUB DEL ABOGADO (DETRÁS DEL HUACALITO) CALLE GARCIA GODOY CENTRO DE LA CIUDAD,0369-0393,,
LA VEGA,LA VEGA,BIBLIOTECA PROGRESISTA RESTAURACIÓN FRENTE AL PARQUE CENTRO DE LA CIUDAD,LA CASA DE LA CULTURA CALLE INDEPENDENCIA CENTRO DE LA CIUDAD,0023-0025,,
LA VEGA,LA VEGA,CENTRO COMUNAL EL FARO PARAJE EL FARO EL FARO (ALFARO),ESCUELA PRIMARIA RUAL GUAREY PARAJE GUAREY GUAREY,0211,,
LA VEGA,LA VEGA,CENTRO EDUCATIVO FRAY RAMON PANE PARAJE GUACO GUACO,POLITECNICO MIGUEL ANGEL IBAÑEZ PARAJE GUACO GUACO,0400,,
LA VEGA,LA VEGA,"CENTRO EDUCATIVO RANCHO VIEJO, LA PENDA PARAJE RANCHO VIEJO, LA PENDA RANCHO VIEJO, LA PENDA",ESCUELA PRIMARIA RURAL PARAJE LA TORRE LA TORRE,0410,,
LA VEGA,LA VEGA,CLUB AMIGOS LEALES AVE. MONSEÑOR PANAL ESQ. PDTE. ESPAILLAT CONANI,CENTRO EDUCATIVO LAURA VICUÑA CALLE MONSEÑOR PITTINI ESQ. AVENIDA MONS. PANAL CONANI,0296-0340-0382,,
LA VEGA,LA VEGA,CLUB LA MATICA C/ MANUEL UBALDO GOMEZ/CONCEPCION TAVERAS. CIUDAD VILLA ROSA,ESCUELA ESPECIAL CALLE SALCEDO VILLA ROSA,0222A-0319,,
LA VEGA,LA VEGA,CLUB PARQUE HOSTOS CALLE PADRE BILLINI ESQ. NUÑEZ DE CACERES VILLA FRANCISCA,ESCUELA PROFESORA CARMEN GIL AVENIDA MULTI SAN MIGUEL SAN MIGUEL,0010-0010A-0275-0352,,
LA VEGA,LA VEGA,"ESCUELA PRIMARIA RURAL PARAJE RANCHO VIEJO RANCHO VIEJO, DM BARRANCA",LICEO PADRE FANTINO PARAJE CRUCE DE BARRANCA CRUCE DE BARRANCA,0283,,
LA VEGA,LA VEGA,ESCUELA PRIMARIA RURAL PARAJE AÑIL AÑIL,ESCUELA RANCHO LA VACA PARAJE RANCHO DE LA VACA RANCHO DE LA VACA,0154,,
LA VEGA,LA VEGA,ESCUELA PRIMARIA RURAL ANA GRACIELA MORILLA PARAJE ARENOSO ARENOSO,"LICEO ARENOSO RAMONA VALERIO PARAJE ARENOSO, C/ PRINCIPAL ARENOSO",0230-0279-0327-0374,,
LA VEGA,LA VEGA,ESCUELA PRIMARIA RURAL EL CAFÉ PARAJE EL CAFÉ EL CAFÉ,ESCUELA PRIMARIA RURAL JOA BAYACANES PARAJE JOA JOA,0152,,
LA VEGA,LA VEGA,ESCUELA PROFESORA CARMEN GIL AVENIDA MULTI SAN MIGUEL SAN MIGUEL,"CLUB SAN MIGUEL LA VEGA, CENTRO DE LA CIUDAD CENTRO DE LA CIUDAD",0406,,
LA VEGA,LA VEGA,"HOSPITAL DEL SEGURO SOCIAL CIUDAD, URB. LA PRIMAVERA LA PRIMAVERA",CLUB PRIMAVERA 2DA. “ UNIDOS PARA VENCER” PROLONGACIÓN AVENIDA ALFREDO PERALTA MICHELL LA PRIMAVERA,0239-0239A-0272-0323-0387,,
LA VEGA,LA VEGA,JUZGADO DE PAZ 2DA. CIRCUNSCRIPCIÓN MANUEL U. GOMEZ/SALCEDO VILLA ROSA,ESCUELA ESPECIAL CALLE SALCEDO VILLA ROSA,0048-0049-0277-0339-0403,,
LA VEGA,CONSTANZA,AYUNTAMIENTO MUNICIPAL MATILDE VIÑAS ESQ. SANCHEZ CENTRO DE LA CIUDAD,CENTRO EDUCATIVO PADRE FANTINO AVENIDA ANTONIO ABAUD ISAAC COLONIA ESPAÑOLA,0007-0007A,,
LA VEGA,CONSTANZA,CENTRO EDUCATIVO 14 DE JUNIO PARAJE LA GUAMITA LA GUAMITA,CENTRO EDUCATIVO TIREO ABAJO EL PUENTE TIREO ABAJO TIREO ABAJO,0071,,
LA VEGA,CONSTANZA,CENTRO EDUCATIVO CECAINI-RIO GRANDE PARAJE RIO GRANDE RIO GRANDE,CENTRO EDUCATIVO ALTICA JIMENEZ PARAJE LOS CERROS LOS CERROS,0073,,
MARIA TRINIDAD SANCHEZ,NAGUA,ESCUELA BÁSICA LA REPRESA PARAJE LA REPRESA LA REPRESA,CENTRO EDUCATIVO CAÑO BLANCO PARAJE EL CAÑO FRENITO EL CAÑO FRENITO,0140,,
MARIA TRINIDAD SANCHEZ,NAGUA,"ESCUELA PRIMARIA EL ESTERO LA CUARENTA, PARTE NORTE DE LA CIUDAD EL ESTERO",CENTRO DE EXCELENCIA MERCEDES BELLO CALLE ARMANDA BENITEZ S/N RESPALDO PROGRESO,0159,,
MARIA TRINIDAD SANCHEZ,RIO SAN JUAN,ESCUELA PRIMARIA RURAL ANTONIO POLANCO PARAJE EL MORRITO EL MORRITO,ESCUELA PRIMARIA RURAL PARAJE BOBITA AL CENTRO BOBITA AL CENTRO,0011,,
MONSEÑOR NOUEL,BONAO,AYUNTAMIENTO MUNICIPAL AVE. DR. COLUMNA. CIUDAD CENTRO DE LA CIUDAD,PALACIO DE BELLAS ARTES AVENIDA DOCTOR COLUMNA CENTRO DE LA CIUDAD,0109-0109A-0196-0226-0247,,
MONSEÑOR NOUEL,BONAO,ESCUELA BOCA DE BLANCO PARAJE BLANCO BOCA DE BLANCO,ESCUELA PEDRO BELTRE PARAJE LOS QUEMADOS LOS QUEMADOS,0105,,
MONSEÑOR NOUEL,BONAO,ESCUELA PADRE BETANCOURT PARAJE JAYACO ABAJO JAYACO ABAJO,"CENTRO COMUNAL ENTRADA DEL LLANO, CALLE PRINCIPAL PARAJE JAYACO ABAJO",0049-0050,,
MONSEÑOR NOUEL,BONAO,ESCUELA ROSARIO PEREZ PARAJE SAN ISIDRO SAN ISIDRO,CENTRO DE CAPACITACIÓN NACIONAL ARROCERA (CENACA) PARAJE SAN ISIDRO SAN ISIDRO,0078-0078A,,
MONSEÑOR NOUEL,BONAO,LICEO FRANCISCO ANTONIO BATISTA GARCIA PARAJE CARACOL CARACOLE ( CARRETERA EL OCHO ),POLITÉCNICO FRANCISCO ANTONIO BATISTA GARCIA CALLE SIMÓN BOLÍVAR PARAJE CARACOL,0167-0169-0179*-0186-0198-0214-0227,,
MONSEÑOR NOUEL,MAIMÓN,ESCUELA PRIMARIA GILBERTO ANTONIO DÍAZ SECTOR EL NUEVO YAGAL NUEVO YAGAL,"LICEO ACADÉMICO MIGUEL SALVADOR COCCO GUERRERO PADRE FANTINO, BO. BUENOS AIRES BUENOS AIRES",0038,,
MONSEÑOR NOUEL,PIEDRA BLANCA,ESCUELA JOSEFA HERRERA PARAJE LA COLONIA ABAJO LA COLONIA ABAJO,"ESCUELA ZENAIDA VICENTE DE GARCIA BARRIO NUEVO, LOS PASOS LA COLONIA",0035,,
MONSEÑOR NOUEL,PIEDRA BLANCA,IGLESIA EL BUEN SAMARITANO PARAJE LA CUMBRE LA CUMBRE,ESCUELA PROFESOR JUAN RAMON DE LA CRUZ PARAJE ARROYO VUELTA ARROYO VUELTA ARRIBA,0034,,
MONTE CRISTI,MONTECRISTI,ESCUELA PRIMARIA BATEY ISABEL PARAJE ISABEL ISABEL,CENTRO EDUCATIVO MADRE PARAJE MADRE MADRE,0050,,
MONTE PLATA,BAYAGUANA,ESCUELA PRIMARIA MANUEL DEL CABRAL PARAJE RINCÓN NARANJO RINCÓN NARANJO,CENTRO EDUCATIVO JUANA AMINTA SORIANO PARAJE SIERRA DE AGUA SIERRA DE AGUA,0007,,
MONTE PLATA,YAMASÁ,ESCUELA EDUBERTO DIROCHE PARAJE PIEDRA AZUL PIEDRA AZUL,ESCUELA FRANCISCO DEL ROSARIO SÁNCHEZ PARAJE LOS GUINEOS LOS GUINEOS,0033,,
MONTE PLATA,MONTE PLATA,ESCUELA PRIMARIA RURAL PARAJE LOS NARANJOS LOS NARANJOS,ESCUELA PRIMARIA RURAL PARAJE CRUCE DE TOÑE CRUCE DE TOÑE,0057,,
MONTE PLATA,SABANA GRANDE DE BOYÁ,ESCUELA PRIMARIA RURAL PARAJE BATEY JUAN SANCHEZ BATEY JUAN SANCHEZ,ESCUELA PRIMARIA RURAL LA PISTA PARAJE BATEY JUAN SANCHEZ BATEY JUAN SANCHEZ,0001,,
MONTE PLATA,SABANA GRANDE DE BOYA,CONSTRUCCIÓN DE SABANA LARGA DE COJOBAL PARAJE BATEY SABANA LARGA DE COJOBAL BATEY SABANA LARGA DE COJOBAL,ESCUELA PRIMARIA MANUEL DE JESUS ABREU PARAJE BATEY SANTA ROSA BATEY SANTA ROSA,0027,,
MONTE PLATA,SABANA GRANDE DE BOYA,ESCUELA PRIMARIA EDUARDO BRITO PARAJE BATEY ASERRADERO BATEY ASERRADERO,ESCUELA PRIMARIA PASTORA CASTILLO PARAJE BATEY ENRIQUILLO BATEY ENRIQUILLO,0009,,
MONTE PLATA,SABANA GRANDE DE BOYA,ESCUELA PRIMARIA JUAN JOSE PEREZ PARAJE LOS MAPOLOS LOS MAPOLOS,ESCUELA PRIMARIA ANA VALVERDE PARAJE LAS CHINAS DISTRITO MUNICIPAL MAJAGUAL,0005-0006,,
MONTE PLATA,SABANA GRANDE DE BOYA,ESCUELA PRIMARIA RURAL PARAJE BATEY GONZALO GONZALO,CLUB DE GONZALO DM GONZALO GONZALO,0017-0018-0057,,
PERAVIA,BANI,PALACIO DE JUSTICIA CALLE PROLONGACION MAXIMO GOMEZ #106 BRISAS DE GUAZUMA,CENTRO EDUCATIVO EUGENIO MARIA DE HOSTOS CALLE TERCERA S/N BRISAS DE GUAZUMA,0400,,
PUERTO PLATA,PUERTO PLATA,ESTACIÓN DEL FERROCARRIL AVENIDA PRESIDENTE CAAMAÑO NO. 5 DISTRITO CENTRAL,PALACIO DE LA POLICÍA MUNICIPAL ANTIGUA VÍA FÉRREA FRENTE A ADUANA DISTRITO CENTRAL,0009-0016-0016A-0164,,
PUERTO PLATA,LUPERÓN,ESCUELA DE EDUCACIÓN BÁSICA SIXTO CRUZ HENRIQUEZ PARAJE EL ESTRECHO EL ESTRECHO,LICEO SIXTO CRUZ HENRIQUEZ CALLE LUIS ANTONIO JAQUEZ ESQ. CALLE HERMANAS MIRABAL EL ESTRECHO,0013-0014-0073,,
PUERTO PLATA,SOSUA,CENTRO EDUCATIVO EL TABLÓN CALLE 1RA HABITACIONAL VILLA LIBERACIÓN VILLA LIBERACIÓN,CENTRO COMUNAL VILLA LIBERACIÓN VILLA LIBERACIÓN VILLA LIBERACIÓN,0043-0059,,
PUERTO PLATA,SOSUA,CENTRO EDUCATIVO LOMA BAJITA PARAJE LOMA BAJITA LOMA BAJITA,"CENTRO EDUCATIVO INTEGRAL VILLA PARAÍSO CALLE PRINCIPAL, VILLA PARAÍSO VILLA PARAÍSO",0030-0030A-0053-0065,,
PUERTO PLATA,GUANANICO,ESCUELA PRIMARIA MARIA DE JESUS LIRIANO PARAJE LOMA DE GUANANICO LOMA DE GUANANICO,ESCUELA PRIMARIA LAUREANA ESPINAL PARAJE RINCÓN CALIENTE RINCÓN CALIENTE,0008,,
PUERTO PLATA,GUANANICO,ESCUELA PRIMARIA RURAL PARAJE LA CABIRMA LA CABIRMA,ESCUELA PRIMARIA RURAL PEDRO NOLASCO ARIAS PARAJE FUNDACIÓN FUNDACIÓN,0010,,
PUERTO PLATA,GUANANICO,ESCUELA PRIMARIA RURAL PARAJE PARADERO PARADERO,ESCUELA PRIMARIA RURAL PEDRO NOLASCO ARIAS PARAJE FUNDACIÓN FUNDACIÓN,0012,,
PUERTO PLATA,VILLA ISABELA,ESCUELA DE EDUCACIÓN BÁSICA BUENAVENTURA GONZALEZ PARAJE COMEDERO COMEDERO,CENTRO EDUCATIVO JEREMÍAS GRECESQUI PARAJE GUALETICO GUALETICO,0015,,
PUERTO PLATA,VILLA ISABELA,ESCUELA PRIMARIA HERMÓGENES SANCHEZ ESTERO HONDO ESTERO HONDO,"UNIDAD MÓVIL ESCUELA PRIMARIA HERMÓGENES SANCHEZ CALLE DOMINGO CLASE, DETRÁS DEL AYUNTAMIENTO D.M. ESTERO HONDO",0007-0008-0032,,
PUERTO PLATA,VILLA ISABELA,LICEO SECUNDARIO HERMANAS MIRABAL PARALE LA LLANADA LA LLANADA,ESCUELA DE EDUCACIÓN BÁSICA LUZ VARONA AVENIDA CRISTOBAL COLON ESQUINA CALLE FELLO VARONA LA LLANADA,0013-0013A-0033,,
PUERTO PLATA,VILLA MONTELLANO,CENTRO EDUCATIVO JUAN LOCKWARD CALLE POZA DEL CASTILLO JUAN LOCKWARD,CENTRO EDUCATIVO IVELISSE CORNIEL CIRIACO CALLE TRANSPORTACIÓN LA CABALLERIZA,0153,,
HERMANAS MIRABAL,VILLA TAPIA,CENTRO EDUCATIVO LAS AROMAS PARAJE LAS AROMAS LOS AROMAS,CENTRO EDUCATIVO CARIDAD CAPELLAN PARAJE LA CEIBA LA CEIBA,0058,,
HERMANAS MIRABAL,VILLA TAPIA,ESCUELA PRIMARIA FRANCISCO GONZALEZ PARAJE EL HATO EL HATO,ESCUELA PRIMARIA JESUS MARIA JORGE PARAJE EL HOSPITAL EL HOSPITAL,0057,,
HERMANAS MIRABAL,VILLA TAPIA,ESCUELA PRIMARIA RURAL SAN JOSÉ DE CENOVI PARAJE SAN JOSÉ DE CENOVI SAN JOSÉ DE CENOVI,DEFENZA CIVIL PARAJE SANTA ANA SANTA ANA,0030-0031,,
HERMANAS MIRABAL,SALCEDO,CLUB RECREATIVO Y CULTURAL PARAJE JAYABO AFUERA JAYABO AFUERA,ESCUELA PRIMARIA RURAL PARAJE JAYABO AFUERA JAYABO AFUERA,0041-0088,,
HERMANAS MIRABAL,SALCEDO,ESCUELA PRIMARIA PARAJE JAMAO ADENTRO MANGO FRESCO ABAJO,LICEO MARIA TERESA BRITO PARAJE EL ABANICO. EL ABANICO EL ABANICO,0026,,
HERMANAS MIRABAL,TENARES,CLUB DE LAS PIRÁMIDES CIUDAD MODELO TENARES URBANIZACIÓN CIUDAD MODELO,"LICEO JULIÁN JAVIER BARRIO CRISTO REY CRISTO REY, EL ABANICO",0076,,
SAMANA,LAS TERRENAS,ESCUELA PRIMARIA MARIA ÁLVAREZ CARRETERA LAS TERRENAS-EL LIMÓN BARBACOA ABAJO,"LICEO NOCTURNO SANTO ESTEBAN RIVERA C/ SANCHEZ, #92 CENTRO DE LA CIUDAD",0027,,
SAN CRISTOBAL,SAN CRISTOBAL,CENTRO EDUCATIVO PEDRO MIR CAÑADA HONDA CAÑADA HONDA,COMEDOR ECONÓMICO DEL ESTADO DOMINICANO CALLE PABLO BARINAS NO. 221 LAVAPIES,0419,,
SAN CRISTOBAL,SAN CRISTOBAL,"ESCUELA BÁSICA LOS ALGARROBOS LOS CANTINES, CALLE LAS MERCEDES HATILLO","CENTRO EDUCATIVO SAN MIGUEL PARAJE SAN MIGUEL, CARRETERA SÁNCHEZ KM. 23 1/2 SAN MIGUEL",0445,,
SAN CRISTOBAL,SAN CRISTOBAL,"ESCUELA BÁSICA SAN RAFAEL KM 2, CARRETERA SANCHEZ LA COQUERA","ESCUELA BÁSICA PROF. MILAGROS OZUNA CALLE ERCILIA PEPÍN, FRENTE AL MERCADO CANASTICA KM. 2",0486,,
SAN CRISTOBAL,SAN CRISTOBAL,LOCAL DEL JUDO CALLE SANTOME ESQUINA ARMANDO NIVAR CENTRO DE LA CIUDAD,CANCHA CIRO PEREZ CALLE SANTOME CENTRO DE LA CIUDAD,0028-0029-0272-0273,,
SAN CRISTOBAL,SAN CRISTOBAL,OFICINA DE TRANSITO MUNICIPAL CALLE PADRE AYALA ESQ. DR. BRIOSO CENTRO DE LA CIUDAD,TERRAZA TECHADA DEL HOTEL SAN CRSITOBAL CALLE PADRE BORBON CENTRO DE LA CIUDAD,0037-0037A-0040-0040A-0041-0041A,,
SAN CRISTOBAL,VILLA ALTAGRACIA,ESCUELA PRIMARIA GREGORIO LUPERÓN PARAJE CASTAÑO CASTAÑO,ESCUELA PRIMARIA GREGORIA DOÑE DE ABAD PARAJE LOMA VERDE LOMA VERDE,0127,,
SAN CRISTOBAL,SABANA GRANDE DE PALENQUE,ESCUELA BÁSICA JUAN BARÓN PARAJE JUAN BARÓN SECCIÓN JUAN BARÓN JUAN BARÓN,ESCUELA BÁSICA PROFESOR ABEL URIBE CALLE DUARTE JUAN BARÓN,0021-0023-0024,,
SAN CRISTOBAL,BAJOS DE HAINA,ESCUELA BÁSICA LA PARED PARAJE LA PARED SECCIÓN LA PARED LA PARED,LICEO JOSE FRANCISCO PEÑA GOMEZ CARRETERA LA PARED-MANOGUAYABO LA PARED,0001-0001A-0002-0002A-0003-0050- 0050A-0075,,
SAN CRISTOBAL,BAJOS DE HAINA,CENTRO DE CAPACITACIÓN MI ESPERANZA CALLE CENTRAL PROYECTO SAN JOSÉ PIEDRA BLANCA,"ESCUELA SAN JOSÉ CALLE CENTRAL NO. 23, PROYECTO SAN JOSÉ CENTRO DE LA CIUDAD",0129,,
SAN CRISTOBAL,BAJOS DE HAINA,COLEGIO SAN AGUSTÍN CALLE SAN AGUSTÍN CENTRO DE LA CIUDAD,LA CASA DE LA CULTURA CALLE MARÍA TRINIDAD SANCHEZ NO. 42 CENTRO DE LA CIUDAD,0032-0032A-0032B-0104,,
SAN CRISTOBAL,BAJOS DE HAINA,ESCUELA BÁSICA CABON C/ SOLANO ESQ. C/ 1RA. CABON,LICEO NAPOLEÓN CASILLA CALLE PRINCIPAL ENTRADA A CABON CABON,0065-0071-0088-0110,,
SAN CRISTOBAL,BAJOS DE HAINA,ESCUELA MI ESPERANZA PARAJE LA CERCA LA CERCA,ESCUELA BÁSICA IVELISSE PRATS RAMIREZ CALLE DOÑA QUIQUILA LA CERCA,0076-0117,,
SAN CRISTOBAL,BAJOS DE HAINA,"GREMIO SOCIEDAD SOCORRO MUTUO CALLE D NO. 30, KILOMETRO 18 CARRETERA SANCHEZ TIERRA DE DIOS, HAINA","ESCUELA SIGLO XXI CARRETERA SÁNCHEZ, KM. 18,, CENTRO DE LA CIUDAD CENTRO DE LA CIUDAD",0131,,
SAN CRISTOBAL,CAMBITA GARABITOS,ESCUELA BÁSICA DE VALENTÍN PARAJE VALENTÍN VALENTÍN,ESCUELA BÁSICA LAS COLES PARAJE LAS COLES LAS COLES,0023-0024,,
SAN CRISTOBAL,CAMBITA GARABITOS,ESCUELA HERMANA MIRABAL CALLE TRINITARIA NO. 32 EL CAJON,NUEVA ESCUELA HERMANAS MIRABAL CALLE PRIMERA EL CAJON,0061-0070,,
SAN JUAN,SAN JUAN DE LA MAGUANA,CAPILLA ESPÍRITU SANTO PARAJE CENTRO DEL BATEY EL BATEY,CENTRO EDUCATIVO EL BATEY PARAJE EL BATEY EL BATEY,0278,,
SAN JUAN,SAN JUAN DE LA MAGUANA,ESCUELA SAN VICENTE Y LAS GRANADINAS PARAJE SABANETA SABANETA,CENTRO COMUNAL DE SABANETA D.M. SABANETA D.M. SABANETA,0055-0056,,
SAN JUAN,BOHECHIO,CENTRO TECNOLOGICO COMUNITARIO CALLE MILKA ANTONIA LUCIANO S/N EL TOCON,LICEO SECUNDARIO DR. HERIBERTO PIETER C/INDEPENDENCIA NO. 01 EL TOCON,0021,,
SAN PEDRO DE MACORIS,SAN PEDRO DE MACORÍS,LICEO PEDRO MIR CALLE RAMÓN MOTA JAPÓN,ESCUELA SAN ANTONIO CALLE IGNACIO ARIAS/LARANCUENT MIRAMAR,0182,,
SAN PEDRO DE MACORIS,LOS LLANOS,ESCUELA PRIMARIA RURAL PARAJE SACA TURRÓN SACA TURRÓN,ESCUELA PRIMARIA RURAL PARAJE EL PUERTO EL PUERTO,0007,,
SANCHEZ RAMIREZ,COTUI,ESCUELA PRIMARIA MANUEL DE LEÓN PARAJE PEPE PEREZ PEPE PEREZ,ESCUELA PRIMARIA RURAL PARAJE TOCOA TOCOA,0189,,
SANCHEZ RAMIREZ,COTUI,ESCUELA PRIMARIA RURAL PARAJE QUITA SUEÑO QUITA SUEÑO,CENTRO COMUNITARIO JUAN PABLO DUARTE PARAJE QUITA SUEÑO QUITA SUEÑO,0156,,
SANCHEZ RAMIREZ,COTUI,ESCUELA PRIMARIA RURAL PARAJE JOBO CLARO JOBO CLARO,"LICEO FRANCISCO CASSO PARAJE LAS TRES CEIBAS, LAS TRES CEIBAS LAS TRES CEIBAS",0155,,
SANCHEZ RAMIREZ,VILLA LA MATA,CENTRO DE ATENCIÓN PRIMARIA PARAJE TRIFURCACIÓN TRIFURCACIÓN,CENTRO EDUCATIVO PROFESOR ISABEL ABREU VELÁZQUEZ PARAJE LA PIÑITA LA PIÑITA,0172,,
SANCHEZ RAMIREZ,VILLA LA MATA,CENTRO EDUCATIVO LA PALOMA SECTOR INESPRE INESPRE,"OFICINAS BAJO TECHO CALLE DUARTE, AL LADO DEL MERCADO MUNICIPAL LA PALOMA",0168,,
SANCHEZ RAMIREZ,VILLA LA MATA,CENTRO EDUCATIVO PROF. ALTAGRACIA LEONOR PEGUERO PARAJE LA CRUZ ANGELINA LA CRUZ DE ANGELINA,LICEO PROFESORA OLINDA GRULLÓN CALLE PRIMERA LA CRUZ DE ANGELINA,0140-0159-0165,,
SANCHEZ RAMIREZ,VILLA LA MATA,CENTRO EDUCATIVO PROYECTO AGRARIO PARAJE PADRE FANTINO PADRE FANTINO,LICEO JUAN FRANCISCO ALFONSECA CALLE 1RA. PADRE FANTINO,0154-0160-0164,,
SANCHEZ RAMIREZ,VILLA LA MATA,EDIFICIO DE INESPRE BARRIO INESPRE INESPRE,CENTRO DIAGNOSTICO DE SALUD PUBLICA CALLE DUARTE INESPRE,0035-0035A-0163,,
SANCHEZ RAMIREZ,VILLA LA MATA,ESCUELA BÁSICA LA BIJA PARAJE LA BIJA LA BIJA,LICEO FELLO SANTOS CALLE PROLONGACIÓN DUARTE D.M. LA BIJA,0115-0143-0166,,
SANCHEZ RAMIREZ,VILLA LA MATA,ESCUELA LOS CASTELLANOS PARAJE LOS CASTELLANOS LOS CASTELLANOS,CENTRO EDUCATIVO PROF. ALTAGRACIA LEONOR PEGUERO PARAJE LA CRUZ ANGELINA LA CRUZ DE ANGELINA,0173,,
SANTIAGO,SANTIAGO DE LOS CABALLEROS,CASA CLUB JARDINES DEL OESTE CALLE PENETRACIÓN JARDINES DEL OESTE,"ESCUELA JUAN PABLO II (JARDINES DEL OESTE) CALLE 7, NO. 7 EL EJECUTIVO JARDINES DEL OESTE",0848,,
SANTIAGO,SANTIAGO DE LOS CABALLEROS,CASA CLUB LAS PRADERAS (JUVEPRANO) AV. HISPANOAMERICANA LAS PRADERAS DEL NORTE,INSTITUTO POLITÉCNICO PADRE SALESIANOS AV. HISPANO AMERICANA LA CRUZ DE MARI-LOPEZ,0956,,
SANTIAGO,SANTIAGO DE LOS CABALLEROS,CENTRO EDUCATIVO CARLOS MARIA DOMINGUEZ UREÑA CALLE PRINCIPAL PARADA 7,ESCUELA BARRIO DUARTE C/2 #58 EL INGENIO ARRIBA,0977,,
SANTIAGO,SANTIAGO DE LOS CABALLEROS,CLUB BARRIO DUARTE PARAJE INGENIO ARRIBA EL INGENIO ARRIBA,ESCUELA BARRIO DUARTE CALLE 2 NO. 58 EL INGENIO ARRIBA,0610-0694-0798-0909,,
SANTIAGO,SANTIAGO DE LOS CABALLEROS,CLUB LOS CIRICES LOS CIRICES LOS CIRICES,ESCUELA BÁSICA PROF. MARIA A. TORRES SIRI PARAJE LOS CIRICES MONTE ADENTRO ABAJO,0865,,
SANTIAGO,SANTIAGO DE LOS CABALLEROS,COLEGIO SANTO NIÑO DE ATOCHA CALLE PRIMERA 245 LIBERTAD,COLEGIO SAN RAFAEL CALLE 4 ENSANCHE LIBERTAD,0097-0097A-0477- 0477A-0653-0713-0820,,
SANTIAGO,SANTIAGO DE LOS CABALLEROS,COOPERATIVA NUESTRA SEÑORA DE LA ALTAGRACIA C/ 11 ESQ. 2 EL EJIDO,"ESCUELA SAN MARTIN DE PORRES CALLE 20 ESQ. HERMANAS MIRABAL, EL EJIJO MEJORAMIENTO SOCIAL",0605,,
SANTIAGO,SANTIAGO DE LOS CABALLEROS,"DE LEÓN GOMAS AVE. BARTOLOMÉ COLON, EL EJIDO JULIA",LICEO SEC. ULISES FCO. ESPAILLAT PROLONGACIÓN SABANA LARGA LOS JARDINES,0046-0047,,
SANTIAGO,SANTIAGO DE LOS CABALLEROS,ESCUELA REVERENDO DIÓGENES HERNANDEZ CALLE PERLA PRECIOSA LA CIÉNAGA,CLUB COSECHEROS LA CIÉNAGA PARAJE LA CIÉNAGA LA CIÉNAGA,0974,,
SANTIAGO,SANTIAGO DE LOS CABALLEROS,GALLERA MUNICIPAL AVENIDA ESTRELLA SADHALÁ LA GALLERA,CENTRO DEPORTIVO UNIÓN Y PROGRESO CALLE VICTOR M. LORA REPARTO CONSUELO,0036-0036A-0037-0037A-0649,,
SANTIAGO,SANTIAGO DE LOS CABALLEROS,"GARAJES DEL AYUNTAMIENTO AV. IMBERT , CUESTA COLORADA CUESTA COLORADA","CENTRO EDUCATIVO ESPECIAL EUSTACIA MARTE AVENIDA IMBERT, CUESTA COLORADA CUESTA COLORADA",0601-0827,,
SANTIAGO,SANTIAGO DE LOS CABALLEROS,INSTITUTO SUPERIOR DE FORMACIÓN DOCENTE CALLE CESAR TOLENTINO #51 LOS PEPINES,CENTRO EDUCATIVO DEL NIVEL MEDIO ONÉSIMO JIMENEZ CALLE SANTOME ESQUINA CALLE 16 DE AGOSTO LOS PEPINES,0201-0201A-0202-0203,,
SANTIAGO,TAMBORIL,"ALMACÉN DE SARO DOMINGUEZ CALLE REAL, AL LADO DEL PUENTE CENTRO DE LA CIUDAD",ESCUELA FREDESVINDA HALL CALLE TOMAS HERNANDEZ CENTRO DE LA CIUDAD,0006-0007,,
SANTIAGO,TAMBORIL,AYUNTAMIENTO MUNICIPAL CALLE TOMAS HERNANDEZ FRANCO CENTRO DE LA CIUDAD,"LICEO TAMBORIL AV. ALTAGRACIA, ESQ. PRESIDENTE VASQUEZ CENTRO DE LA CIUDAD",0001B,,
SANTIAGO,TAMBORIL,CANCHA CLUB DON PEDRO PARAJE DON PEDRO DON PEDRO,ESCUELA AGUSTINA MERCEDES DIAZ PARAJE DON PEDRO DON PEDRO,0031-0031A-0065,,
SANTIAGO,TAMBORIL,CANCHA MUNICIPAL AV. PRESIDENTE VASQUEZ CENTRO DE LA CIUDAD,"LICEO TAMBORIL AV. ALTAGRACIA, ESQ. PRESIDENTE VASQUEZ CENTRO DE LA CIUDAD",0062,,
SANTIAGO,TAMBORIL,CLUB CASINO PRIMAVERA CALLE REAL SIN NO. CENTRO DE LA CIUDAD,ESCUELA SERGIO A. HERNANDEZ C/ ALTAGRACIA #89 CENTRO DE LA CIUDAD,0005-0005A-0067,,
SANTIAGO,TAMBORIL,"ESCUELA CORTE Y CONFECCIÓN SAGRADO CORAZÓN DE JESUS CALLE REAL, CENTRO DE CIUDAD CENTRO DE LA CIUDAD","LICEO EUGENIO DE JESUS MARCANO CALLE PRINCIPAL, LOS POLANCO CENTRO DE LA CIUDAD",0038-0042-0042A,,
SANTIAGO,TAMBORIL,ESCUELA HELENA AMADIS PARAJE LICEY AL MEDIO LICEY,CLUB DON PEDRO PARAJE DON PEDRO DON PEDRO,0081,,
SANTIAGO,TAMBORIL,"PLAY NEVESA PARAJE EL ARENAZO, CALLE PRINCIPAL EL ARENAZO",COMEDOR DIVINO NIÑO PARAJE ARENAZO ARENAZO,0056,,
SANTIAGO,JANICO,ESCUELA PRIMARIA RURAL PARAJE RINCÓN LLANO RINCÓN LLANO,LICEO SECUNDARIO JUNCALITO PARAJE JUNCALITO JUNCALITO,0029,,
SANTIAGO,SAN JOSE DE LAS MATAS,ESCUELA PRIMARIA RURAL PARAJE EUGENIO PERDOMO EUGENIO PERDOMO,ESCUELA PRIMARIA RURAL PARAJE LOMA QUEMADA LOMA QUEMADA,0010,,
SANTIAGO,SAN JOSE DE LAS MATAS,ESCUELA PRIMARIA RURAL PARAJE MATA DEL DAJAO MATA DE DAJAO (EL DAJAO),ESCUELA PRIMARIA RURAL PARAJE JICOME JICOME,0026,,
SANTIAGO,SAN JOSE DE LAS MATAS,ESCUELA PRIMARIA RURAL PARAJE HIGUA HIGUA,ESCUELA PRIMARIA RURAL PARAJE YERBA BUENA YERBA BUENA ( LOS LLANOS ),0032,,
SANTIAGO,VILLA GONZALEZ,AYUNTAMIENTO DEL DISTRITO MUNICIPAL PALMAR ARRIBA PARAJE PALMAR ARRIBA PALMAR ARRIBA,CENTRO EDUCATIVO JARDÍN DE LAS MARIPOSAS DISTRITO MUNICIPAL PALMAR ARRIBA PALMAR ARRIBA,0032-0040-0046,,
SANTIAGO,VILLA GONZALEZ,ESCUELA PRIMARIA RURAL PARAJE PALMAR ARRIBA PALMAR ARRIBA,ESCUELA JOSE IGNACIO MENDOZA DISTRITO MUNICIPAL PALMAR ARRIBA PALMAR ARRIBA,0018-0018A-0019-0019A-0037-0045,,
SANTIAGO,VILLA GONZALEZ,ESCUELA PRIMARIA RURAL PARAJE LOS MATE DEL PALMAR LOS MATES DEL PALMAR,ESCUELA PRIMARIA RURAL PARAJE MACORÍS DEL LIMÓN MACORÍS DEL LIMÓN,0013,,
SANTIAGO,VILLA GONZALEZ,LICEO ERCILIA PEPÍN PARAJE EL AGUACATE EL AGUACATE,CENTRO EDUCATIVO ANA LUZ CABRERA PARAJE EL AGUACATE EL AGUACATE,0006,,
SANTIAGO,LICEY AL MEDIO,ESCUELA BÁSICA NELO MARTE PARAJE LAS PALOMAS LAS PALOMAS,NUEVA ESCUELA BÁSICA NELO MARTE ENTRADA DE CARLITO PORTE LAS PALOMAS,0022A-0022B,,
SANTIAGO,VILLA BISONÓ -NAVARRETE-,BIBLIOTECA MUNICIPAL CALLE DANIEL GORIS CENTRO DE LA CIUDAD,CENTRO TECNOLÓGICO COMUNITARIO CALLE SANTIAGO RODRIGUEZ NO.01 CENTRO DE LA CIUDAD,0041,,
SANTIAGO,VILLA BISONÓ -NAVARRETE-,ESCUELA 27 DE FEBRERO CALLE PRINCIPAL 27 DE FEBRERO,ESCUELA 27 DE FEBRERO (NUEVA) AVENIDA DUARTE ESQUINA B/27 DE FEBRERO 27 DE FEBRERO,0045,,
SANTIAGO,VILLA BISONO -NAVARRETE-,ESCUELA PATRIA MERCEDES MIRABAL PARAJE LA PAZ LA PAZ,ESCUELA GLORIA BEATO PARAJE ESTANCIA DEL YAQUE ESTANCIA DEL YAQUE,0057,,
SANTIAGO,VILLA BISONÓ -NAVARRETE-,ESCUELA PRIM. RURAL SIMÓN UREÑA PARAJE LOS CANDELONES LOS CANDELONES,ESCUELA CEFERINO ADRIANO CABRERA GENAO PARAJE LOS CANDELONES LOS CANDELONES,0025-0035,,
SANTIAGO,PUÑAL,ESCUELA BÁSICA JOSE FLORES PARAJE ARENOSO ARENOSO,ESCUELA BÁSICA SAN ANTONIO DE PADUA PARAJE LOS COCOS LOS COCOS,0705,,
SANTIAGO,PUÑAL,GALLERA LA JAVILLA PARAJE LOS CERCADILLOS LOS CERCADILLOS,ESCUELA BÁSICA LA JAVILLA PARAJE LA JAVILLA LA JAVILLA,0710,,
SANTIAGO,PUÑAL,LOCAL PRIVADO CEMENTO CIBAO PARAJE PALO AMARILLO PALO AMARILLO,ESCUELA BÁSICA DE PALO AMARILLO PARAJE PALO AMARILLO PALO AMARILLO,0375-0375A-0376-0686,,
SANTIAGO RODRIGUEZ,SAN IGNACIO DE SABANETA,CENTRO CAFI INAIPI CALLE 22 DE FEBRERO CASI ESQUINA SAN IGNACIO LOS MAESTROS,COLEGIO FRANCISCO BUENO ZAPATA AVENIDA PROCERES DE LA RESTAURACIÓN # 115. CERRO DULCE,0088,,
VALVERDE,ESPERANZA,ESCUELA BÁSICA JUAN BOSCH CALLE JOSE NUÑEZ DE CASERES S/N INGENIO ESPERANZA,LICEO MARIA PASCUAL CALLE JOSE NUÑEZ DE CACERES LA ALTAGRACIA,0050-0050A,,
VALVERDE,ESPERANZA,"ESCUELA ESTONY ROQUE CUEVAS CALLE ANTIGUA PEÑA, PARTE ATRÁS DEL BARRIO LAS FLORES VILLA FLORES",ESCUELA PRIMARIA RURAL MAIZAL PARAJE MAIZAL MAIZAL,0100,,
VALVERDE,ESPERANZA,ESCUELA MARIA LUISA ABREU CARRETERA LA AZUCARERA EL PARAISO,ESCUELA PRIMARIA BATEY DUARTE BARRIO VISTA HERMOSA VISTA HERMOSA,0098,,
VALVERDE,ESPERANZA,ESCUELA PRIMARIA HNAS. MIRABAL CALLE JOSE NUÑEZ DE CACERES LA ALTAGRACIA,LICEO MARIA PASCUAL CALLE JOSE NUÑEZ DE CACERES LA ALTAGRACIA,0083-0084,,
VALVERDE,ESPERANZA,ESCUELA PRIMARIA PEDRO HENRIQUEZ UREÑA CALLE MARIA TRINIDAD SANCHEZ #5 CENTRO DE LA CIUDAD,LICEO MATÍAS RAMON MELLA C/ GASPAR POLANCO CENTRO DE LA CIUDAD,0016-0016A,,
VALVERDE,ESPERANZA,ESCUELA PROF. TEODORA ACOSTA CALLE JUAN PABLO DUARTE LOS CAYUCOS,LICEO MARIA PASCUAL CALLE JOSE NUÑEZ DE CACERES LA ALTAGRACIA,0099,,
VALVERDE,ESPERANZA,POLITÉCNICO JOSE ARTURO PEÑA CALLE 16 DE AGOSTO VISTA HERMOSA,ESCUELA PRIMARIA BATEY DUARTE BARRIO VISTA HERMOSA VISTA HERMOSA,0101,,
VALVERDE,MAO,ESC. PRIMARIA RURAL DE HUNDIDERA CALLE PRINCIPAL S/N EL GUANAL O POTRERO,ESC. PRIMARIA RURAL PARAJE POTRERO POTRERO,0053*,,
VALVERDE,MAO,ESCUELA NOROESTANA DE CAÑADA DE PIEDRA ESCUELA PRINCIPAL CAÑADA DE PIEDRA,ESCUELA PRIMARIA PERICLES BIENVENIDO DISLA C/GRAL. VALVERDE ESQ. DUARTE. LOS CAJUILES,0107,,
VALVERDE,MAO,LICEO JOSE FRANCISCO PEÑA GOMEZ AVENIDA INDEPENDENCIA NO.13 PUEBLO NUEVO O JAIBÓN,ESCUELA PRIMARIA JHON F. KENNEDY PARAJE JAIBÓN O PUEBLO NUEVO PUEBLO NUEVO O JAIBÓN,0040-0040A-0083-0087,,
SAN JOSE DE OCOA,SAN JOSE DE OCOA,ESCUELA BÁSICA EL LIMÓN PARAJE EL LIMÓN EL LIMÓN,ESCUELA PRIMARIA RURAL PARAJE LAS CAOBAS LAS CAOBAS,0117,,
SAN JOSE DE OCOA,SAN JOSE DE OCOA,ESCUELA BÁSICA LAS CLAVELLINAS CALLE MANUEL EMILIO SÁNCHEZ ESQUINA RAMÓN REYES LAS CLAVELLINAS,COLEGIO FEDERICO FROEBEL CALLE COLON NO. 27 CENTRO DE LA CIUDAD,0116,,
SAN JOSE DE OCOA,SAN JOSE DE OCOA,ESCUELA PRIMARIA RURAL PARAJE LOS MACOS LOS MACOS,ESCUELA ARROYO SECO SECCIÓN CUMBRE NIZAO,0042-0070,,
SAN JOSE DE OCOA,SAN JOSE DE OCOA,ESCUELA PRIMARIA RURAL PARAJE EL PINAR EL PINAR,LICEO EL PINAR CALLE BENIGNO CASADO EL PINAR,0047-0048-0079,,
SAN JOSE DE OCOA,SABANA LARGA,ESCUELA BÁSICA LA FORTUNA PARAJE LA BARRA LA BARRA,CENTRO EDUCATIVO PROF. JOSÉ ALTAGRACIA CASTILLO CALLE ELEODORO ENCARNACIÓN SABANA LARGA ABAJO,0093,,
SAN JOSE DE OCOA,RANCHO ARRIBA,ESCUELA PRIMARIA RURAL PARAJE LA MARCA LA MARCA,ESCUELA PRIMARIA RURAL PARAJE ARROYO MANTECA ARROYO MANTECA,0043,,
SAN JOSE DE OCOA,RANCHO ARRIBA,ESCUELA PRIMARIA RURAL PARAJE QUITA SUEÑO QUITA SUEÑO,ESCUELA PRIMARIA RURAL PARAJE LOS QUEMADOS LOS QUEMADOS,0058,,
SANTO DOMINGO,SANTO DOMINGO ESTE,"CENTRO EDUCATIVO CRISTIANO VISIÓN, C/ FRANCISCO PEÑA GÓMEZ NO.50, BRISAS DE MENDOZA",ESCUELA PRIMARIA SAN JOSE CARRETERA SAN JOSÉ DE MENDOZA NO. 255 San Jose de Mendoza,2350,,
SANTO DOMINGO,SANTO DOMINGO ESTE,"CENTRO EDUCATIVO INVI RONDA C/ JOSE FCO. PEÑA GOMEZ NO. 4, MANZ. 4714 INVIVIENDA","ESC. PROF. LIC. LILLIAN PORTALATIN SOSA EDIF. NO.7, MANZ.4705, BARRIO INVIVIENDA INVIVIENDA",1688-1737-1772-1872-1920-2041-2223- 2292,,
SANTO DOMINGO,SANTO DOMINGO ESTE,CENTRO EDUCATIVO MANUEL LLANES CALLE PRIMERA NO. 23 BATEY EL NARANJO,ESCUELA BÁSICA MARIA DE LA CRUZ PARAJE EL CABRESTO EL CABRESTO,2308,,
SANTO DOMINGO,SANTO DOMINGO ESTE,"CENTRO EDUCATIVO PEDRO VARIARA AVENIDA RESTAURACIÓN S/N VILLA ESFUERZO, EL ALMIRANTE","ESCUELA MARlA CRISTINA DE LEÓN THEN CALLE RODEO NO.1 ESQUINA CALLE JUAN PABLO DUARTE VILLA ESFUERZO, EL ALMIRANTE",2330,,
SANTO DOMINGO,SANTO DOMINGO ESTE,CLUB DEPORTIVO Y CULTURAL OZAMA (MERLIN) C/ PDTE. VASQUEZ ESQ. JUAN GOICO ALIX OZAMA,CENTRO DE INFOTEP SANTO DOMINGO ESTE CALLE JESUS DE GALÍNDEZ NO. 57 ENSANCHE OZAMA,0971-0971A-0972- 0972A-1714-1869-2038-2183,,
SANTO DOMINGO,SANTO DOMINGO ESTE,CLUB EL ROSAL ROTONDA CENTRAL EL ROSAL,ESCUELA BÁSICA PROFESORA JACOBA CARPIO CALLE ARESO NO. 28 URBANIZACIÓN ITALIA,1565-1565A-1565B-1566- 1566A-1811-1909-2037-2096-2178-2337,,
SANTO DOMINGO,SANTO DOMINGO ESTE,COLEGIO LA PROBIDAD PROLONG. AVE. VENEZUELA NO. 2 JARDINES DEL OZAMA,"ESCUELA PRIMARIA JOSE RAFAEL DE LA ROSA HERNANDEZ CALLE SALMO NO. 20 LOS TRES BRAZOS, SAN LORENZO LOS MINAS",1689-1773-2010-2256,,
SANTO DOMINGO,SANTO DOMINGO ESTE,COLEGIO MANUEL UBALDO GOMEZ FRANCISCO ALBERTO CAAMAÑO NO.96 LOS TRES BRAZOS ( SAN LORENZO DE LOS MINA ),ESCUELA GUARDERÍA DAMAS DIPLOMÁTICAS CALLE LOPEZ DE VEGA ESQUINA SIMÓN BOLÍVAR LOS TRES BRAZOS ( SAN LORENZO DE LOS MINA ),1374-1374A-1374B-1662-1662A-1948,,
SANTO DOMINGO,SANTO DOMINGO ESTE,"COLEGIO VICTOR MANUEL C/ 10W ESQ. 5W, KM 81/2 CARRET. MELLA LUCERNA","UNIVERSIDAD ABIERTA PARA ADULTOS ( UAPA) CALLE 10W ESQ. 5W, KM 8 1/2 CARRET. MELLA LUCERNA",1687-1741-1780-1838-1879-1925-2006- 2133-2158-2203-2226-2296-2341-2360,,
SANTO DOMINGO,SANTO DOMINGO ESTE,ESCUELA BÁSICA BÉLGICA ADELA MIRABAL CALLE PRIMERA DEL ALBA Invidorex,"ESCUELA PRIMARIA LA UNIÓN CALLE EL SOL NO. 2, ANTIGUA CIUDAD SATÉLITE CIUDAD DEL ESTE",2332,,
SANTO DOMINGO,SANTO DOMINGO ESTE,"ESCUELA BÁSICA EL DESPERTAR (NUEVO LOCAL) CALLE 20 NO. 138 LAS PALMAS, ALMA ROSA",COLEGIO TIRSO DE MOLINA CARRETERA DE MENDOZA NO. 152 VILLA FARO,2326,,
SANTO DOMINGO,SANTO DOMINGO ESTE,ESCUELA GENERAL GREGORIO LUPERÓN CALLE 4TA. ESQ H RALMA,"INSTITUTO POLITÉCNICO PROF. JUAN BOSCH C/ EUGENIO RIVERA LORENZO #50 ESPERANZA, VILLA FARO",1727-1755-1789-2021-2163,,
SANTO DOMINGO,SANTO DOMINGO ESTE,ESCUELA PRIMARIA JOSE RAFAEL DE LA ROSA HERNANDEZ CALLE SALMO NO. 20 LOS TRES BRAZOS ( SAN LORENZO DE LOS MINA ),COLEGIO LA PROBIDAD PROLONG. AVE. VENEZUELA NO. 2 JARDINES DEL OZAMA,2327,,
SANTO DOMINGO,SANTO DOMINGO ESTE,"ESCUELA PRIMARIA RURAL BELICE AV. CHARLES DE GAULLE, LOS TRINITARIOS LOS TRINITARIOS",CENTRO EDUCATIVO TOMAS TAVERAS CALLE MANUEL AYBAR NO. 16 CANCINO 1,1169-1169A-1169B-1169C-1170-1170A- 1170B-1170D-1171-1171A-1171B- 1171C-1301-1301A-1301B,,
SANTO DOMINGO,SANTO DOMINGO ESTE,HOSPITAL DR. DARIO CONTRERAS AV. LAS AMÉRICAS ALMA ROSA,PARROQUIA PAZ Y BIEN CALLE SABANA LARGA ESQUINA CALLE CLUB ROTARIO ENSANCHE OZAMA,0992-0992A-1051-1051A-1052-1052A- 1055-1055A-1055B-1056-1056A-1567- 1567A,,
SANTO DOMINGO,SANTO DOMINGO ESTE,"LICEO DON PEDRO MIR CALLE PEDRO MIR NO. 2, KM 21 LAS AMÉRICAS LAS CANCELAS, LAS AMÉRICAS",ESCUELA RURAL RIVIERA DEL CARIBE CALLE 8VA. ESQUINA CALLE RIVIERA DEL CARIBE RIVIERA DEL CARIBE,2333,,
SANTO DOMINGO,SANTO DOMINGO ESTE,LICEO PROFESOR RAFAEL NIN NIN C/ 3RA NO. 3 CANCINO ADENTRO,ESCUELA PRIMARIA SANTIAGO HIRUJO SOSA PARAJE CANCINO ADENTRO CANCINO ADENTRO,2353,,
SANTO DOMINGO,SANTO DOMINGO ESTE,"MULTIUSO RESIDENCIAL DON OSCAR, C/BRASIL, AV. CHARLES DE GAULLE, DON OSCAR",GUARDERÍA INFANTIL MADRE PETRA UREÑA C/ 1RA. NO. 3 LOS PRADOS DEL CACHÓN,2352,,
SANTO DOMINGO,SANTO DOMINGO ESTE,"MULTIUSO RIVERA DEL OZAMA, C/1RA ESQ. ORLANDO MARTÍNEZ, RIVIERA DEL OZAMA","ESCUELA BÁSICA OTTO MARTINEZ C/ 1ERA, MIRADOR DEL OZAMA MIRADOR OZAMA",2351,,
SANTO DOMINGO,SANTO DOMINGO ESTE,OFICINA DE METEOROLOGÍA C. JUAN MOLINE ANT.4 NO.28 LOS MAMEYES,"CENTRO EDUCATIVO EN ARTES MARIA MARCIA COMPRES DE VARGAS AVENIDA EDUARDO BRITO NO. 17, ESQ. AV. 26 DE ENERO LOS MAMEYES",1068-1068A-1068B-1068C-1068D-1386- 1386A-1386B-1386C-1386D-1386E- 1386F-1816-2001-2142,,
SANTO DOMINGO,SANTO DOMINGO ESTE,PARQUEO SUPERMERCADO HIPER UNO CALLE 8 NO. 36 ISABELITA,CENTRO EDUCATIVO INTERNACIONAL -YMCA CALLE C/2 NO. 49 ISABELITA,1336-1336A-1336B-1577- 1577A-2130-2282,,
SANTO DOMINGO,SANTO DOMINGO ESTE,"POLITÉCNICO JUAN PABLO DUARTE Y DIEZ CALLE PEDRO LIVIO CEDEÑO S/N COLINAS DEL ORIENTE, VILLA LIBERACIÓN","ESCUELA DE EDUCACIÓN BÁSICA JAPÓN FRENTE A LA MANZ. NO. 23 VILLA LIBERACIÓN, EL TAMARINDO",2329,,
SANTO DOMINGO,SANTO DOMINGO ESTE,SALÓN MULTIUSO BELLO CAMPO C/ EL PALMAR BELLO CAMPO,"CENTRO UNIVERSITARIO DE LA UASD, SANTO DOMINGO ESTE CALLE BEATRIZ ESQ. C. LOS RÍOS BELLO CAMPO",1728-1746-1792-1940-2073-2170-2240- 2346,,
SANTO DOMINGO,SANTO DOMINGO OESTE,CENTRO DE ESTUDIO HUERTO DEL EDÉN CALLE 24 DE ABRIL NO. 10 EL ABANICO,CENTRO COMUNITARIO NELDA SPAZIANI VALPIANA CALLE 24 DE ABRIL NO. 8 EL ABANICO,1800-1886,,
SANTO DOMINGO,SANTO DOMINGO OESTE,"CLUB ACCIÓN JUVENIL QUISQUEYANO, INC. AV. ISABEL AGUIAR NO. 56 KILOMETRO 12, CARRETERA SANCHEZ","ESC. PRIM. INT. RAFAELA SANTAELLA ISABEL AGUIAR, PARAJE KM.12 KILOMETRO 12, CARRETERA SANCHEZ",1694-1711-1825-1928,,
SANTO DOMINGO,SANTO DOMINGO OESTE,"COLEGIO INFANTIL LOS QUERUBINES CALLE JACOBO #135 RESIDENCIAL ANTONIA, MANOGUAYABO",LICEO PROFESOR CELESTE AIDA DEL VILLAR PARAJE MANOGUAYABO MANOGUAYABO,1777-1910,,
SANTO DOMINGO,SANTO DOMINGO OESTE,ESCUELA BÁSICA JESUS BIENVENIDO DEL CASTILLO RODRIGUEZ EL CRISTAL BUENAS NOCHES,ESCUELA PRIMARI ERCILIA PEPIN BATEY BIENVENIDO PARAJE BATEY BIENVENIDO BATEY BIENVENIDO,1895,,
SANTO DOMINGO,SANTO DOMINGO OESTE,ESCUELA PRIMARIA ELIZARDO TAMAREZ SANTAMARIA CARRETERA HATO NUEVO NO. 165 MANOGUAYABO,ESCUELA BÁSICA CONCEPCION BONA CALLE MELANIA CORDERO NO. 2 BUENAS NOCHES,1723-1775-1909,,
SANTO DOMINGO,SANTO DOMINGO OESTE,ESCUELA PRIMARIA LOS AMIGUITOS CALLE DIEZ LOS COQUITOS,LICEO MATEO AQUINO FEBRILLET CALLE LIBERTADOR ESQUINA CALLE LAS CARRERAS HERRERA,1720-1735,,
SANTO DOMINGO,SANTO DOMINGO OESTE,PROYECTO DESARROLLO COMUNITARIO INTEGRAL CALLE ROSA DUARTE NO.1 ESQ. CARACAS EL PALMAR,COLEGIO INFANTIL RISAS DEL JARDÍN CALLE EL PALMAR ESQUINA CALLE SANTA LUCIA EL PALMAR,1727-1780,,
SANTO DOMINGO,SANTO DOMINGO OESTE,SALÓN MULTIUSO EL ABANICO CALLE 24 DE ABRIL NUMERO 11 EL ABANICO,CENTRO COMUNITARIO NELDA SPAZIANI VALPIANA INC CALLE 24 DE ABRIL NO. 8 EL ABANICO,1830-1893,,
SANTO DOMINGO,SANTO DOMINGO OESTE,"SINDICATO UNIDO DE TRAB. PORTUARIO PARAJE LA PLACETA KM. 13 LA PLACETA, KM. 13",ESCUELA PADRE MARTIN EGUSQUIZA C/ GREGORIO LUPERÓN ESQ. LIBERTAD BARRIO NUEVO KM 13 CARRET. SANCHEZ,1257-1257A-1356-1916,,
SANTO DOMINGO,SANTO DOMINGO OESTE,UNIVERSIDAD ODONTOLÓGICA DOMINICANA PROLONGACIÓN 27 DE FEBRERO NO. 792 LAS CAOBAS,POLITÉCNICO MADRE RAFAELA IBARRA AVENIDA 27 DE FEBRERO ESQ. MANZANA 24 LAS CAOBAS,1697-1768-1871,,
SANTO DOMINGO,SANTO DOMINGO NORTE,"CENTRO EDUCATIVO EMMA BALAGUER CALLE 14 ESQ. 12, BARRIO LOTE Y SERVICIO LOTES Y SERVICIOS",CENTRO EDUCATIVO PROF. MIGUEL ANGEL PEREZ SIERRA CALLE 18 ESQUINA CARRETERA LA VICTORIA SABANA PERDIDA,1359-1359A-1359B-1359C-1359D-1359E,,
SANTO DOMINGO,SANTO DOMINGO NORTE,"CENTRO EDUCATIVO PRIMAVERA CARRETERA LA VICTORIA , LOS CASTILLOS S/N PRIMAVERA","CENTRO EDUCATIVO LOS CASTILLOS PARAJE LOS CASTILLOS, CALLE PRINCIPAL S/N LOS CASTILLOS",1989,,
SANTO DOMINGO,SANTO DOMINGO NORTE,ESCUELA BÁSICA FERNANDO DE LA CRUZ C/PRINCIPAL S/N KM 26 SIERRA PRIETA,"ESCUELA BÁSICA BUENOS AIRES CARRETERA A YAMASA, KM. 26 BUENOS AIRES",1991,,
SANTO DOMINGO,SANTO DOMINGO NORTE,ESCUELA BÁSICA PROF.(A) MERCEDES RODRIGUEZ C/ PRINCIPAL NO. 7 LAS MERCEDES,"ESCUELA BÁSICA HACIENDA ESTRELLA PARAJE HACIENDA ESTRELLA, C/ JOSÉ FRANCISCO SÁNCHEZ NO. 101 HACIENDA ESTRELLA",1988,,
SANTO DOMINGO,BOCA CHICA,CENTRO CULTURAL BOCA CHICA CALLE SANCHEZ NO. 4 ANDRES,CLUB RENACIMIENTO (CANCHA CENTRO) CALLE N S/N ANDRES BOCA CHICA,1207-1207A-1207B-1207C,,
SANTO DOMINGO,BOCA CHICA,"SINDICATO ARRIMO SALOME UREÑA PJE ANDRES,BOCA CHICA ANDRES",CENTRO DE DESARROLLO INFANTIL (CDI) CALLE SAN ANDRES FRENTE AL MUELLE ANDRES BOCA CHICA,1202-1202A-1202B,,
SANTO DOMINGO,PEDRO BRAND,ESCUELA ABIGAIL MEJIA PARAJE LA CUABA LA CUABA,LICEO JOSE MANUEL BARET TAVERAS D.M. LA CUABA D.M. LA CUABA,1753-1765-1783,,
SANTO DOMINGO,PEDRO BRAND,ESCUELA BÁSICA PROF. ALBA LUZ CASILLA DIAZ PARAJE LA GUAYIGA KM. 22 LA GUAYIGA KM. 22,ESCUELA SAN JOSE OBRERO D.M. LA GUAYIGA D.M. LA GUAYIGA,1757-1766-1775,,
SANTO DOMINGO,PEDRO BRAND,"ESCUELA FLERIDA DE NOLASCO LOS GARCIA, KM. 22 LOS GARCIAS",ESCUELA MARINO MORENO GONZALEZ PARAJE PEDREGAL EL PEDREGAL,1789,,
SANTO DOMINGO,PEDRO BRAND,"ESCUELA FRANCISCO DEL ROSARIO SANCHEZ CALLE ARROYO LEBRÓN NO. 16 EL BRISAL, LA GUAYIGA",ESCUELA SAN JOSE OBRERO D.M. LA GUAYIGA D.M. LA GUAYIGA,1773-1785,,
SANTO DOMINGO,PEDRO BRAND,ESCUELA MARINO MORENO GONZALEZ PARAJE PEDREGAL EL PEDREGAL,LICEO MARINO MORENO GONZALEZ PARAJE EL PREDREGAL EL PREDREGAL,1071-1738,,
SANTO DOMINGO,PEDRO BRAND,ESCUELA VINICIO VALENZUELA PEREZ EDUARDO BRITO EDUARDO BRITO,"ESCUELA INICIAL Y BÁSICA EDUARDO BRITO CARRETERA DUARTE VIEJA, KM. 24 EDUARDO BRITO, LOS COCOS",1779,,
SANTO DOMINGO,PEDRO BRAND,LICEO GREGORIO LUPERÓN CALLE SALOME UREÑA NO. 27 KM. 25 LOS COCOS,"ESCUELA BÁSICA MARIA DE MONTESSORI CARRETERA DUARTE VIEJA EDUARDO BRITO, LOS COCOS",1763-1772-1781,,
SANTO DOMINGO,PEDRO BRAND,"LICEO PEDRO HENRIQUEZ UREÑA PARAJE LA GUAYIGA KM. 22, LA GUAYIGA, KM. 22 LA GUAYIGA KM. 22",ESCUELA SAN JOSE OBRERO D.M. LA GUAYIGA D.M. LA GUAYIGA,1746-1770-1786,,
SANTO DOMINGO,LOS ALCARRIZOS,CENTRO EDUCATIVO ABRAHAM CALLE 1RA. #2 SAN RAFAEL,COLEGIO PARROQUIAL SAN ANTONIO DE PADUA. CALLE SAN ANTONIO #73 LOS ALCARRIZOS VIEJO,1954,,
SANTO DOMINGO,LOS ALCARRIZOS,CENTRO EDUCATIVO DOMICIANO MATOS SENA CALLE LEVIS DANIELA ESQUINA NAPOLEÓN BONA LA PAZ,INSTITUTO POLITÉCNICO MAX HENRIQUEZ UREÑA CARRETERA HATO NUEVO #34 LA UNIÓN,1973,,
SANTO DOMINGO,LOS ALCARRIZOS,CENTRO EDUCATIVO SAN JOSE FE Y ALEGRÍA (LADO OESTE) CALLE DE LA CULTURA NUMERO 2 ESQUINA CARRETERA A LA ISABELA PANTOJA,ESCUELA BÁSICA GABRIELA MISTRAL RESIDENCIAL DON MIGUEL DON MIGUEL,1615F-1615G-1615H-1615I,,
SANTO DOMINGO,LOS ALCARRIZOS,DISPENSARIO MEDICO ZONA FRANCA PARQUE INDUSTRIAL ZONA FRANCA LOS AMERICANOS,LICEO MARINA M. RIVAS FERRERAS CALLE ARCADIO ROJAS #15 LA UNIÓN,1706-1735,,
SANTO DOMINGO,LOS ALCARRIZOS,"ESCUELA BÁSICA GABRIELA MISTRAL RESIDENCIAL DON MIGUEL DON MIGUEL, PANTOJAS",CENTRO EDUCATIVO SAN JOSE FE Y ALEGRÍA (LADO OESTE) CALLE DE LA CULTURA NO. 2 ESQUINA CARRETERA A LA ISABELA PANTOJA,1972,,
SANTO DOMINGO,LOS ALCARRIZOS,ESCUELA PRIMARIA EMMANUEL ESPINAL CALLE SAN MARCOS EL PARAISO,ESCUELA PRIMARIA MI BANDERA CALLE SAGRARIO DIEZ NO. 30 LA FE,1941,,
DISTRITO NACIONAL,DISTRITO NACIONAL,INSTITUTO POSTAL DOMINICANO ESTAFETA POSTAL PADRE CASTELLANOS NUM.371 LUPERON,ESTADIO JUAN PABLO DUARTE AV. DUARTE ESQ. PADRE CASTELLANO VILLA CONSUELO,0698,,
DISTRITO NACIONAL,DISTRITO NACIONAL,"ESCUELA MALAQUIAS GIL CALLE CORONEL FERNANDEZ DOMINGUEZ, NO. 9 CLARET KM 6 1/2","UNIVERSIDAD NACIONAL PEDRO HENRIQUEZ UREÑA (UNPHU) AV. JOHN F. KENNEDY, KM. 7 1/2 JARDINES DE GALA",1929,,
DISTRITO NACIONAL,DISTRITO NACIONAL,"ESCUELA BASICA JULIAN AMPARO C/ FLORENCIA, # 179 FUNDACION",ESCUELA DOÑA SOCORRO C/ 10 N0. 1 LOS GIRASOLES,1967,,
DISTRITO NACIONAL,DISTRITO NACIONAL,"COLEGIO NUESTRA SEÑORA DE LOURDES C/ PRIMERA,# 56 LOS PERALEJOS",CENTRO PEDAGOGICO ESTRELLA DE VIDA C/ 1RA. #26 LOS PERALEJOS,1969,,
DISTRITO NACIONAL,DISTRITO NACIONAL,ESCUELA ACACDISNA 24 DE ABRIL C/6 NO.52 24 DE ABRIL,"ESCUELA BASICA 24 DE ABRIL CALLE 6 #59,, BARRIO 24 DE ABRIL 24 DE ABRIL",1970,,
LA ALTAGRACIA,HIGÜEY,ESCUELA BÁSICA PROFESOR CÁNDIDO ELIGIO GUERRERO BARRIO SAN PEDRO HIGÜEY,CENTRO EDUCATIVO SAN PEDRO CALLE PRINCIPAL NO. 1 SAN PEDRO,0309,,
AZUA,AZUA,ESCUELA BÁSICA CELIDA LUISA PÉREZ DE CRESPO C/ PROYECTO QUISQUEYA,LICEO CENTRO EDUCATIVO FRANCISCO DEL ROSARIO SANCHEZ CALLE PRINCIPAL NO. 08 QUISQUEYA,0163-0195,,
DUARTE,SAN FRANCISCO DE MACORÍS,LICEO MAX HENRÍQUEZ UREÑA DISTRITO MUNICIPAL DE CENOVI CENOVI,ESCUELA CAMILA HENRÍQUEZ PARAJE BOMBA CENOVI BOMBA DE CENOVI,0293,,
DUARTE,SAN FRANCISCO DE MACORÍS,ESCUELA BÁSICA DE VISTA DEL VALLE ALTO MANHATTAN ALTO MANHATTAN,ESCUELA BÁSICA GREGORIO LUPERÓN CIUDAD GREGORIO LUPERÓN,0295,,
ELÍAS PIÑA,JUAN SANTIAGO,LA PLAZA CALLE DUARTE NO. 50 CENTRO DE LA CIUDAD,ESCUELA PRIMARIA MARIA TRINIDAD SANCHEZ CIUDAD CENTRO DE LA CIUDAD,0013-0013A,,
ESPAILLAT,MOCA,LICEO LUIS RAMON BENCOSME CARRETERA PRINCIPAL DEL DISTRITO LAS LAGUNAS LAS LAGUNAS ABAJO (D.M. LAS LAGUNAS),ESCUELA PRIMARIA MARIA MERCEDES RODRIGUEZ VERAS PARAJE LAS LAGUNAS ABAJO LAS LAGUNAS ABAJO,0310,,
HATO MAYOR,HATO MAYOR,ESCUELA PRIMARIA RURAL PARAJE MUÑAGORRA MUÑAGORRA,ESCUELA PRIMARIA PARAJE SAN NICOLAS SAN NICOLAS,0020,,
LA VEGA,LA VEGA,"CENTRO EDUCATIVO GUMERCINDA PAULINO, EL BADEN D.M. RANCHITO D.M. EL RANCHITO",ESCUELA PROFESOR ERNESTO CONCEPCIÓN LUCIANO PARAJE EL RANCHITO EL RANCHITO,0411,,
MONTECRISTI,MONTECRISTI,SALÓN PARROQUIAL CALLE PDTE. VASQUEZ SANTA BARBARA,LA CASA DE PROMOCIÓN CALLE FRANCISCO RODRIGUEZ J. MEJORAMIENTO SOCIAL,0008-0041,,
MONTECRISTI,MONTECRISTI,OFICINA DEL PROYECTO LA CRUZ DE MANZANILLO PARAJE LA CRUZ LA CRUZ,OFICINA No. 1 PROYECTO LA CRUZ DE MANZANILLO BATEY LA CRUZ LA CRUZ,0021-0022,,
MONTE PLATA,YAMASA,LICEO PATRICIO RAMIREZ FRIAS PARAJE EL MULO EL MULO,ESCUELA CRISTINA HELENA CRUZ PARAJE EL MULO EL MULO,0087-0097--0103-0112,,
PUERTO PLATA,SOSUA,"COLEGIO EVANGÉLICO LUZ , AMOR Y VIDA PARAJE SOSUA ABAJO, SOSUA ABAJO SOSUA ABAJO",CENTRO EDUCATIVO JULIO ALZENO PARAJE SOSUA ABAJO SOSUA ABAJO,0029-0029A-0029B-0057,,
PUERTO PLATA,SOSUA,COLEGIO MIS PRIMEROS PASOS CALLE 3RA. NO. 2 LOS CASTILLOS,LA CASA DEL BUEY CALLE 3RA S/N. FRENTE AL COLEGIO LOS CASTILLO,0050-0058-0070,,
SAMANA,SANCHEZ,CUERPO DE BOMBEROS CALLE SAMANA NO.1 CENTRO DE LA CIUDAD,ESCUELA PRIMARIA PABLO PUMAROL C/ TRINA DE MOYA CENTRO DE LA CIUDAD,0008,,
SAN CRISTÓBAL,BAJOS DE HAINA,BIBLIOTECA MUNICIPAL BAJOS DE HAINA AVENIDA RIO HAINA NO. 56 CENTRO DE LA CIUDAD,COLEGIO CESAR NICOLAS PENSON AVENIDA RIO HAINA CENTRO DE LA CIUDAD,0133,,
SANTIAGO,SANTIAGO DE LOS CABALLEROS,ESCUELA EDUCACIÓN ESPECIAL AV. ESTRELLA SADHALA VILLA OLÍMPICA,UNIVERSIDAD TECNOLÓGICA DE SANTIAGO - UTESA- AV. ESTRELLA SADHALA ESQUINA AV. CIRCUNVALACIÓN LOS JAZMINES,00510-0510A-0510B-0510C-0661,,
SANTIAGO,SANTIAGO DE LOS CABALLEROS,CLUB ARIEL ACOSTA BELLA VISTA (PIÑA DE ORO) BELLA VISTA,FEDERACIÓN REGIONAL DE COOPERATIVAS DEL CIBAO CENTRAL AVENIDA EMILIO PRUD HOMME BELLA VISTA,0593-0640-0728,,
SANTIAGO,SANTIAGO DE LOS CABALLEROS,CLUB FELIX MARTE C/ ALSEMO COPELLO ESQ. CIRCUNVALACIÓN LA JOYA,ESCUELA YAQUE ORIENTACIÓN PARA LA JOVEN CALLE B ESQ. MIRADOR DEL YAQUE LA JOYA,0613-,,
SANTIAGO,SANTIAGO DE LOS CABALLEROS,INSTITUTO GERMOCEN CALLE 15 NO. 2 MONTE RICO,ESCUELA AGUSTINA PICHARDO CALLE 1 MONTE RICO,0617-0776-0697-0806,,
SANTIAGO,SANTIAGO DE LOS CABALLEROS,LICEO SALOME UREÑA C/ JUAN PABLO DUARTE ESQ. PROYECTO LINDO MARI-LÓPEZ,CENTRO EDUCATIVO SALOME UREÑA CARRETERA CANABACOA BARRIO OBRERO,0953,,
SANTIAGO,SANTIAGO DE LOS CABALLEROS,CLUB SAN JOSE PARAJE PALO ALTO PALO ALTO,CENTRO EDUCATIVO TEODORO PARRA PARAJE PALO ALTO PALO ALTO,0240-0241,,
SANTIAGO,SANTIAGO DE LOS CABALLEROS,SADOSA SANTIAGO AVENIDA CIRCUNVALACIÓN LAS ANTILLAS,ESCUELA AGUSTINA PICHARDO CALLE 1 MONTE RICO,0976-,,
SANTIAGO,VILLA GONZALEZ,ESCUELA PRIMARIA JUAN PABLO DUARTE PARAJE EL LIMÓN EL LIMÓN,LICEO ERCILIA PEPIN PARAJE EL AGUACATE EL AGUACATE,0007-0008,,
SANTO DOMINGO,SANTO DOMINGO NORTE,COLEGIO ANACAONA CALLE PRINCIPAL # 1 LOS CERROS DE SABANA PERDIDA,"ESCUELA BÁSICA MINERVA MIRABAL CALLE ENSUEÑO ESQUINA PARAISO, LOS CERROS DE SABANA PERDIDA LOS CERROS DE SABANA PERDIDA",1885,,
SANTO DOMINGO,SANTO DOMINGO NORTE,INSTITUTO POSTAL DOMINICANO (INPOSDOM) CARRETERA SABANA-LA VICTORIA #61 SABANA PERDIDA,CENTRO EDUCATIVO MIGUEL ANGEL PÉREZ SIERRA CALLE 18 ESQUINA CARRETERA LA VICTORIA SABANA PERDIDA,1890-1915-1970,,
SANTO DOMINGO,SANTO DOMINGO NORTE,"ESCUELA COMUNITARIA MAURICIO BAEZ C/ 6 NO. 49, LOS FEOS GUARICANO","ESCUELA BÁSICA MATILDE BERROA CALLE SALOME UREÑA S/N LAS CARPAS II, GUARICANO",1987,,
SANTO DOMINGO,LOS ALCARRIZOS,COLEGIO EVANGÉLICO MARCELINA DAWSON CALLE PRIMERA NO. 58 LOS ALCARRIZOS,ESCUELA LOCAL DE CONANI CALLE DUARTE NO. 386 FRENTE AL INSTITUTO POSTAL CANTA LA RANA,1962,,
